experiment,vmd_mean,vmd_sd,vmd_median,fpf_mean,fpf_sd,fpf_median,rf_mean,rf_sd,rf_median,efpf_mean,efpf_sd,efpf_median,vmd_A_median,vmd_B_median,vmd_C_median,vmd_D_median,vmd_F_median,fpf_A_median,fpf_B_median,fpf_C_median,fpf_D_median,fpf_F_median,rf_A_median,rf_B_median,rf_C_median,rf_D_median,rf_F_median,efpf_A_median,efpf_B_median,efpf_C_median,efpf_D_median,efpf_F_median
Ethanol10pcTrial1,223.00197383285715,225.6637612845037,46.41598129,0.06618141705436158,0.006824021516558558,0.068347109667943,0.11828916135643443,0.025809463256571085,0.111988431923133,0.040918908662028713,0.003683822884033102,0.041447443403308,NA,46.41598129,255.287885665,NA,NA,NA,0.06866813644767,0.064202106539149,NA,NA,NA,0.125865520834924,0.107961283270269,NA,NA,NA,0.04450759619475,0.040016580130906004,NA,NA
