experiment,vmd_mean,vmd_sd,vmd_median,fpf_mean,fpf_sd,fpf_median,rf_mean,rf_sd,rf_median,efpf_mean,efpf_sd,efpf_median,vmd_A_median,vmd_B_median,vmd_C_median,vmd_D_median,vmd_F_median,fpf_A_median,fpf_B_median,fpf_C_median,fpf_D_median,fpf_F_median,rf_A_median,rf_B_median,rf_C_median,rf_D_median,rf_F_median,efpf_A_median,efpf_B_median,efpf_C_median,efpf_D_median,efpf_F_median
Ethanol10pcTrial3,476.72689819285716,50.19735879356111,464.15979004,0.044367717940885995,0.009238563719034885,0.042902131676669,0.06202371159833028,0.0140441404480024,0.061841397788377994,0.030851360740403143,0.005670026104138939,0.02931810578331,398.10794067,464.15979004,541.17059326,NA,NA,0.055394620038569,0.042902131676669,0.03956038838251,NA,NA,0.08360486898565901,0.061841397788377994,0.048919264134,NA,NA,0.036586155928669,0.028661040216679,0.02931810578331,NA,NA
