experiment,vmd_mean,vmd_sd,vmd_median,fpf_mean,fpf_sd,fpf_median,rf_mean,rf_sd,rf_median,efpf_mean,efpf_sd,efpf_median,vmd_A_median,vmd_B_median,vmd_C_median,vmd_D_median,vmd_F_median,fpf_A_median,fpf_B_median,fpf_C_median,fpf_D_median,fpf_F_median,rf_A_median,rf_B_median,rf_C_median,rf_D_median,rf_F_median,efpf_A_median,efpf_B_median,efpf_C_median,efpf_D_median,efpf_F_median
WaterTrial3,453.93539699922223,106.53400074761923,464.15979004,0.058099402963482025,0.009617227441964527,0.05668940978358745,0.10758082511792447,0.02521624896666055,0.10530820540157898,0.04296320899574422,0.006876305411052319,0.042052652435390005,464.15979004,464.15979004,464.15979004,541.17059326,464.15979004,0.06752913723700199,0.059844526685792,0.056804156955339,0.055829637274145,0.051012475714105,0.12324789862150201,0.11097158759834899,0.10756280176350799,0.085401107631642,0.092857043966645,0.049127272693442,0.04569316484035,0.041438703797750005,0.041283963695164995,0.037297232542182
