experiment,vmd_mean,vmd_sd,vmd_median,fpf_mean,fpf_sd,fpf_median,rf_mean,rf_sd,rf_median,efpf_mean,efpf_sd,efpf_median,vmd_A_median,vmd_B_median,vmd_C_median,vmd_D_median,vmd_F_median,fpf_A_median,fpf_B_median,fpf_C_median,fpf_D_median,fpf_F_median,rf_A_median,rf_B_median,rf_C_median,rf_D_median,rf_F_median,efpf_A_median,efpf_B_median,efpf_C_median,efpf_D_median,efpf_F_median
Ethanol5pcTrial1,75.52552041,151.97802350922248,21.54438972,0.07426898679601875,0.033429366398040825,0.06753413318241981,0.21358390102074726,0.06973377843769556,0.209812447093506,0.046237797750184606,0.02759657469153804,0.04381909483146041,25.11891365,18.4785347,21.54438972,21.54438972,29.28650284,0.081855346672221,0.0714503947971161,0.06279006655017588,0.06457628969572074,0.049334592409436995,0.2000748465210673,0.215021894425046,0.20446282236750013,0.20207121768601566,0.16666021630538366,0.0538287334423603,0.046901720586804564,0.03971431091568836,0.043837117441006004,5.78084364533e-4
