experiment,vmd_mean,vmd_sd,vmd_median,fpf_mean,fpf_sd,fpf_median,rf_mean,rf_sd,rf_median,efpf_mean,efpf_sd,efpf_median,vmd_A_median,vmd_B_median,vmd_C_median,vmd_D_median,vmd_F_median,fpf_A_median,fpf_B_median,fpf_C_median,fpf_D_median,fpf_F_median,rf_A_median,rf_B_median,rf_C_median,rf_D_median,rf_F_median,efpf_A_median,efpf_B_median,efpf_C_median,efpf_D_median,efpf_F_median
Ethanol5pcTrial2,68.44198029430233,137.21088527582395,18.4785347,0.0878736355172241,0.02712800365143661,0.07944221699099925,0.23848638550131063,0.07410270412145102,0.2190418006737213,0.054396644759468885,0.020405711795433223,0.05211491270864915,15.84896278,21.54438972,21.54438972,11.65916729,21.54438972,0.08740667162457401,0.0770430878363802,0.0761265891825165,0.13463440195809276,0.073215271308999,0.25723474206502395,0.21539182427350675,0.20606634462138546,0.3732188393283928,0.2579301382694352,0.06107059236615,0.049395903483961404,0.04769459646034424,0.07078336910497177,0.0418427851051
