experiment,vmd_mean,vmd_sd,vmd_median,fpf_mean,fpf_sd,fpf_median,rf_mean,rf_sd,rf_median,efpf_mean,efpf_sd,efpf_median,vmd_A_median,vmd_B_median,vmd_C_median,vmd_D_median,vmd_F_median,fpf_A_median,fpf_B_median,fpf_C_median,fpf_D_median,fpf_F_median,rf_A_median,rf_B_median,rf_C_median,rf_D_median,rf_F_median,efpf_A_median,efpf_B_median,efpf_C_median,efpf_D_median,efpf_F_median
Ethanol5pcTrial3,118.23785382226191,194.4475366752672,25.11891365,0.08675968427418908,0.053333566302414225,0.09167824353088949,0.19509913539919077,0.1241967011586491,0.1816024971194565,0.05634307206841064,0.044296974955595786,0.061828653439884,177.52457857500002,34.1455574,21.54438972,34.1455574,25.11891365,0.0953309247383006,0.091836840864228,0.09942903053011999,0.093680094294275,0.07935738489038,0.22485273872700062,0.201700730621884,0.24819826371454184,0.149203351177204,0.16316889960314998,0.06709065695488761,0.061998468190444,0.06969069376588,0.063291806988445,0.051364903114735
