experiment,vmd_mean,vmd_sd,vmd_median,fpf_mean,fpf_sd,fpf_median,rf_mean,rf_sd,rf_median,efpf_mean,efpf_sd,efpf_median,vmd_A_median,vmd_B_median,vmd_C_median,vmd_D_median,vmd_F_median,fpf_A_median,fpf_B_median,fpf_C_median,fpf_D_median,fpf_F_median,rf_A_median,rf_B_median,rf_C_median,rf_D_median,rf_F_median,efpf_A_median,efpf_B_median,efpf_C_median,efpf_D_median,efpf_F_median
Ethanol10pcTrial3,239.32226535941177,229.9055672452268,116.59166718,0.07765872354219075,0.18088315646030267,0.031225683987143,0.12401124156962917,0.19455831591269857,0.068823354300111,0.0336013024834126,0.10588751898770123,0,398.10794067,464.15979004,541.17059326,46.41598129,100.00019836,0.055394620038569,0.042902131676669,0.03956038838251,0.060086735561486,0.02198611468072,0.08360486898565901,0.061841397788377994,0.048919264134,0.10058356489985901,0.06403808601189,0.036586155928669,0.028661040216679,0.02931810578331,0.038010689839714,0
