experiment,vmd_mean,vmd_sd,vmd_median,fpf_mean,fpf_sd,fpf_median,rf_mean,rf_sd,rf_median,efpf_mean,efpf_sd,efpf_median,vmd_A_median,vmd_B_median,vmd_C_median,vmd_D_median,vmd_F_median,fpf_A_median,fpf_B_median,fpf_C_median,fpf_D_median,fpf_F_median,rf_A_median,rf_B_median,rf_C_median,rf_D_median,rf_F_median,efpf_A_median,efpf_B_median,efpf_C_median,efpf_D_median,efpf_F_median
Ethanol10pcTrial2,127.22133935939024,205.23288013461956,25.11891365,0.08951926684003587,0.07425034177658785,0.076945105470945,0.21282113040028527,0.12305667686949272,0.2034831370181987,0.04051639931268956,0.0545613541526988,0.02949910845549,NA,NA,18.4785347,21.54438972,25.11891365,NA,NA,0.09268727333381181,0.061107976958165,0.080173362955682,NA,NA,0.2214060667259118,0.17229829465046154,0.2034831370181987,NA,NA,0.06143836852264081,0.029374215714625,0.0293414985848425
