experiment,vmd_mean,vmd_sd,vmd_median,fpf_mean,fpf_sd,fpf_median,rf_mean,rf_sd,rf_median,efpf_mean,efpf_sd,efpf_median,vmd_A_median,vmd_B_median,vmd_C_median,vmd_D_median,vmd_F_median,fpf_A_median,fpf_B_median,fpf_C_median,fpf_D_median,fpf_F_median,rf_A_median,rf_B_median,rf_C_median,rf_D_median,rf_F_median,efpf_A_median,efpf_B_median,efpf_C_median,efpf_D_median,efpf_F_median
WaterTrial3,448.24973614445315,118.30847731569072,464.15979004,0.056039217166426,0.011757683621995448,0.055604803450423,0.10509592954261475,0.029453166955282557,0.1026467454899335,0.040971319237748945,0.009151523322986924,0.040649573337296505,464.15979004,464.15979004,464.15979004,541.17059326,464.15979004,0.06752913723700199,0.056150325429618494,0.056193815693266,0.051105022653958,0.049747863644741,0.12324789862150201,0.1100900001451315,0.10518481172627,0.09184910697862801,0.0872458111867,0.049127272693442,0.0424656421691365,0.039929006174207,0.037583546154191995,0.036190102640539
