experiment,vmd_mean,vmd_sd,vmd_median,fpf_mean,fpf_sd,fpf_median,rf_mean,rf_sd,rf_median,efpf_mean,efpf_sd,efpf_median,vmd_A_median,vmd_B_median,vmd_C_median,vmd_D_median,vmd_F_median,fpf_A_median,fpf_B_median,fpf_C_median,fpf_D_median,fpf_F_median,rf_A_median,rf_B_median,rf_C_median,rf_D_median,rf_F_median,efpf_A_median,efpf_B_median,efpf_C_median,efpf_D_median,efpf_F_median
Ethanol5pcTrial3,123.35787777125,181.92138392027871,25.11891365,0.09508238186976951,0.027508731732510606,0.093085698513306,0.22087459510109825,0.08936116006512,0.21162588299021595,0.06253668269563513,0.016438649019742443,0.062597180558375,177.52457857500002,34.1455574,21.54438972,NA,NA,0.0953309247383006,0.091836840864228,0.099080056697163,NA,NA,0.22485273872700062,0.201700730621884,0.24819826371454184,NA,NA,0.06709065695488761,0.061998468190444,0.056256721727546,NA,NA
