experiment,vmd_mean,vmd_sd,vmd_median,fpf_mean,fpf_sd,fpf_median,rf_mean,rf_sd,rf_median,efpf_mean,efpf_sd,efpf_median,vmd_A_median,vmd_B_median,vmd_C_median,vmd_D_median,vmd_F_median,fpf_A_median,fpf_B_median,fpf_C_median,fpf_D_median,fpf_F_median,rf_A_median,rf_B_median,rf_C_median,rf_D_median,rf_F_median,efpf_A_median,efpf_B_median,efpf_C_median,efpf_D_median,efpf_F_median
Ethanol5pcTrial2,58.02004808542857,115.96252859626576,20.01146221,0.08552015200317746,0.0218118367813295,0.0781440551733458,0.22678619978743603,0.04961385492985729,0.21410346680791786,0.05521235077565636,0.014347422209619471,0.050966310051737795,15.84896278,21.54438972,21.54438972,NA,NA,0.08740667162457401,0.0770430878363802,0.0761265891825165,NA,NA,0.25723474206502395,0.21539182427350675,0.20606634462138546,NA,NA,0.06107059236615,0.049395903483961404,0.04769459646034424,NA,NA
