experiment,vmd_mean,vmd_sd,vmd_median,fpf_mean,fpf_sd,fpf_median,rf_mean,rf_sd,rf_median,efpf_mean,efpf_sd,efpf_median,vmd_A_median,vmd_B_median,vmd_C_median,vmd_D_median,vmd_F_median,fpf_A_median,fpf_B_median,fpf_C_median,fpf_D_median,fpf_F_median,rf_A_median,rf_B_median,rf_C_median,rf_D_median,rf_F_median,efpf_A_median,efpf_B_median,efpf_C_median,efpf_D_median,efpf_F_median
Exp24-1001,370.3565948316522,180.90419594030894,398.10794067,0.07244101713197124,0.023195709851982847,0.074578724764288,0.1331889664898156,0.05267213382817317,0.133896362334463,0.05350440228228499,0.0167565929134388,0.055533781237902,541.17059326,398.10794067,NA,NA,NA,0.039853421673175,0.0750606719590865,NA,NA,NA,0.054388052597634996,0.1339068141393315,NA,NA,NA,0.034168025627735,0.055610686242576,NA,NA,NA
