experiment,vmd_mean,vmd_sd,vmd_median,fpf_mean,fpf_sd,fpf_median,rf_mean,rf_sd,rf_median,efpf_mean,efpf_sd,efpf_median,vmd_A_median,vmd_B_median,vmd_C_median,vmd_D_median,vmd_F_median,fpf_A_median,fpf_B_median,fpf_C_median,fpf_D_median,fpf_F_median,rf_A_median,rf_B_median,rf_C_median,rf_D_median,rf_F_median,efpf_A_median,efpf_B_median,efpf_C_median,efpf_D_median,efpf_F_median
Exp39-1110,30.53990549736842,24.811900492346457,25.11891365,0.008540519590729163,0.0248057401757962,0,0.06904176205926146,0.08364501445083504,0.040002614259709995,1.2578157815149442e-4,5.444928624244688e-4,0,NA,25.11891365,29.28650284,23.331651685,25.11891365,NA,0,0,3.57266739011e-4,0,NA,0.0465151414275,0.011715431511399999,0.07216055013241099,2.6376009188026434e-5,NA,0,0,0,0
