experiment,vmd_mean,vmd_sd,vmd_median,fpf_mean,fpf_sd,fpf_median,rf_mean,rf_sd,rf_median,efpf_mean,efpf_sd,efpf_median,vmd_A_median,vmd_B_median,vmd_C_median,vmd_D_median,vmd_F_median,fpf_A_median,fpf_B_median,fpf_C_median,fpf_D_median,fpf_F_median,rf_A_median,rf_B_median,rf_C_median,rf_D_median,rf_F_median,efpf_A_median,efpf_B_median,efpf_C_median,efpf_D_median,efpf_F_median
Exp29-1046,132.6057304355224,184.08318023442249,25.11891365,0.069252284145061,0.01457388016673032,0.06853302439718958,0.19330203482719047,0.03953114460692965,0.1971972506563775,0.04744631194943899,0.012713122642808385,0.04805818978756543,29.28650284,25.11891365,21.54438972,21.54438972,NA,0.057921355895303554,0.06566008106229666,0.06857476461900595,0.0745187874313313,NA,0.17240503781240357,0.18729023174799989,0.19872008729652635,0.199269016906666,NA,0.03679582417716156,0.0458220069576093,0.048407933978480686,0.053833971396097996,NA
