experiment,vmd_mean,vmd_sd,vmd_median,fpf_mean,fpf_sd,fpf_median,rf_mean,rf_sd,rf_median,efpf_mean,efpf_sd,efpf_median,vmd_A_median,vmd_B_median,vmd_C_median,vmd_D_median,vmd_F_median,fpf_A_median,fpf_B_median,fpf_C_median,fpf_D_median,fpf_F_median,rf_A_median,rf_B_median,rf_C_median,rf_D_median,rf_F_median,efpf_A_median,efpf_B_median,efpf_C_median,efpf_D_median,efpf_F_median
Exp20-1035,14.694373260190476,3.1341712058815445,15.84896278,0.3408347368622658,0.04421903902130898,0.336788979470795,0.40826665346573043,0.048814855992203386,0.40325804457073,0.29073659473480334,0.041918682797129424,0.288687545210065,14.72127676,13.59359074,15.84896278,NA,NA,0.37267060503357496,0.33908174335953,0.33075540125374,NA,NA,0.423784497231185,0.40819649398331004,0.39329069226978,NA,NA,0.32580399364229495,0.28965497791763,0.28629617780429,NA,NA
