experiment,vmd_mean,vmd_sd,vmd_median,fpf_mean,fpf_sd,fpf_median,rf_mean,rf_sd,rf_median,efpf_mean,efpf_sd,efpf_median,vmd_A_median,vmd_B_median,vmd_C_median,vmd_D_median,vmd_F_median,fpf_A_median,fpf_B_median,fpf_C_median,fpf_D_median,fpf_F_median,rf_A_median,rf_B_median,rf_C_median,rf_D_median,rf_F_median,efpf_A_median,efpf_B_median,efpf_C_median,efpf_D_median,efpf_F_median
Exp24-1108,30.806528434879407,29.199320461706275,18.4785347,0.022105501606423206,0.03551093456996066,0.00803170830011,0.1743996759273829,0.10377285927062481,0.15052585005764,7.267739250916424e-4,0.004693776308511412,0,100.00019836,18.4785347,18.4785347,18.4785347,18.4785347,0,0.007506022565071,0.007919901609419999,0.011327144600219202,0.03415244147175,0.39580387115500004,0.14147089958192,0.14741280734545,0.19499266386027,0.18776849985120003,0,0,0,0,0
