experiment,vmd_mean,vmd_sd,vmd_median,fpf_mean,fpf_sd,fpf_median,rf_mean,rf_sd,rf_median,efpf_mean,efpf_sd,efpf_median,vmd_A_median,vmd_B_median,vmd_C_median,vmd_D_median,vmd_F_median,fpf_A_median,fpf_B_median,fpf_C_median,fpf_D_median,fpf_F_median,rf_A_median,rf_B_median,rf_C_median,rf_D_median,rf_F_median,efpf_A_median,efpf_B_median,efpf_C_median,efpf_D_median,efpf_F_median
Exp33-1058,140.6169292583594,214.265012135205,25.11891365,0.1021019615928226,0.10258513017651505,0.069316580258294,0.17020738370468017,0.10503414987826258,0.1580997206885048,0.07014066623026194,0.10463145575021288,0.008346324115986101,NA,29.28650284,29.28650284,25.11891365,25.11891365,NA,0.08612990994002301,0.077427984066328,0.055075183236038085,0.071781217679411,NA,0.13681645430627098,0.155391957014822,0.16036820605387,0.184735502824211,NA,0.013328475113958,0.0172088708914852,0.002582556791606,0.024129235297449002
