experiment,vmd_mean,vmd_sd,vmd_median,fpf_mean,fpf_sd,fpf_median,rf_mean,rf_sd,rf_median,efpf_mean,efpf_sd,efpf_median,vmd_A_median,vmd_B_median,vmd_C_median,vmd_D_median,vmd_F_median,fpf_A_median,fpf_B_median,fpf_C_median,fpf_D_median,fpf_F_median,rf_A_median,rf_B_median,rf_C_median,rf_D_median,rf_F_median,efpf_A_median,efpf_B_median,efpf_C_median,efpf_D_median,efpf_F_median
Exp20-1097,99.32673459314286,6.884420816202653,100.00019836,0.10762882857022489,0.023985266591846594,0.1020305442810038,0.16363833205789508,0.03152358117276707,0.1577790494261434,0.10700209447028783,0.022449122903943228,0.1020305442810038,100.00019836,100.00019836,100.00019836,NA,NA,0.07783885478975078,0.10399724960300319,0.09924336433410497,NA,NA,0.18875280499450076,0.16113246768693643,0.14682066679000003,NA,NA,0.07783885478975078,0.10399724960300319,0.09924336433410497,NA,NA
