experiment,vmd_mean,vmd_sd,vmd_median,fpf_mean,fpf_sd,fpf_median,rf_mean,rf_sd,rf_median,efpf_mean,efpf_sd,efpf_median,vmd_A_median,vmd_B_median,vmd_C_median,vmd_D_median,vmd_F_median,fpf_A_median,fpf_B_median,fpf_C_median,fpf_D_median,fpf_F_median,rf_A_median,rf_B_median,rf_C_median,rf_D_median,rf_F_median,efpf_A_median,efpf_B_median,efpf_C_median,efpf_D_median,efpf_F_median
Exp24-1033,13.832400716044624,3.0231037505272433,13.59359074,0.1978870575963185,0.05197368743538471,0.19225473806271,0.3517414603026251,0.05470033686447652,0.35421408116808,0.14410213097761734,0.04701336495501671,0.13877403289083,18.4785347,13.59359074,13.59359074,13.59359074,12.626379015,0.26298394829046,0.18771068178123,0.19432625465088,0.19653379850082,0.141226923689262,0.34763007193805995,0.35080020964170006,0.352608657889067,0.3728786683082,0.34220823027201547,0.22173682361850003,0.139614087343218,0.13970202531663,0.132057020924921,0.0827865964174265
