experiment,vmd_mean,vmd_sd,vmd_median,fpf_mean,fpf_sd,fpf_median,rf_mean,rf_sd,rf_median,efpf_mean,efpf_sd,efpf_median,vmd_A_median,vmd_B_median,vmd_C_median,vmd_D_median,vmd_F_median,fpf_A_median,fpf_B_median,fpf_C_median,fpf_D_median,fpf_F_median,rf_A_median,rf_B_median,rf_C_median,rf_D_median,rf_F_median,efpf_A_median,efpf_B_median,efpf_C_median,efpf_D_median,efpf_F_median
Exp29-1079,13.29467276980198,1.7371029678470156,13.59359074,0.06371451613967953,0.02090371488728686,0.059432346863655346,0.28660236044726595,0.029533981220190145,0.2867394575314639,0.02736895598336998,0.01222245502606024,0.02453111513911529,13.59359074,13.59359074,13.59359074,13.59359074,15.84896278,0.04914137051639608,0.0605555806604617,0.05750158385554455,0.06521990069186401,0.14594476848842,0.26135209010179605,0.28580996508876216,0.28896398855334415,0.28005268424749,0.32777658134692006,0.023396802406886085,0.026200698614130002,0.024255029298362,0.02285990893842,0.03918846160173
