experiment,vmd_mean,vmd_sd,vmd_median,fpf_mean,fpf_sd,fpf_median,rf_mean,rf_sd,rf_median,efpf_mean,efpf_sd,efpf_median,vmd_A_median,vmd_B_median,vmd_C_median,vmd_D_median,vmd_F_median,fpf_A_median,fpf_B_median,fpf_C_median,fpf_D_median,fpf_F_median,rf_A_median,rf_B_median,rf_C_median,rf_D_median,rf_F_median,efpf_A_median,efpf_B_median,efpf_C_median,efpf_D_median,efpf_F_median
Exp33-1010,140.6536296642336,204.37947039288585,29.28650284,0.06137295344024547,0.02166186130109364,0.063537904396717,0.1409011255713991,0.05677263823157798,0.143356804475234,0.03515935451909759,0.016359443886735346,0.03638163566590074,NA,29.28650284,29.28650284,29.28650284,NA,NA,0.063676568306982,0.065646974109117,0.055702287554748,NA,NA,0.140553349433486,0.14500819586215,0.131715923100719,NA,NA,0.036858564652507,0.037519060445011285,0.031344142854218,NA
