experiment,vmd_mean,vmd_sd,vmd_median,fpf_mean,fpf_sd,fpf_median,rf_mean,rf_sd,rf_median,efpf_mean,efpf_sd,efpf_median,vmd_A_median,vmd_B_median,vmd_C_median,vmd_D_median,vmd_F_median,fpf_A_median,fpf_B_median,fpf_C_median,fpf_D_median,fpf_F_median,rf_A_median,rf_B_median,rf_C_median,rf_D_median,rf_F_median,efpf_A_median,efpf_B_median,efpf_C_median,efpf_D_median,efpf_F_median
Exp33-1079,19.520416229473685,4.716056200935847,18.4785347,0.06818689632113023,0.021409297677769223,0.06603178538384,0.20200351302770297,0.06378910310261017,0.206174082383485,0.020918731700755578,0.016352007015350365,0.01792851246894,NA,21.54438972,18.4785347,18.4785347,25.11891365,NA,0.060293220803132,0.07075359851115999,0.06413912430407001,0.056910515143543755,NA,0.18262355007216002,0.19750925660111998,0.2188536442443765,0.11696988984946001,NA,0.01810499891639,0.022710581123830002,0.013246809765700002,0.015170702189205
