experiment,vmd_mean,vmd_sd,vmd_median,fpf_mean,fpf_sd,fpf_median,rf_mean,rf_sd,rf_median,efpf_mean,efpf_sd,efpf_median,vmd_A_median,vmd_B_median,vmd_C_median,vmd_D_median,vmd_F_median,fpf_A_median,fpf_B_median,fpf_C_median,fpf_D_median,fpf_F_median,rf_A_median,rf_B_median,rf_C_median,rf_D_median,rf_F_median,efpf_A_median,efpf_B_median,efpf_C_median,efpf_D_median,efpf_F_median
Exp39-1037,23.672071709333334,8.198314253124218,21.54438972,0.07520730261436773,0.036098683681199485,0.07527783244844,0.19961380732240194,0.1029516548665469,0.189502153620214,0.034958797241182143,0.028624107784098823,0.041365199387059,NA,29.28650284,34.1455574,21.54438972,13.754065035,NA,0.0737332758866285,0.053099509030584996,0.087227604268102,0.063160624802095,NA,0.1401688388549285,0.093819685131295,0.1896715977416245,0.310770155489395,NA,0.0440347193740285,0.030392718464147997,0.049163405308490005,0
