experiment,vmd_mean,vmd_sd,vmd_median,fpf_mean,fpf_sd,fpf_median,rf_mean,rf_sd,rf_median,efpf_mean,efpf_sd,efpf_median,vmd_A_median,vmd_B_median,vmd_C_median,vmd_D_median,vmd_F_median,fpf_A_median,fpf_B_median,fpf_C_median,fpf_D_median,fpf_F_median,rf_A_median,rf_B_median,rf_C_median,rf_D_median,rf_F_median,efpf_A_median,efpf_B_median,efpf_C_median,efpf_D_median,efpf_F_median
Exp29-1116,19.173028749154227,29.26532376255416,5.41170597,0.38938540307577224,0.3575180758026592,0.31354347524806925,0.6595108696723583,0.3314139202894084,0.8291732275449057,0.013230902523330463,0.031899523118191345,0,5.41170597,5.41170597,5.41170597,5.41170597,73.5643692,0.2280336071561166,0.24760606467701532,0.41749246835711,0.393787227124055,0,0.8282812460693202,0.8281471495014245,0.8294605785072366,0.8449707361761196,0,1.4911629514381163e-24,0,0,4.53249988286e-42,0
