experiment,vmd_mean,vmd_sd,vmd_median,fpf_mean,fpf_sd,fpf_median,rf_mean,rf_sd,rf_median,efpf_mean,efpf_sd,efpf_median,vmd_A_median,vmd_B_median,vmd_C_median,vmd_D_median,vmd_F_median,fpf_A_median,fpf_B_median,fpf_C_median,fpf_D_median,fpf_F_median,rf_A_median,rf_B_median,rf_C_median,rf_D_median,rf_F_median,efpf_A_median,efpf_B_median,efpf_C_median,efpf_D_median,efpf_F_median
Exp24-1053,393.9497135510862,189.24035930977527,464.15979004,0.048361063952634745,0.0202946928212501,0.049032564721988,0.11750600012000297,0.055747033898224475,0.1171953063924,0.013711451889035307,0.018017684385447045,0.0046384769817851,541.17059326,464.15979004,464.15979004,464.15979004,29.28650284,0.024358957856880997,0.049361409228319,0.0507248041127025,0.044236665964123,0.0383510550600771,0.040829734951261,0.118631526120087,0.11939117319884499,0.10767006900152101,0.15190611809718868,0.010593097209921,0.009778895022311218,0.0051402860693658,0.002778010629114,6.320751363376844e-33
