experiment,vmd_mean,vmd_sd,vmd_median,fpf_mean,fpf_sd,fpf_median,rf_mean,rf_sd,rf_median,efpf_mean,efpf_sd,efpf_median,vmd_A_median,vmd_B_median,vmd_C_median,vmd_D_median,vmd_F_median,fpf_A_median,fpf_B_median,fpf_C_median,fpf_D_median,fpf_F_median,rf_A_median,rf_B_median,rf_C_median,rf_D_median,rf_F_median,efpf_A_median,efpf_B_median,efpf_C_median,efpf_D_median,efpf_F_median
Exp20-1104,99.30688893033333,7.090222110425477,100.00019836,0.13565674928627205,0.03400528406056561,0.12178329627646223,0.16476145693933666,0.03824026316130317,0.1524421325325641,0.12225327664302886,0.01920057469395139,0.11820278048796325,100.00019836,100.00019836,100.00019836,NA,NA,0.10763235066496761,0.123546962738,0.1198766803380829,NA,NA,0.11342193518246761,0.16101380437820756,0.14089986324270176,NA,NA,0.10092072019019983,0.11809577941900001,0.11826983451800034,NA,NA
