experiment,vmd_mean,vmd_sd,vmd_median,fpf_mean,fpf_sd,fpf_median,rf_mean,rf_sd,rf_median,efpf_mean,efpf_sd,efpf_median,vmd_A_median,vmd_B_median,vmd_C_median,vmd_D_median,vmd_F_median,fpf_A_median,fpf_B_median,fpf_C_median,fpf_D_median,fpf_F_median,rf_A_median,rf_B_median,rf_C_median,rf_D_median,rf_F_median,efpf_A_median,efpf_B_median,efpf_C_median,efpf_D_median,efpf_F_median
Exp24-1043,12.209161318528784,1.654163296016005,11.65916729,0.21130579304280367,0.07516310024989918,0.200500105619274,0.3753441534704969,0.05905992478286516,0.36673446401959503,0.15430598875665477,0.06821074177228598,0.14358050383634,10.00002003,11.65916729,11.65916729,11.65916729,NA,0.35201655387867,0.19694852732128,0.202426533475639,0.19731172122065,NA,0.47901837468137,0.36344126254320996,0.36585745096202,0.37139110453428303,NA,0.30054576992983,0.1424360328912935,0.146215830370772,0.13706021204589,NA
