experiment,vmd_mean,vmd_sd,vmd_median,fpf_mean,fpf_sd,fpf_median,rf_mean,rf_sd,rf_median,efpf_mean,efpf_sd,efpf_median,vmd_A_median,vmd_B_median,vmd_C_median,vmd_D_median,vmd_F_median,fpf_A_median,fpf_B_median,fpf_C_median,fpf_D_median,fpf_F_median,rf_A_median,rf_B_median,rf_C_median,rf_D_median,rf_F_median,efpf_A_median,efpf_B_median,efpf_C_median,efpf_D_median,efpf_F_median
Exp24-1034,13.819701539716599,2.9494540802436364,13.59359074,0.19784912030239435,0.051702925951467346,0.191326178573075,0.3515969912505346,0.055589708175618806,0.35353706680242997,0.1441036585558436,0.04681038976019944,0.138369591161557,15.84896278,13.59359074,13.59359074,13.59359074,11.65916729,0.26858350858092,0.18809863179928998,0.1935096491500205,0.1962040848286,0.146340731531395,0.35494673475622,0.35056790873402,0.35143646854906996,0.37383157078184603,0.34298658210779304,0.22635732755066001,0.138266760557904,0.13935638159507047,0.131966936048215,0.08454059351235299
