experiment,vmd_mean,vmd_sd,vmd_median,fpf_mean,fpf_sd,fpf_median,rf_mean,rf_sd,rf_median,efpf_mean,efpf_sd,efpf_median,vmd_A_median,vmd_B_median,vmd_C_median,vmd_D_median,vmd_F_median,fpf_A_median,fpf_B_median,fpf_C_median,fpf_D_median,fpf_F_median,rf_A_median,rf_B_median,rf_C_median,rf_D_median,rf_F_median,efpf_A_median,efpf_B_median,efpf_C_median,efpf_D_median,efpf_F_median
Exp29-1092,15.467457061791045,0.8476232479746404,15.84896278,0.06289264005561852,0.026299638764030013,0.0573511317372,0.2403029449222434,0.031788560564217375,0.23633231177927003,0.023000390297002925,0.018846338483965785,0.01819516837597,15.84896278,15.84896278,15.84896278,15.84896278,NA,0.048017068468036,0.05827005699281,0.056521456763135,0.0609025411308,NA,0.21955001171673602,0.23825642749666,0.2331155258043935,0.24985305368894,NA,0.01643405541777,0.01941842764616,0.017979340180765,0.018470044136050003,NA
