experiment,vmd_mean,vmd_sd,vmd_median,fpf_mean,fpf_sd,fpf_median,rf_mean,rf_sd,rf_median,efpf_mean,efpf_sd,efpf_median,vmd_A_median,vmd_B_median,vmd_C_median,vmd_D_median,vmd_F_median,fpf_A_median,fpf_B_median,fpf_C_median,fpf_D_median,fpf_F_median,rf_A_median,rf_B_median,rf_C_median,rf_D_median,rf_F_median,efpf_A_median,efpf_B_median,efpf_C_median,efpf_D_median,efpf_F_median
Exp33-1094,13.154488484478527,0.8128050128481957,13.59359074,0.09608234413940847,0.034667977151683266,0.08811288416381,0.31531257535429863,0.025126396978982744,0.315915258825,0.039605562670792946,0.0298359430658499,0.03241904079915,NA,13.59359074,13.59359074,13.59359074,NA,NA,0.08199650928376,0.09020418494932,0.08562767088413001,NA,NA,0.30314125284542,0.31735223531731,0.31737150371075,NA,NA,0.03047780573367,0.03683282136917,0.02720273315907,NA
