experiment,vmd_mean,vmd_sd,vmd_median,fpf_mean,fpf_sd,fpf_median,rf_mean,rf_sd,rf_median,efpf_mean,efpf_sd,efpf_median,vmd_A_median,vmd_B_median,vmd_C_median,vmd_D_median,vmd_F_median,fpf_A_median,fpf_B_median,fpf_C_median,fpf_D_median,fpf_F_median,rf_A_median,rf_B_median,rf_C_median,rf_D_median,rf_F_median,efpf_A_median,efpf_B_median,efpf_C_median,efpf_D_median,efpf_F_median
Exp33-1069,177.6305255648131,254.2726072661563,11.65916729,0.23002775745008058,0.23597380203943877,0.204481973312749,0.3295742155253599,0.28793040938529996,0.37392097228207155,0.11302786149000053,0.12755339847471456,0.0433168980036805,NA,8.57697582,10.00002003,13.59359074,630.95855713,NA,0.40183952823284996,0.283482013996455,4.7792378245395005e-4,0,NA,0.50733652845025,0.423853226527539,0.16911420966347657,0,NA,0.25085288062695,0.1281595450327312,0,0
