experiment,vmd_mean,vmd_sd,vmd_median,fpf_mean,fpf_sd,fpf_median,rf_mean,rf_sd,rf_median,efpf_mean,efpf_sd,efpf_median,vmd_A_median,vmd_B_median,vmd_C_median,vmd_D_median,vmd_F_median,fpf_A_median,fpf_B_median,fpf_C_median,fpf_D_median,fpf_F_median,rf_A_median,rf_B_median,rf_C_median,rf_D_median,rf_F_median,efpf_A_median,efpf_B_median,efpf_C_median,efpf_D_median,efpf_F_median
Exp33-1102,28.6447138829249,25.330627446784334,21.54438972,0.06859544778777016,0.021406048434099458,0.06634542658926999,0.19205945309940686,0.07004694028634433,0.19300991788501498,0.011914648366584974,0.021574578129914826,0.0015166222793057999,NA,21.54438972,21.54438972,18.4785347,20.01146221,NA,0.062049671411540004,0.071232550814804,0.065261698663137,0.0685660642571515,NA,0.17741822749368003,0.1908357238774,0.20708009861407897,0.21216341697147448,NA,0.00250992988643981,0.00568005096168,8.88254493475e-4,0
