experiment,vmd_mean,vmd_sd,vmd_median,fpf_mean,fpf_sd,fpf_median,rf_mean,rf_sd,rf_median,efpf_mean,efpf_sd,efpf_median,vmd_A_median,vmd_B_median,vmd_C_median,vmd_D_median,vmd_F_median,fpf_A_median,fpf_B_median,fpf_C_median,fpf_D_median,fpf_F_median,rf_A_median,rf_B_median,rf_C_median,rf_D_median,rf_F_median,efpf_A_median,efpf_B_median,efpf_C_median,efpf_D_median,efpf_F_median
Exp39-1065,71.72257297294118,176.73797698151267,7.35643721,0.34643038071712234,0.15207947464605268,0.38425918303429,0.4669240078726694,0.1906759538753575,0.5356516172832282,0.19277236344641058,0.09687333933947014,0.213112113066226,NA,15.068850995,15.84896278,7.35643721,274.263515235,NA,0.318758658096209,0.276429152190729,0.41685332468708347,0.229900218043613,NA,0.421742154285359,0.38798460930592904,0.543858260661393,0.314322172198613,NA,0.185492830201959,0.147098853290029,0.2334329491015335,0.128399249110463
