experiment,vmd_mean,vmd_sd,vmd_median,fpf_mean,fpf_sd,fpf_median,rf_mean,rf_sd,rf_median,efpf_mean,efpf_sd,efpf_median,vmd_A_median,vmd_B_median,vmd_C_median,vmd_D_median,vmd_F_median,fpf_A_median,fpf_B_median,fpf_C_median,fpf_D_median,fpf_F_median,rf_A_median,rf_B_median,rf_C_median,rf_D_median,rf_F_median,efpf_A_median,efpf_B_median,efpf_C_median,efpf_D_median,efpf_F_median
Exp33-1055,152.40645560780393,220.47856749266384,29.28650284,0.07240282584703761,0.05402029346613685,0.05954241424805,0.1527291770994588,0.07305560678489115,0.150738062933088,0.03412403209019476,0.06205660164349414,0.002478740513321,NA,29.28650284,29.28650284,25.11891365,25.11891365,NA,0.053498466089343,0.058366917334468,0.05954241424805,0.0673365117796065,NA,0.128734149001589,0.14134741783146,0.163991645276431,0.179380969069892,NA,0.0146841548429854,0.00489833891392,0.00119297145167005,0.0016222995705925001
