experiment,vmd_mean,vmd_sd,vmd_median,fpf_mean,fpf_sd,fpf_median,rf_mean,rf_sd,rf_median,efpf_mean,efpf_sd,efpf_median,vmd_A_median,vmd_B_median,vmd_C_median,vmd_D_median,vmd_F_median,fpf_A_median,fpf_B_median,fpf_C_median,fpf_D_median,fpf_F_median,rf_A_median,rf_B_median,rf_C_median,rf_D_median,rf_F_median,efpf_A_median,efpf_B_median,efpf_C_median,efpf_D_median,efpf_F_median
Exp29-1082,13.168817418118811,1.772286358797162,13.59359074,0.06288709682450304,0.022045989692222864,0.058183108239449235,0.2864429659187316,0.031070905252809592,0.2866830350500359,0.02741397410737944,0.012440448538636942,0.024372815654898405,13.59359074,13.59359074,12.626379015,13.59359074,15.84896278,0.0455725833773912,0.05854018393401577,0.05557232542130127,0.06664297529597384,0.14535692870608,0.2548887869714912,0.2833631548286402,0.28848452546136005,0.27989573448904,0.32727890193447995,0.0234846353531012,0.02647914677858,0.02386046305298,0.02283923923969,0.03930855929851
