experiment,vmd_mean,vmd_sd,vmd_median,fpf_mean,fpf_sd,fpf_median,rf_mean,rf_sd,rf_median,efpf_mean,efpf_sd,efpf_median,vmd_A_median,vmd_B_median,vmd_C_median,vmd_D_median,vmd_F_median,fpf_A_median,fpf_B_median,fpf_C_median,fpf_D_median,fpf_F_median,rf_A_median,rf_B_median,rf_C_median,rf_D_median,rf_F_median,efpf_A_median,efpf_B_median,efpf_C_median,efpf_D_median,efpf_F_median
Exp33-1028,19.827169689473685,10.54891535228693,18.4785347,0.097570346913046,0.03599156545089035,0.0963409942714565,0.2258382102005671,0.0696434335700243,0.2314316722004715,0.05335055596931905,0.032163496349349265,0.055442299451674004,NA,18.4785347,18.4785347,18.4785347,25.11891365,NA,0.094138741493205,0.10727030456063501,0.088686750531178,0.06159358899131907,NA,0.20879576079547998,0.233296697437892,0.237414010819035,0.1337329788506379,NA,0.057148314677163,0.06284977130593,0.044673635674337714,0.008921244507871975
