experiment,vmd_mean,vmd_sd,vmd_median,fpf_mean,fpf_sd,fpf_median,rf_mean,rf_sd,rf_median,efpf_mean,efpf_sd,efpf_median,vmd_A_median,vmd_B_median,vmd_C_median,vmd_D_median,vmd_F_median,fpf_A_median,fpf_B_median,fpf_C_median,fpf_D_median,fpf_F_median,rf_A_median,rf_B_median,rf_C_median,rf_D_median,rf_F_median,efpf_A_median,efpf_B_median,efpf_C_median,efpf_D_median,efpf_F_median
Exp29-1077,13.421756030248757,1.721204592970914,13.59359074,0.06317835656293992,0.01939421429912519,0.05965684813587765,0.2845633074421359,0.02975122754276201,0.28467565907675985,0.02718950674135115,0.012027607072221204,0.024388132095300247,13.59359074,13.59359074,13.59359074,13.59359074,NA,0.050369017157375184,0.06112220402811221,0.058792593105984003,0.064201859142597,NA,0.2610373163555752,0.283524528592779,0.28791225924153063,0.27963738232841,NA,0.023284495208035185,0.0260176461935,0.024342465405337875,0.02288097888231,NA
