experiment,vmd_mean,vmd_sd,vmd_median,fpf_mean,fpf_sd,fpf_median,rf_mean,rf_sd,rf_median,efpf_mean,efpf_sd,efpf_median,vmd_A_median,vmd_B_median,vmd_C_median,vmd_D_median,vmd_F_median,fpf_A_median,fpf_B_median,fpf_C_median,fpf_D_median,fpf_F_median,rf_A_median,rf_B_median,rf_C_median,rf_D_median,rf_F_median,efpf_A_median,efpf_B_median,efpf_C_median,efpf_D_median,efpf_F_median
Exp33-1080,19.422027906130435,4.447671153930871,18.4785347,0.06856169357250035,0.021616264314062873,0.066172799095505,0.20268901585528543,0.06365107489512277,0.20622851885854,0.021001726659988618,0.016427448347238242,0.017917090207335,NA,21.54438972,18.4785347,18.4785347,21.798724175,NA,0.06049183644351,0.07077247977254,0.064220778793095,0.067521220445625,NA,0.18294796973476,0.19796434640881,0.22010492999101802,0.15955845355987502,NA,0.01809544593095,0.02300404772162,0.013229654878380001,0.018251377791165
