experiment,vmd_mean,vmd_sd,vmd_median,fpf_mean,fpf_sd,fpf_median,rf_mean,rf_sd,rf_median,efpf_mean,efpf_sd,efpf_median,vmd_A_median,vmd_B_median,vmd_C_median,vmd_D_median,vmd_F_median,fpf_A_median,fpf_B_median,fpf_C_median,fpf_D_median,fpf_F_median,rf_A_median,rf_B_median,rf_C_median,rf_D_median,rf_F_median,efpf_A_median,efpf_B_median,efpf_C_median,efpf_D_median,efpf_F_median
Exp33-1059,152.23569322664062,218.02984367001636,29.28650284,0.021717366093727205,0.031849883935578464,0.009656234085562,0.0933884533338373,0.08034577658569496,0.0786733537435027,0.0011104333370942714,0.00584012446871388,0,NA,29.28650284,29.28650284,29.28650284,25.11891365,NA,0.01044151716283885,0.0101412118831635,0.0082166652055463,0.00935590280452933,NA,0.07891989319588301,0.08018528863778,0.0762617481217033,0.08108482211832,NA,0,0,0,0
