experiment,vmd_mean,vmd_sd,vmd_median,fpf_mean,fpf_sd,fpf_median,rf_mean,rf_sd,rf_median,efpf_mean,efpf_sd,efpf_median,vmd_A_median,vmd_B_median,vmd_C_median,vmd_D_median,vmd_F_median,fpf_A_median,fpf_B_median,fpf_C_median,fpf_D_median,fpf_F_median,rf_A_median,rf_B_median,rf_C_median,rf_D_median,rf_F_median,efpf_A_median,efpf_B_median,efpf_C_median,efpf_D_median,efpf_F_median
Exp33-1015,164.06486532062502,216.59476756425497,29.28650284,0.061832962657687,0.021639036905989825,0.064575611297046,0.13558357031014512,0.056014141377952964,0.141259265351079,0.03724766481256932,0.014782784103497475,0.039140596985800497,NA,29.28650284,29.28650284,NA,NA,NA,0.063676568306982,0.066060764770991,NA,NA,NA,0.140553349433486,0.141965181268672,NA,NA,NA,0.036858564652507,0.039305378235899996,NA,NA
