experiment,vmd_mean,vmd_sd,vmd_median,fpf_mean,fpf_sd,fpf_median,rf_mean,rf_sd,rf_median,efpf_mean,efpf_sd,efpf_median,vmd_A_median,vmd_B_median,vmd_C_median,vmd_D_median,vmd_F_median,fpf_A_median,fpf_B_median,fpf_C_median,fpf_D_median,fpf_F_median,rf_A_median,rf_B_median,rf_C_median,rf_D_median,rf_F_median,efpf_A_median,efpf_B_median,efpf_C_median,efpf_D_median,efpf_F_median
Exp24-1065,161.85710589280836,216.95031629547418,21.54438972,0.3588304839576688,0.12532298504282224,0.36957374095926,0.4269438301656825,0.1495898056196315,0.43701993070542,0.237860453755706,0.08920293179540577,0.24554427534329001,464.15979004,18.4785347,18.4785347,29.28650284,464.15979004,0.227724292501951,0.37374691933421,0.3725676099957,0.36470187723654,0.2770107631153178,0.253482603058351,0.4435344979911,0.44101556316009005,0.432956600934126,0.34307443011543,0.16429419241857102,0.25146979182981,0.25168436095118,0.23644040405767,0.119301029201438
