experiment,vmd_mean,vmd_sd,vmd_median,fpf_mean,fpf_sd,fpf_median,rf_mean,rf_sd,rf_median,efpf_mean,efpf_sd,efpf_median,vmd_A_median,vmd_B_median,vmd_C_median,vmd_D_median,vmd_F_median,fpf_A_median,fpf_B_median,fpf_C_median,fpf_D_median,fpf_F_median,rf_A_median,rf_B_median,rf_C_median,rf_D_median,rf_F_median,efpf_A_median,efpf_B_median,efpf_C_median,efpf_D_median,efpf_F_median
Exp24-1078,16.861745743083166,10.037220020668427,15.84896278,0.12057104130968471,0.03509008011990365,0.11810844242570999,0.2759066682190417,0.05288108240703558,0.27685200989253,0.06910459458962313,0.0289134710060653,0.06704388022426,25.11891365,15.84896278,15.84896278,15.84896278,13.59359074,0.133944781944033,0.11355153918264001,0.11912569209933499,0.12667497754099,0.07580891415482,0.21561851732423298,0.269594451039975,0.2772802241147,0.2884900552035,0.29482790753252003,0.1016990029811,0.06472492575642999,0.069377356171605,0.06664926528934,0.02522584557533
