experiment,vmd_mean,vmd_sd,vmd_median,fpf_mean,fpf_sd,fpf_median,rf_mean,rf_sd,rf_median,efpf_mean,efpf_sd,efpf_median,vmd_A_median,vmd_B_median,vmd_C_median,vmd_D_median,vmd_F_median,fpf_A_median,fpf_B_median,fpf_C_median,fpf_D_median,fpf_F_median,rf_A_median,rf_B_median,rf_C_median,rf_D_median,rf_F_median,efpf_A_median,efpf_B_median,efpf_C_median,efpf_D_median,efpf_F_median
Exp33-1056,137.2411545133203,211.41335590605644,25.11891365,0.11762695079226064,0.09385325540073806,0.0855328678980528,0.18934378447171962,0.09309635374237041,0.1862419543528183,0.0806235179018381,0.10425861457851013,0.029247730743363003,NA,29.28650284,29.28650284,25.11891365,21.54438972,NA,0.10596410460770599,0.092670073844505,0.07880552902813799,0.095747996680485,NA,0.171238914336991,0.1786016670428053,0.20174349980426,0.22234646365052999,NA,0.071466408371926,0.054197968170045005,0.00983252275909869,0.010899418704204999
