experiment,vmd_mean,vmd_sd,vmd_median,fpf_mean,fpf_sd,fpf_median,rf_mean,rf_sd,rf_median,efpf_mean,efpf_sd,efpf_median,vmd_A_median,vmd_B_median,vmd_C_median,vmd_D_median,vmd_F_median,fpf_A_median,fpf_B_median,fpf_C_median,fpf_D_median,fpf_F_median,rf_A_median,rf_B_median,rf_C_median,rf_D_median,rf_F_median,efpf_A_median,efpf_B_median,efpf_C_median,efpf_D_median,efpf_F_median
Exp24-1067,263.04961996404217,241.2794291613696,341.45556641,0.2541961762987004,0.15103916973408502,0.2630296493601485,0.32271160212261324,0.18144831680835882,0.33567952527661404,0.1554820001322533,0.10272409694897415,0.15320048801596814,541.17059326,292.86502075,292.86502075,398.10794067,630.95855713,0,0.269453323837524,0.275824214704258,0.22442649848764099,0.12403348491080486,5.27839101851e-4,0.34907522508891503,0.3477803802492,0.301759253889289,0.13658110252134134,0,0.155751402266358,0.162617144510025,0.128236787393641,0.0784525000024815
