experiment,vmd_mean,vmd_sd,vmd_median,fpf_mean,fpf_sd,fpf_median,rf_mean,rf_sd,rf_median,efpf_mean,efpf_sd,efpf_median,vmd_A_median,vmd_B_median,vmd_C_median,vmd_D_median,vmd_F_median,fpf_A_median,fpf_B_median,fpf_C_median,fpf_D_median,fpf_F_median,rf_A_median,rf_B_median,rf_C_median,rf_D_median,rf_F_median,efpf_A_median,efpf_B_median,efpf_C_median,efpf_D_median,efpf_F_median
Exp33-1093,13.640666239883041,0.5433877612743974,13.59359074,0.08660033282515416,0.032776793443200294,0.07813133329149999,0.2837096290424583,0.027158136798199894,0.280333053320742,0.03494183533537054,0.02783209107936546,0.02769822537899,NA,13.59359074,13.59359074,13.59359074,NA,NA,0.07225854039191,0.08001574501392,0.076139288507381,NA,NA,0.26758360713705,0.280333053320742,0.28438871920115,NA,NA,0.026890425980089998,0.032876259386550005,0.02218127846717,NA
