experiment,vmd_mean,vmd_sd,vmd_median,fpf_mean,fpf_sd,fpf_median,rf_mean,rf_sd,rf_median,efpf_mean,efpf_sd,efpf_median,vmd_A_median,vmd_B_median,vmd_C_median,vmd_D_median,vmd_F_median,fpf_A_median,fpf_B_median,fpf_C_median,fpf_D_median,fpf_F_median,rf_A_median,rf_B_median,rf_C_median,rf_D_median,rf_F_median,efpf_A_median,efpf_B_median,efpf_C_median,efpf_D_median,efpf_F_median
Exp20-1042,6.450583121095238,2.124500030632521,6.30958605,0.4614195487389255,0.05725314197877565,0.45923538222919,0.5694089641744877,0.045794413320835274,0.5685972391067851,0.3996731406641803,0.06015559320088808,0.39533495172858,3.49830115,6.30958605,6.30958605,NA,NA,0.537579673081675,0.45878921300155,0.4599998551608,NA,NA,0.628575083166375,0.56910931438202,0.56759488970034,NA,NA,0.47692706868054,0.3922316983343,0.39931503951558,NA,NA
