experiment,vmd_mean,vmd_sd,vmd_median,fpf_mean,fpf_sd,fpf_median,rf_mean,rf_sd,rf_median,efpf_mean,efpf_sd,efpf_median,vmd_A_median,vmd_B_median,vmd_C_median,vmd_D_median,vmd_F_median,fpf_A_median,fpf_B_median,fpf_C_median,fpf_D_median,fpf_F_median,rf_A_median,rf_B_median,rf_C_median,rf_D_median,rf_F_median,efpf_A_median,efpf_B_median,efpf_C_median,efpf_D_median,efpf_F_median
Exp33-1019,38.54477602774775,33.86522128262747,21.54438972,0.05024823355996707,0.053387010176238085,0.052659749784469204,0.15636249475452701,0.10678749232427849,0.16366435792045073,0.01747263195336294,0.022408731728568342,0.01131968207658,NA,21.54438972,21.54438972,18.4785347,25.11891365,NA,0.055603780150419994,0.06359591186045,0.05751003488904107,0.021341472901436998,NA,0.16578894257547,0.17812345370654,0.199056225568,0.10707695394757,NA,0.017938943654300002,0.022041738331310002,0.01329739615321,0
