experiment,vmd_mean,vmd_sd,vmd_median,fpf_mean,fpf_sd,fpf_median,rf_mean,rf_sd,rf_median,efpf_mean,efpf_sd,efpf_median,vmd_A_median,vmd_B_median,vmd_C_median,vmd_D_median,vmd_F_median,fpf_A_median,fpf_B_median,fpf_C_median,fpf_D_median,fpf_F_median,rf_A_median,rf_B_median,rf_C_median,rf_D_median,rf_F_median,efpf_A_median,efpf_B_median,efpf_C_median,efpf_D_median,efpf_F_median
Exp33-1048,149.321383304449,219.103486594568,29.28650284,0.06480325234367919,0.03214543417150254,0.064040452539931,0.15304174359673542,0.07505547766403742,0.1566480252508213,0.03892240092648001,0.02975266028371993,0.040250701382778996,NA,29.28650284,29.28650284,25.11891365,29.28650284,NA,0.073697465471909,0.07319338042288899,0.0497597204358096,0.05491957478563601,NA,0.1591432921377748,0.157920869290875,0.14940361395488722,0.09573257554325951,NA,0.049302948825073994,0.047000282071513,0.032667810972775005,0.020008931048218003
