experiment,vmd_mean,vmd_sd,vmd_median,fpf_mean,fpf_sd,fpf_median,rf_mean,rf_sd,rf_median,efpf_mean,efpf_sd,efpf_median,vmd_A_median,vmd_B_median,vmd_C_median,vmd_D_median,vmd_F_median,fpf_A_median,fpf_B_median,fpf_C_median,fpf_D_median,fpf_F_median,rf_A_median,rf_B_median,rf_C_median,rf_D_median,rf_F_median,efpf_A_median,efpf_B_median,efpf_C_median,efpf_D_median,efpf_F_median
Exp20-1022,481.8216833206667,37.965506568379304,464.15979004,0.07600448589388169,0.01658369948698917,0.072803951203812,0.09062802842757058,0.020224747652673403,0.08838620848954501,0.06553793658033694,0.013882097369666403,0.0633948121778515,541.17059326,464.15979004,464.15979004,NA,NA,0.05165615314733405,0.073686851114035,0.072365196794269,NA,NA,0.05664135573081955,0.090046948865069,0.087203358262779,NA,NA,0.0475665920379066,0.064185325503357,0.06283940918742399,NA,NA
