experiment,vmd_mean,vmd_sd,vmd_median,fpf_mean,fpf_sd,fpf_median,rf_mean,rf_sd,rf_median,efpf_mean,efpf_sd,efpf_median,vmd_A_median,vmd_B_median,vmd_C_median,vmd_D_median,vmd_F_median,fpf_A_median,fpf_B_median,fpf_C_median,fpf_D_median,fpf_F_median,rf_A_median,rf_B_median,rf_C_median,rf_D_median,rf_F_median,efpf_A_median,efpf_B_median,efpf_C_median,efpf_D_median,efpf_F_median
Exp24-1022,309.3175390187548,193.5940189541084,398.10794067,0.078509328104110293,0.028646784791482225,0.080718303024743,0.14714616009504605,0.06719507591413379,0.144037974393046,0.05664412840557473,0.020949943519237846,0.0587205711565865,464.15979004,341.45556641,398.10794067,464.15979004,NA,0.052028528824429994,0.082440085336567,0.081604080498235,0.078308766596024,NA,0.06935840405522,0.14453810315580198,0.14594737984227898,0.13974626597019701,NA,0.04395129866896,0.061080082505937,0.058735887855303995,0.056652677766988006,NA
