experiment,vmd_mean,vmd_sd,vmd_median,fpf_mean,fpf_sd,fpf_median,rf_mean,rf_sd,rf_median,efpf_mean,efpf_sd,efpf_median,vmd_A_median,vmd_B_median,vmd_C_median,vmd_D_median,vmd_F_median,fpf_A_median,fpf_B_median,fpf_C_median,fpf_D_median,fpf_F_median,rf_A_median,rf_B_median,rf_C_median,rf_D_median,rf_F_median,efpf_A_median,efpf_B_median,efpf_C_median,efpf_D_median,efpf_F_median
Exp33-1007,147.17523285596332,213.58709188698185,29.28650284,0.05755438523706245,0.02437631107186988,0.058879835959543506,0.1459049169171652,0.06874235476902153,0.144396928139071,0.030391287544602203,0.020076358184911453,0.033761027883749004,NA,29.28650284,29.28650284,25.11891365,NA,NA,0.063676568306982,0.065646974109117,0.048028809456111,NA,NA,0.140553349433486,0.14500819586215,0.14692342892292048,NA,NA,0.036858564652507,0.037519060445011285,0.027018835674966497,NA
