experiment,vmd_mean,vmd_sd,vmd_median,fpf_mean,fpf_sd,fpf_median,rf_mean,rf_sd,rf_median,efpf_mean,efpf_sd,efpf_median,vmd_A_median,vmd_B_median,vmd_C_median,vmd_D_median,vmd_F_median,fpf_A_median,fpf_B_median,fpf_C_median,fpf_D_median,fpf_F_median,rf_A_median,rf_B_median,rf_C_median,rf_D_median,rf_F_median,efpf_A_median,efpf_B_median,efpf_C_median,efpf_D_median,efpf_F_median
Exp24-1087,16.410086592684426,4.224906289419133,15.84896278,0.11910994228416151,0.03586080293159414,0.11537047862998001,0.2762794955902502,0.052845867066532416,0.27558271095143,0.06756688554751783,0.030625215722101123,0.06422562241555499,21.54438972,15.84896278,15.84896278,15.84896278,11.65916729,0.15896628618249,0.10989737242453,0.11567168191083499,0.12070759415623,0.07545705605299,0.25326436281219,0.2691948717831,0.27211044549944496,0.2877085602283,0.30320105776188,0.1154981541634,0.06384375214585,0.06485109508032999,0.06501803100112,0.02532794654369
