experiment,vmd_mean,vmd_sd,vmd_median,fpf_mean,fpf_sd,fpf_median,rf_mean,rf_sd,rf_median,efpf_mean,efpf_sd,efpf_median,vmd_A_median,vmd_B_median,vmd_C_median,vmd_D_median,vmd_F_median,fpf_A_median,fpf_B_median,fpf_C_median,fpf_D_median,fpf_F_median,rf_A_median,rf_B_median,rf_C_median,rf_D_median,rf_F_median,efpf_A_median,efpf_B_median,efpf_C_median,efpf_D_median,efpf_F_median
Exp39-1046,60.28538209125,128.57397172242727,25.11891365,0.054692550489695305,0.03144912783941055,0.05036215695552475,0.1399285811763278,0.08025642353168015,0.15791634450662725,0.02682930353969439,0.026246717553526686,0.027457105685024498,NA,43.11338806,39.81079483,25.11891365,13.59359074,NA,0.055026598032569,0.04969548672436899,0.04956422838379525,0.04061626628041,NA,0.102488765772389,0.080597021281709,0.16869454588739702,0.26235022500161,NA,0.030868424382064,0.026117927730078996,0.02370667509385816,0
