experiment,vmd_mean,vmd_sd,vmd_median,fpf_mean,fpf_sd,fpf_median,rf_mean,rf_sd,rf_median,efpf_mean,efpf_sd,efpf_median,vmd_A_median,vmd_B_median,vmd_C_median,vmd_D_median,vmd_F_median,fpf_A_median,fpf_B_median,fpf_C_median,fpf_D_median,fpf_F_median,rf_A_median,rf_B_median,rf_C_median,rf_D_median,rf_F_median,efpf_A_median,efpf_B_median,efpf_C_median,efpf_D_median,efpf_F_median
Exp20-1087,20.378610404809525,3.418007559962908,21.54438972,0.20693122740467937,0.03401177637616422,0.2027864024788255,0.27813934361638626,0.04495143957674579,0.27219795398413205,0.15663332137039868,0.03184148232810525,0.1535226023197,18.696676250000003,18.4785347,21.54438972,NA,NA,0.247775828465855,0.20730055153369,0.19791833031931091,NA,NA,0.30040995586672653,0.27737529516214,0.26592283144593,NA,NA,0.20403430461885003,0.1537489759922,0.1523023557663,NA,NA
