experiment,vmd_mean,vmd_sd,vmd_median,fpf_mean,fpf_sd,fpf_median,rf_mean,rf_sd,rf_median,efpf_mean,efpf_sd,efpf_median,vmd_A_median,vmd_B_median,vmd_C_median,vmd_D_median,vmd_F_median,fpf_A_median,fpf_B_median,fpf_C_median,fpf_D_median,fpf_F_median,rf_A_median,rf_B_median,rf_C_median,rf_D_median,rf_F_median,efpf_A_median,efpf_B_median,efpf_C_median,efpf_D_median,efpf_F_median
Exp24-1071,31.050983757775665,30.717192167457707,18.4785347,0.10151023273781377,0.03617341696439158,0.10237365722633504,0.23474585811285933,0.057353805277752114,0.23841599717727502,0.06580988693543384,0.030420156077699892,0.062645962238255,100.00019836,18.4785347,18.4785347,18.4785347,NA,0.0724899864197,0.09771561831243,0.10279077440501,0.10759430229662,NA,0.1558704090119,0.235575440824,0.2372173565627,0.24397860229007,NA,0.0724899864197,0.06164591908458,0.06367500007158,0.060070660710360005,NA
