experiment,vmd_mean,vmd_sd,vmd_median,fpf_mean,fpf_sd,fpf_median,rf_mean,rf_sd,rf_median,efpf_mean,efpf_sd,efpf_median,vmd_A_median,vmd_B_median,vmd_C_median,vmd_D_median,vmd_F_median,fpf_A_median,fpf_B_median,fpf_C_median,fpf_D_median,fpf_F_median,rf_A_median,rf_B_median,rf_C_median,rf_D_median,rf_F_median,efpf_A_median,efpf_B_median,efpf_C_median,efpf_D_median,efpf_F_median
Exp24-1018,353.77959489770274,187.4314728155538,398.10794067,0.07599396376452298,0.022787711138132046,0.0776528618484765,0.14041278657230832,0.053234081077196044,0.1377209058031085,0.05585483457603847,0.016193931745341734,0.057000248637053996,541.17059326,398.10794067,398.10794067,NA,NA,0.039853421673175,0.075104665085682,0.091295001786226,NA,NA,0.054388052597634996,0.133896362334463,0.1640034404023585,NA,NA,0.034168025627735,0.05568759124725,0.065272665396329,NA,NA
