experiment,vmd_mean,vmd_sd,vmd_median,fpf_mean,fpf_sd,fpf_median,rf_mean,rf_sd,rf_median,efpf_mean,efpf_sd,efpf_median,vmd_A_median,vmd_B_median,vmd_C_median,vmd_D_median,vmd_F_median,fpf_A_median,fpf_B_median,fpf_C_median,fpf_D_median,fpf_F_median,rf_A_median,rf_B_median,rf_C_median,rf_D_median,rf_F_median,efpf_A_median,efpf_B_median,efpf_C_median,efpf_D_median,efpf_F_median
Exp33-1034,18.70876492219731,4.269661201622499,18.4785347,0.10287188649701781,0.03817567652340596,0.10008577027723241,0.2351740338077003,0.0665514899035571,0.239275098145113,0.05625189782846425,0.03455076651633448,0.055937113985418,NA,18.4785347,18.4785347,18.4785347,17.163748740000003,NA,0.094268555268616,0.1091945198550745,0.09152881615564204,0.10018730321084215,NA,0.21116068020457,0.23920221280308152,0.2438394314981897,0.27065143385094215,NA,0.058588427975746,0.061870898418124,0.045792710618264856,0.04260958961327709
