experiment,vmd_mean,vmd_sd,vmd_median,fpf_mean,fpf_sd,fpf_median,rf_mean,rf_sd,rf_median,efpf_mean,efpf_sd,efpf_median,vmd_A_median,vmd_B_median,vmd_C_median,vmd_D_median,vmd_F_median,fpf_A_median,fpf_B_median,fpf_C_median,fpf_D_median,fpf_F_median,rf_A_median,rf_B_median,rf_C_median,rf_D_median,rf_F_median,efpf_A_median,efpf_B_median,efpf_C_median,efpf_D_median,efpf_F_median
Exp24-1048,356.2444465214178,206.06659859451568,464.15979004,0.0946428478639025,0.03874897505194823,0.09763214491772629,0.15740311327914733,0.07428516079158277,0.155410711988821,0.07807844179581963,0.03255526513748209,0.0811541849234965,541.17059326,398.10794067,464.15979004,464.15979004,15.84896278,0.055755071304756,0.096595623902983,0.099379865750678,0.096244542747727,0.0087735375762,0.071452635489426,0.157219515442843,0.157724291011693,0.14665879358542772,0.2009526035189,0.050915397256633,0.08016562297939499,0.08174440540373,0.0797798928618473,0.004840637950706097
