experiment,vmd_mean,vmd_sd,vmd_median,fpf_mean,fpf_sd,fpf_median,rf_mean,rf_sd,rf_median,efpf_mean,efpf_sd,efpf_median,vmd_A_median,vmd_B_median,vmd_C_median,vmd_D_median,vmd_F_median,fpf_A_median,fpf_B_median,fpf_C_median,fpf_D_median,fpf_F_median,rf_A_median,rf_B_median,rf_C_median,rf_D_median,rf_F_median,efpf_A_median,efpf_B_median,efpf_C_median,efpf_D_median,efpf_F_median
Exp20-1016,536.5570611939063,23.895379995163065,541.17059326,0.06810275348543746,0.016670389356041548,0.0651054734364145,0.08047904249212547,0.019950447375370772,0.07669949192550951,0.059425040098265366,0.01407412586821482,0.057491314606741506,586.0645751950001,541.17059326,541.17059326,NA,NA,0.045222078929658197,0.065588847286985,0.065114929005511,NA,NA,0.049993340685032694,0.07793965570627699,0.076380941569787,NA,NA,0.041298339976934995,0.057532174754891,0.057882295548921,NA,NA
