experiment,vmd_mean,vmd_sd,vmd_median,fpf_mean,fpf_sd,fpf_median,rf_mean,rf_sd,rf_median,efpf_mean,efpf_sd,efpf_median,vmd_A_median,vmd_B_median,vmd_C_median,vmd_D_median,vmd_F_median,fpf_A_median,fpf_B_median,fpf_C_median,fpf_D_median,fpf_F_median,rf_A_median,rf_B_median,rf_C_median,rf_D_median,rf_F_median,efpf_A_median,efpf_B_median,efpf_C_median,efpf_D_median,efpf_F_median
Exp29-1027,13.614305213930349,2.038698360098111,13.59359074,0.10142085459836185,0.02701299280463977,0.098139903545353,0.2976689267024443,0.033735928502611846,0.295814758297145,0.06950154255665682,0.019118577943059652,0.06691187259792485,13.59359074,13.59359074,13.59359074,13.59359074,NA,0.08738800287244511,0.1006542451796199,0.09554451698709993,0.10996579908066179,NA,0.2671142435073451,0.29250859819360303,0.2964713211800708,0.3055373565632795,NA,0.0643775885831583,0.06912245133613908,0.06577767710200436,0.068095901831964,NA
