experiment,vmd_mean,vmd_sd,vmd_median,fpf_mean,fpf_sd,fpf_median,rf_mean,rf_sd,rf_median,efpf_mean,efpf_sd,efpf_median,vmd_A_median,vmd_B_median,vmd_C_median,vmd_D_median,vmd_F_median,fpf_A_median,fpf_B_median,fpf_C_median,fpf_D_median,fpf_F_median,rf_A_median,rf_B_median,rf_C_median,rf_D_median,rf_F_median,efpf_A_median,efpf_B_median,efpf_C_median,efpf_D_median,efpf_F_median
Exp33-1074,22.346198114429825,14.915449408122171,18.4785347,0.0628660951248008,0.020874234518970435,0.061862503662729995,0.1944647002393964,0.06576239290257845,0.1947322840988555,0.01979230749574747,0.01565808792842095,0.016973232254395003,NA,21.54438972,21.54438972,18.4785347,25.11891365,NA,0.05784238845111,0.06525317281479,0.058348351996367696,0.044851399426291766,NA,0.17430768296118998,0.18975261002781998,0.2119006916879,0.044903113948124566,NA,0.01803387939929,0.02186071217061,0.011321959346529999,1.1434924623744307e-27
