experiment,vmd_mean,vmd_sd,vmd_median,fpf_mean,fpf_sd,fpf_median,rf_mean,rf_sd,rf_median,efpf_mean,efpf_sd,efpf_median,vmd_A_median,vmd_B_median,vmd_C_median,vmd_D_median,vmd_F_median,fpf_A_median,fpf_B_median,fpf_C_median,fpf_D_median,fpf_F_median,rf_A_median,rf_B_median,rf_C_median,rf_D_median,rf_F_median,efpf_A_median,efpf_B_median,efpf_C_median,efpf_D_median,efpf_F_median
Exp39-1005,81.43110767157896,162.28097892651948,25.11891365,0.05098638617029226,0.031025516093255184,0.050411958284685005,0.1400141673901512,0.10091469763566815,0.138106138575799,0.022714626448309596,0.02277901470619795,0.019551322665065998,NA,43.11338806,39.81079483,25.11891365,19.356252195,NA,0.05563525329343699,0.050411958284685005,0.0516505873389628,0.0346048029698095,NA,0.100163130862582,0.080130678005515,0.162004149053203,0.1579950704610795,NA,0.032069626701997,0.027023367472005,0.02765789998695,2.4239236488949998e-4
