experiment,vmd_mean,vmd_sd,vmd_median,fpf_mean,fpf_sd,fpf_median,rf_mean,rf_sd,rf_median,efpf_mean,efpf_sd,efpf_median,vmd_A_median,vmd_B_median,vmd_C_median,vmd_D_median,vmd_F_median,fpf_A_median,fpf_B_median,fpf_C_median,fpf_D_median,fpf_F_median,rf_A_median,rf_B_median,rf_C_median,rf_D_median,rf_F_median,efpf_A_median,efpf_B_median,efpf_C_median,efpf_D_median,efpf_F_median
Exp24-1100,31.1547951074717,30.995074122304008,18.4785347,0.11405499543178026,0.03860102388843242,0.11602670118216,0.23517884806888792,0.06885377506852483,0.24275712549688,0.055988008637655455,0.029494738347073723,0.051791664212900004,100.00019836,18.4785347,18.4785347,18.4785347,13.59359074,0.0737294054031,0.11137377411124,0.11813891291615,0.11700628340247,0.055819345340119814,0.1605552315711,0.24017083227632,0.24085215330117002,0.24753068268302003,0.29213684923947003,0.0737294054031,0.052368315458330005,0.052537783682389996,0.04962047636507,0.024287332221845
