experiment,vmd_mean,vmd_sd,vmd_median,fpf_mean,fpf_sd,fpf_median,rf_mean,rf_sd,rf_median,efpf_mean,efpf_sd,efpf_median,vmd_A_median,vmd_B_median,vmd_C_median,vmd_D_median,vmd_F_median,fpf_A_median,fpf_B_median,fpf_C_median,fpf_D_median,fpf_F_median,rf_A_median,rf_B_median,rf_C_median,rf_D_median,rf_F_median,efpf_A_median,efpf_B_median,efpf_C_median,efpf_D_median,efpf_F_median
Exp39-1107,29.468379672105264,25.286743312161857,25.11891365,0.11605227388657607,0.07901622464716411,0.127310025431184,0.20479343958412238,0.0992128170040631,0.22321151733400002,0.05813450752120368,0.07013872835593422,0.04275213360784,NA,25.11891365,29.28650284,20.01146221,25.11891365,NA,0.083975061625245,0.18287272494639545,0.14661024497818748,0.063655012715592,NA,0.127567493170465,0.18287272494639545,0.2469848987460855,0.20733491897600165,NA,0.03758474320172,0.17365973174562999,0.050129953771835,0.0076730446703720005
