experiment,vmd_mean,vmd_sd,vmd_median,fpf_mean,fpf_sd,fpf_median,rf_mean,rf_sd,rf_median,efpf_mean,efpf_sd,efpf_median,vmd_A_median,vmd_B_median,vmd_C_median,vmd_D_median,vmd_F_median,fpf_A_median,fpf_B_median,fpf_C_median,fpf_D_median,fpf_F_median,rf_A_median,rf_B_median,rf_C_median,rf_D_median,rf_F_median,efpf_A_median,efpf_B_median,efpf_C_median,efpf_D_median,efpf_F_median
Exp24-1098,31.051437820340265,30.943236745010264,18.4785347,0.10831168361287993,0.03788352162818142,0.11047223567965,0.23837788947689842,0.06005647726638392,0.24361525595183,0.06180532194855166,0.0296636747900885,0.05887112140657,100.00019836,18.4785347,18.4785347,18.4785347,13.59359074,0.0688425588608,0.10535981953149999,0.11250013411043999,0.11602885663491999,0.03507133573302223,0.1608613991738,0.24361525595183,0.24088709533198,0.24660515546793,0.29219549417494,0.0688425588608,0.05617725133893,0.0597867095471,0.059524002671289995,0.0240317490697
