experiment,vmd_mean,vmd_sd,vmd_median,fpf_mean,fpf_sd,fpf_median,rf_mean,rf_sd,rf_median,efpf_mean,efpf_sd,efpf_median,vmd_A_median,vmd_B_median,vmd_C_median,vmd_D_median,vmd_F_median,fpf_A_median,fpf_B_median,fpf_C_median,fpf_D_median,fpf_F_median,rf_A_median,rf_B_median,rf_C_median,rf_D_median,rf_F_median,efpf_A_median,efpf_B_median,efpf_C_median,efpf_D_median,efpf_F_median
Exp39-1003,52.642578916170216,117.9517619213685,25.11891365,0.04547460648329728,0.026735458686342625,0.040728853344860004,0.1771033747926262,0.12658812708393136,0.15824108123784,0.01286588845541499,0.019622482482766535,1.19609264657e-4,NA,43.11338806,39.81079483,25.11891365,20.01146221,NA,0.05563525329343699,0.050411958284685005,0.0516505873389628,0.0398302393208881,NA,0.100163130862582,0.080130678005515,0.162004149053203,0.18452679855526605,NA,0.032069626701997,0.027023367472005,0.02765789998695,0
