experiment,vmd_mean,vmd_sd,vmd_median,fpf_mean,fpf_sd,fpf_median,rf_mean,rf_sd,rf_median,efpf_mean,efpf_sd,efpf_median,vmd_A_median,vmd_B_median,vmd_C_median,vmd_D_median,vmd_F_median,fpf_A_median,fpf_B_median,fpf_C_median,fpf_D_median,fpf_F_median,rf_A_median,rf_B_median,rf_C_median,rf_D_median,rf_F_median,efpf_A_median,efpf_B_median,efpf_C_median,efpf_D_median,efpf_F_median
Exp33-1076,20.835227326782608,11.030032110814123,18.4785347,0.06550063050930276,0.021317282898564976,0.06379841059446,0.19672079826521868,0.06600413408597076,0.19753947936003,0.0205059733779773,0.01587923950595604,0.01795822180808,NA,21.54438972,18.4785347,18.4785347,25.11891365,NA,0.059011059254437,0.06884677305815501,0.059970429986673006,0.043315372348295855,NA,0.17707312271001002,0.19234262019401,0.21728410243970997,0.076994407642613,NA,0.01808420747519,0.022302782908109997,0.0121383716911,0.0150051940046205
