experiment,vmd_mean,vmd_sd,vmd_median,fpf_mean,fpf_sd,fpf_median,rf_mean,rf_sd,rf_median,efpf_mean,efpf_sd,efpf_median,vmd_A_median,vmd_B_median,vmd_C_median,vmd_D_median,vmd_F_median,fpf_A_median,fpf_B_median,fpf_C_median,fpf_D_median,fpf_F_median,rf_A_median,rf_B_median,rf_C_median,rf_D_median,rf_F_median,efpf_A_median,efpf_B_median,efpf_C_median,efpf_D_median,efpf_F_median
Exp33-1104,28.341464533070866,24.87267494465464,20.01146221,0.07363125839480991,0.023129926120588628,0.07260699061577432,0.19324840120587908,0.06779705150790241,0.192875251024975,0.01872606045209802,0.030791549981129,0.00199687692802415,NA,21.54438972,21.54438972,18.4785347,21.54438972,NA,0.064564353730521,0.07281807016382863,0.0735246518255,0.07601865470405,NA,0.177096926160136,0.18700223129251298,0.209403872191946,0.17824745409204,NA,0.002840215265753,0.0063522058725459995,6.99409320951e-4,0.0031103086634556
