experiment,vmd_mean,vmd_sd,vmd_median,fpf_mean,fpf_sd,fpf_median,rf_mean,rf_sd,rf_median,efpf_mean,efpf_sd,efpf_median,vmd_A_median,vmd_B_median,vmd_C_median,vmd_D_median,vmd_F_median,fpf_A_median,fpf_B_median,fpf_C_median,fpf_D_median,fpf_F_median,rf_A_median,rf_B_median,rf_C_median,rf_D_median,rf_F_median,efpf_A_median,efpf_B_median,efpf_C_median,efpf_D_median,efpf_F_median
Exp39-1004,60.426214316896555,133.4689181047575,25.11891365,0.04749551345015602,0.029208823969024158,0.04331935670684381,0.15423664547726776,0.11293286006713693,0.138106138575799,0.017670474488389397,0.021833171517276984,0.0027479237318,NA,43.11338806,39.81079483,25.11891365,21.798724175,NA,0.05563525329343699,0.050411958284685005,0.0516505873389628,0.039962838487676,NA,0.100163130862582,0.080130678005515,0.162004149053203,0.16000675740192033,NA,0.032069626701997,0.027023367472005,0.02765789998695,0
