experiment,vmd_mean,vmd_sd,vmd_median,fpf_mean,fpf_sd,fpf_median,rf_mean,rf_sd,rf_median,efpf_mean,efpf_sd,efpf_median,vmd_A_median,vmd_B_median,vmd_C_median,vmd_D_median,vmd_F_median,fpf_A_median,fpf_B_median,fpf_C_median,fpf_D_median,fpf_F_median,rf_A_median,rf_B_median,rf_C_median,rf_D_median,rf_F_median,efpf_A_median,efpf_B_median,efpf_C_median,efpf_D_median,efpf_F_median
Exp39-1072,25.54476475625,20.379433569561876,21.54438972,0.056576165600099065,0.02526369374567899,0.059490967746852,0.17561489092783095,0.08761090773468298,0.17022173866629503,0.0153462220192845,0.010556820816133617,0.015490951612585,NA,23.331651685,29.28650284,20.01146221,13.59359074,NA,0.063741414695975,0.04556680619716,0.06503657653927,0.044798787592169084,NA,0.133522429317195,0.08737936735161,0.189826038181855,0.2828487548811691,NA,0.02740037590265,0.01226948082447,0.015490951612585,0
