experiment,vmd_mean,vmd_sd,vmd_median,fpf_mean,fpf_sd,fpf_median,rf_mean,rf_sd,rf_median,efpf_mean,efpf_sd,efpf_median,vmd_A_median,vmd_B_median,vmd_C_median,vmd_D_median,vmd_F_median,fpf_A_median,fpf_B_median,fpf_C_median,fpf_D_median,fpf_F_median,rf_A_median,rf_B_median,rf_C_median,rf_D_median,rf_F_median,efpf_A_median,efpf_B_median,efpf_C_median,efpf_D_median,efpf_F_median
Exp29-1048,118.53001500507463,173.25393873897903,21.54438972,0.09434214817473152,0.02278829827290921,0.09822545699485336,0.21455696230033425,0.041618367484641844,0.21815218209173406,0.0747540476971485,0.022568958243620197,0.0792779701156639,29.28650284,25.11891365,21.54438972,25.11891365,NA,0.08218566925820939,0.09576084912123793,0.1003610274688112,0.09770339198410376,NA,0.1923569908886094,0.21097099484520387,0.22561888920637024,0.203054390773113,NA,0.06340748609602939,0.07545964853913648,0.08153192232332772,0.080647028386577,NA
