experiment,vmd_mean,vmd_sd,vmd_median,fpf_mean,fpf_sd,fpf_median,rf_mean,rf_sd,rf_median,efpf_mean,efpf_sd,efpf_median,vmd_A_median,vmd_B_median,vmd_C_median,vmd_D_median,vmd_F_median,fpf_A_median,fpf_B_median,fpf_C_median,fpf_D_median,fpf_F_median,rf_A_median,rf_B_median,rf_C_median,rf_D_median,rf_F_median,efpf_A_median,efpf_B_median,efpf_C_median,efpf_D_median,efpf_F_median
Exp39-1038,23.116393150666667,7.916909307451787,21.54438972,0.07707221509219091,0.0360818905825628,0.07448085010047001,0.20214604264698938,0.10128539808139646,0.189303611293522,0.03600653562769937,0.029263912245791848,0.043192968517534,NA,27.202708245,34.1455574,21.54438972,13.754065035,NA,0.07755342472344001,0.05772848902271,0.0905532054044475,0.062893802672605,NA,0.14602016795429001,0.10018164394428,0.193701280430023,0.307726873904405,NA,0.04624070469289,0.032977047171451,0.051039188224828,0
