experiment,vmd_mean,vmd_sd,vmd_median,fpf_mean,fpf_sd,fpf_median,rf_mean,rf_sd,rf_median,efpf_mean,efpf_sd,efpf_median,vmd_A_median,vmd_B_median,vmd_C_median,vmd_D_median,vmd_F_median,fpf_A_median,fpf_B_median,fpf_C_median,fpf_D_median,fpf_F_median,rf_A_median,rf_B_median,rf_C_median,rf_D_median,rf_F_median,efpf_A_median,efpf_B_median,efpf_C_median,efpf_D_median,efpf_F_median
Exp29-1013,129.2651104680247,174.27386469032788,25.11891365,0.06004912557076807,0.012221240568938864,0.058591906223438496,0.18138077085788282,0.033054921942484494,0.1838845563711644,0.0397704694117455,0.008226202071153389,0.03948111820224044,34.1455574,29.28650284,21.54438972,NA,NA,0.052715689854916176,0.059349979013193,0.0571206187503427,NA,NA,0.15981667371301617,0.173798925764793,0.18695991568658538,NA,NA,0.036956543329388775,0.040556992366897,0.03861959484945273,NA,NA
