experiment,vmd_mean,vmd_sd,vmd_median,fpf_mean,fpf_sd,fpf_median,rf_mean,rf_sd,rf_median,efpf_mean,efpf_sd,efpf_median,vmd_A_median,vmd_B_median,vmd_C_median,vmd_D_median,vmd_F_median,fpf_A_median,fpf_B_median,fpf_C_median,fpf_D_median,fpf_F_median,rf_A_median,rf_B_median,rf_C_median,rf_D_median,rf_F_median,efpf_A_median,efpf_B_median,efpf_C_median,efpf_D_median,efpf_F_median
Exp33-1099,28.445088642822583,25.078720178506046,20.01146221,0.06582233402104833,0.024576888174854896,0.0639656526828295,0.188827146266476,0.06497713389923768,0.18640810579065498,0.01808780475330106,0.02007240133516644,0.013299108147599999,NA,21.54438972,21.54438972,18.4785347,25.11891365,NA,0.0603981159627,0.06816902190445,0.06096839852633,0.061464101597698,NA,0.173294769898,0.18328311935069,0.20144438371064102,0.136173438131769,NA,0.01288114517928,0.01601293489338,0.0094159861654,0.010738404691209
