experiment,vmd_mean,vmd_sd,vmd_median,fpf_mean,fpf_sd,fpf_median,rf_mean,rf_sd,rf_median,efpf_mean,efpf_sd,efpf_median,vmd_A_median,vmd_B_median,vmd_C_median,vmd_D_median,vmd_F_median,fpf_A_median,fpf_B_median,fpf_C_median,fpf_D_median,fpf_F_median,rf_A_median,rf_B_median,rf_C_median,rf_D_median,rf_F_median,efpf_A_median,efpf_B_median,efpf_C_median,efpf_D_median,efpf_F_median
Exp20-1101,99.30688893033333,7.090222110425477,100.00019836,0.1314190354624804,0.04374518560808624,0.11120735645250648,0.16983558018371633,0.038976434746831434,0.16470725876839426,0.11383147036203524,0.025116752848395946,0.10782485157242,100.00019836,100.00019836,100.00019836,NA,NA,0.08503666639325048,0.11702045440700345,0.10463849067700653,NA,NA,0.18567425489420047,0.17216533839733345,0.148387185596265,NA,NA,0.08503666639325048,0.109542484283,0.103580617905,NA,NA
