experiment,vmd_mean,vmd_sd,vmd_median,fpf_mean,fpf_sd,fpf_median,rf_mean,rf_sd,rf_median,efpf_mean,efpf_sd,efpf_median,vmd_A_median,vmd_B_median,vmd_C_median,vmd_D_median,vmd_F_median,fpf_A_median,fpf_B_median,fpf_C_median,fpf_D_median,fpf_F_median,rf_A_median,rf_B_median,rf_C_median,rf_D_median,rf_F_median,efpf_A_median,efpf_B_median,efpf_C_median,efpf_D_median,efpf_F_median
Exp20-1072,97.31480143914285,12.446594899419132,100.00019836,0.1195843829881141,0.023853567107979406,0.11502096159351316,0.15403720502741278,0.029853618701656592,0.149555788934395,0.11881344828008017,0.0228289993466918,0.1147608470915055,100.00019836,100.00019836,100.00019836,NA,NA,0.08940386295319999,0.11657331466700001,0.11141131401108231,NA,NA,0.18053256943803184,0.15345465481241,0.1392935782675633,NA,NA,0.08940386295319999,0.11657331466700001,0.11127248764000001,NA,NA
