experiment,vmd_mean,vmd_sd,vmd_median,fpf_mean,fpf_sd,fpf_median,rf_mean,rf_sd,rf_median,efpf_mean,efpf_sd,efpf_median,vmd_A_median,vmd_B_median,vmd_C_median,vmd_D_median,vmd_F_median,fpf_A_median,fpf_B_median,fpf_C_median,fpf_D_median,fpf_F_median,rf_A_median,rf_B_median,rf_C_median,rf_D_median,rf_F_median,efpf_A_median,efpf_B_median,efpf_C_median,efpf_D_median,efpf_F_median
Exp29-1078,13.331681604776119,1.7260013233414142,13.59359074,0.06319589561700782,0.01973777863476874,0.059593426995002,0.285575712346044,0.02957150933976241,0.2857313320452942,0.027212547884320606,0.012137208606105631,0.024325741492207,13.59359074,13.59359074,13.59359074,13.59359074,NA,0.048629887246414844,0.06098078429700005,0.05814113005605361,0.064639279870303,NA,0.25938997521341484,0.28529786671972795,0.28768152891663135,0.28014772117134,NA,0.02332373871732484,0.02610661476851,0.02422664241862995,0.02285822540522,NA
