experiment,vmd_mean,vmd_sd,vmd_median,fpf_mean,fpf_sd,fpf_median,rf_mean,rf_sd,rf_median,efpf_mean,efpf_sd,efpf_median,vmd_A_median,vmd_B_median,vmd_C_median,vmd_D_median,vmd_F_median,fpf_A_median,fpf_B_median,fpf_C_median,fpf_D_median,fpf_F_median,rf_A_median,rf_B_median,rf_C_median,rf_D_median,rf_F_median,efpf_A_median,efpf_B_median,efpf_C_median,efpf_D_median,efpf_F_median
Exp29-1072,14.034309584228856,2.0296982110612314,13.59359074,0.05944375713752019,0.01807927165828635,0.05451958209281,0.26480132709181936,0.03370322340510302,0.26537735067311613,0.027101577082937815,0.011962495643506243,0.024264105703748786,13.59359074,13.59359074,13.59359074,13.59359074,NA,0.04408999256794,0.05442491754893,0.05349221031925189,0.058308814466,NA,0.23484630875304,0.25903393536800273,0.269294579145423,0.26478774607184,NA,0.0225858783722,0.02571619749070036,0.023875581026050058,0.022752503156659998,NA
