experiment,vmd_mean,vmd_sd,vmd_median,fpf_mean,fpf_sd,fpf_median,rf_mean,rf_sd,rf_median,efpf_mean,efpf_sd,efpf_median,vmd_A_median,vmd_B_median,vmd_C_median,vmd_D_median,vmd_F_median,fpf_A_median,fpf_B_median,fpf_C_median,fpf_D_median,fpf_F_median,rf_A_median,rf_B_median,rf_C_median,rf_D_median,rf_F_median,efpf_A_median,efpf_B_median,efpf_C_median,efpf_D_median,efpf_F_median
Exp39-1064,77.79907096722222,168.79670006882853,18.4785347,0.12481335090550408,0.13497107212912549,0.071977652013291,0.24068196683784673,0.16293850552514064,0.21737927798760087,0.04645290493509544,0.0856807227119702,0.00107468110160185,NA,36.978176115,29.28650284,15.84896278,18.4785347,NA,0.064278558529894,0.04401596866549,0.10270534770474209,0.0459621788049649,NA,0.168070228137044,0.15451763473449,0.266908942312015,0.1962025834107649,NA,0.003020732291045,0,0.011277588176577088,5.06014609709e-5
