experiment,vmd_mean,vmd_sd,vmd_median,fpf_mean,fpf_sd,fpf_median,rf_mean,rf_sd,rf_median,efpf_mean,efpf_sd,efpf_median,vmd_A_median,vmd_B_median,vmd_C_median,vmd_D_median,vmd_F_median,fpf_A_median,fpf_B_median,fpf_C_median,fpf_D_median,fpf_F_median,rf_A_median,rf_B_median,rf_C_median,rf_D_median,rf_F_median,efpf_A_median,efpf_B_median,efpf_C_median,efpf_D_median,efpf_F_median
Exp24-1062,365.5685132198872,211.58310592087392,464.15979004,0.08839424841191695,0.09201991248357391,0.05748628151966865,0.1626174893012511,0.11646177046727328,0.1324722861219355,0.030497421847997187,0.053602911601740244,0.0036770498752574997,541.17059326,398.10794067,464.15979004,464.15979004,541.17059326,0.011948228329427,0.06681666564194,0.06054095178831,0.043932990898619004,0,0.031473173052087,0.141480116359725,0.140817327685516,0.10991404064113601,1.943491682814999e-6,2.60239988565e-4,0.00734108965843,0.00441615276039,8.182048840264069e-4,0
