experiment,vmd_mean,vmd_sd,vmd_median,fpf_mean,fpf_sd,fpf_median,rf_mean,rf_sd,rf_median,efpf_mean,efpf_sd,efpf_median,vmd_A_median,vmd_B_median,vmd_C_median,vmd_D_median,vmd_F_median,fpf_A_median,fpf_B_median,fpf_C_median,fpf_D_median,fpf_F_median,rf_A_median,rf_B_median,rf_C_median,rf_D_median,rf_F_median,efpf_A_median,efpf_B_median,efpf_C_median,efpf_D_median,efpf_F_median
Exp29-1014,130.19199838526666,175.18591460259145,25.11891365,0.0601521588863482,0.012076608786134846,0.0586921382858625,0.1814719330530948,0.03336317993978716,0.1838845563711644,0.039839406292088285,0.00826694945669442,0.039543522193556,34.1455574,29.28650284,21.54438972,NA,NA,0.052715689854916176,0.059349979013193,0.057672126590396784,NA,NA,0.15981667371301617,0.173798925764793,0.18801599143854647,NA,NA,0.036956543329388775,0.040556992366897,0.03869167633504235,NA,NA
