experiment,vmd_mean,vmd_sd,vmd_median,fpf_mean,fpf_sd,fpf_median,rf_mean,rf_sd,rf_median,efpf_mean,efpf_sd,efpf_median,vmd_A_median,vmd_B_median,vmd_C_median,vmd_D_median,vmd_F_median,fpf_A_median,fpf_B_median,fpf_C_median,fpf_D_median,fpf_F_median,rf_A_median,rf_B_median,rf_C_median,rf_D_median,rf_F_median,efpf_A_median,efpf_B_median,efpf_C_median,efpf_D_median,efpf_F_median
Exp24-1030,15.360291859124237,7.835375145109078,13.59359074,0.18627739371773738,0.044148211466991646,0.18500953316690003,0.3324623527037585,0.053544653045054263,0.33287117086371,0.13537558119672746,0.03963436570348146,0.13223987296223,25.11891365,13.59359074,13.59359074,13.59359074,12.626379015,0.20709439262752,0.1755962572619795,0.1855575883760625,0.18574185006321,0.138533053798607,0.27308870419862,0.3247340463473695,0.333053994737535,0.357500983960931,0.31769565837011554,0.17437357053164,0.13228932090105,0.133313504643722,0.1278519802168075,0.080381510360167
