experiment,vmd_mean,vmd_sd,vmd_median,fpf_mean,fpf_sd,fpf_median,rf_mean,rf_sd,rf_median,efpf_mean,efpf_sd,efpf_median,vmd_A_median,vmd_B_median,vmd_C_median,vmd_D_median,vmd_F_median,fpf_A_median,fpf_B_median,fpf_C_median,fpf_D_median,fpf_F_median,rf_A_median,rf_B_median,rf_C_median,rf_D_median,rf_F_median,efpf_A_median,efpf_B_median,efpf_C_median,efpf_D_median,efpf_F_median
Exp20-1020,99.67478601560283,3.8640574967169115,100.00019836,0.10782366641883022,0.022886923858256737,0.10334835052500001,0.16795855706004936,0.027766662431369812,0.16452121257782001,0.10781648866686973,0.0228835287894592,0.10334835052500001,100.00019836,100.00019836,NA,NA,NA,0.07784955739975,0.10463237762500001,NA,NA,NA,0.18961404442789997,0.16452121257782001,NA,NA,NA,0.07784955739975,0.10463237762500001,NA,NA,NA
