experiment,vmd_mean,vmd_sd,vmd_median,fpf_mean,fpf_sd,fpf_median,rf_mean,rf_sd,rf_median,efpf_mean,efpf_sd,efpf_median,vmd_A_median,vmd_B_median,vmd_C_median,vmd_D_median,vmd_F_median,fpf_A_median,fpf_B_median,fpf_C_median,fpf_D_median,fpf_F_median,rf_A_median,rf_B_median,rf_C_median,rf_D_median,rf_F_median,efpf_A_median,efpf_B_median,efpf_C_median,efpf_D_median,efpf_F_median
Exp24-1014,371.53697827232025,181.95480304325832,464.15979004,0.07318766583521795,0.02247927683599707,0.0750678845867555,0.13462231091203408,0.05159241427827406,0.1339068141393315,0.05362492447368089,0.01613675732260069,0.05481616751290849,541.17059326,398.10794067,464.15979004,NA,NA,0.039853421673175,0.075104665085682,0.07513108242303501,NA,NA,0.054388052597634996,0.133896362334463,0.13659857913850101,NA,NA,0.034168025627735,0.05568759124725,0.054645117288444,NA,NA
