experiment,vmd_mean,vmd_sd,vmd_median,fpf_mean,fpf_sd,fpf_median,rf_mean,rf_sd,rf_median,efpf_mean,efpf_sd,efpf_median,vmd_A_median,vmd_B_median,vmd_C_median,vmd_D_median,vmd_F_median,fpf_A_median,fpf_B_median,fpf_C_median,fpf_D_median,fpf_F_median,rf_A_median,rf_B_median,rf_C_median,rf_D_median,rf_F_median,efpf_A_median,efpf_B_median,efpf_C_median,efpf_D_median,efpf_F_median
Exp33-1029,19.364107825438598,7.913533334104809,18.4785347,0.10021329577213864,0.03686806883027696,0.0989017654210145,0.2289863221397464,0.06943069176309095,0.23221080861986348,0.055113550890408106,0.032686234101642536,0.05575268643588477,NA,18.4785347,18.4785347,18.4785347,25.11891365,NA,0.097193141616865,0.108888178542243,0.08962298069145701,0.08139229750735792,NA,0.212295814314819,0.232525982558831,0.2374712419137535,0.1362274291342228,NA,0.058336736187304006,0.062715753167867,0.045253983922304494,0.039964352608742926
