experiment,vmd_mean,vmd_sd,vmd_median,fpf_mean,fpf_sd,fpf_median,rf_mean,rf_sd,rf_median,efpf_mean,efpf_sd,efpf_median,vmd_A_median,vmd_B_median,vmd_C_median,vmd_D_median,vmd_F_median,fpf_A_median,fpf_B_median,fpf_C_median,fpf_D_median,fpf_F_median,rf_A_median,rf_B_median,rf_C_median,rf_D_median,rf_F_median,efpf_A_median,efpf_B_median,efpf_C_median,efpf_D_median,efpf_F_median
Exp29-1090,15.03644891915423,1.3226346669524924,15.84896278,0.060753745626667584,0.021003524865038207,0.056771822497261,0.2529516083419417,0.02844491538925225,0.25196503609414,0.02276653959706428,0.014008389043451995,0.01935939073563,15.84896278,15.84896278,15.84896278,15.84896278,NA,0.045885983046296916,0.057270339652956005,0.0561162403598885,0.061898226439885004,NA,0.2229091506564969,0.24784711800514198,0.252175893737007,0.260222133584338,NA,0.016977545742116917,0.02061610698701,0.019125703796745,0.01992498487233,NA
