experiment,vmd_mean,vmd_sd,vmd_median,fpf_mean,fpf_sd,fpf_median,rf_mean,rf_sd,rf_median,efpf_mean,efpf_sd,efpf_median,vmd_A_median,vmd_B_median,vmd_C_median,vmd_D_median,vmd_F_median,fpf_A_median,fpf_B_median,fpf_C_median,fpf_D_median,fpf_F_median,rf_A_median,rf_B_median,rf_C_median,rf_D_median,rf_F_median,efpf_A_median,efpf_B_median,efpf_C_median,efpf_D_median,efpf_F_median
Exp33-1066,90.8123846630736,193.63702099182987,7.35643721,0.3988208501238636,0.1607658001333057,0.43433846384284003,0.5221677359110598,0.18789233140779646,0.5624343234300401,0.2321904172518816,0.1139690828985428,0.25981579303724,NA,6.30958605,6.30958605,7.35643721,7.35643721,NA,0.44551513269536003,0.44873584315172005,0.4105382513999855,0.411467611342625,NA,0.5601937702299901,0.56944956682639,0.5639211290747775,0.52946614995601,NA,0.28475706413376,0.273829365037513,0.22861538799939002,0.22298254922032498
