experiment,vmd_mean,vmd_sd,vmd_median,fpf_mean,fpf_sd,fpf_median,rf_mean,rf_sd,rf_median,efpf_mean,efpf_sd,efpf_median,vmd_A_median,vmd_B_median,vmd_C_median,vmd_D_median,vmd_F_median,fpf_A_median,fpf_B_median,fpf_C_median,fpf_D_median,fpf_F_median,rf_A_median,rf_B_median,rf_C_median,rf_D_median,rf_F_median,efpf_A_median,efpf_B_median,efpf_C_median,efpf_D_median,efpf_F_median
Exp39-1082,20.076724893529413,5.418196680669749,21.54438972,0.06234680189231524,0.018780275259110822,0.06223357334731,0.18899344606735172,0.09787572622877509,0.18350535109648,0.01469530916170166,0.01077562042121588,0.01431552931667,NA,23.331651685,29.28650284,18.4785347,13.59359074,NA,0.06842584624888501,0.04821081340311,0.07027058511975999,0.05720888835841369,NA,0.144119344502735,0.09368487417691,0.19518910884839,0.2796023891633137,NA,0.028205765485765,0.01227759212254,0.01634941041469,0.0035912430286408918
