experiment,vmd_mean,vmd_sd,vmd_median,fpf_mean,fpf_sd,fpf_median,rf_mean,rf_sd,rf_median,efpf_mean,efpf_sd,efpf_median,vmd_A_median,vmd_B_median,vmd_C_median,vmd_D_median,vmd_F_median,fpf_A_median,fpf_B_median,fpf_C_median,fpf_D_median,fpf_F_median,rf_A_median,rf_B_median,rf_C_median,rf_D_median,rf_F_median,efpf_A_median,efpf_B_median,efpf_C_median,efpf_D_median,efpf_F_median
Exp33-1109,25.917062709453127,20.426272277803687,21.54438972,0.020453573505102202,0.035972997898127315,0.004445255715401,0.13048004940002622,0.11266636251621759,0.113218135833665,8.270298615784435e-4,0.003588888866865233,0,NA,21.54438972,21.54438972,21.54438972,21.54438972,NA,0.0031650847196600003,0.004255189113318,0.005732364725791692,8.44266116619e-4,NA,0.1074937438965,0.10499836295844,0.12408545501209169,0.06685899049053,NA,0,0,0,0
