experiment,vmd_mean,vmd_sd,vmd_median,fpf_mean,fpf_sd,fpf_median,rf_mean,rf_sd,rf_median,efpf_mean,efpf_sd,efpf_median,vmd_A_median,vmd_B_median,vmd_C_median,vmd_D_median,vmd_F_median,fpf_A_median,fpf_B_median,fpf_C_median,fpf_D_median,fpf_F_median,rf_A_median,rf_B_median,rf_C_median,rf_D_median,rf_F_median,efpf_A_median,efpf_B_median,efpf_C_median,efpf_D_median,efpf_F_median
Exp39-1083,19.76158809625,5.432599363440796,20.01146221,0.06186410248031747,0.019434834879289126,0.06412229210135,0.19434066734958436,0.09790829011425119,0.18757552117104997,0.01413726024795672,0.010841580169662725,0.013313261345035025,NA,23.331651685,29.28650284,18.4785347,13.59359074,NA,0.067272524833665,0.04725275784731,0.07115480571984001,0.056911251170146115,NA,0.14244096159931502,0.09254462331541999,0.20719648018473502,0.2791628452367461,NA,0.02793113008142,0.01219571292401,0.01528603218496,0.003618914484980113
