experiment,vmd_mean,vmd_sd,vmd_median,fpf_mean,fpf_sd,fpf_median,rf_mean,rf_sd,rf_median,efpf_mean,efpf_sd,efpf_median,vmd_A_median,vmd_B_median,vmd_C_median,vmd_D_median,vmd_F_median,fpf_A_median,fpf_B_median,fpf_C_median,fpf_D_median,fpf_F_median,rf_A_median,rf_B_median,rf_C_median,rf_D_median,rf_F_median,efpf_A_median,efpf_B_median,efpf_C_median,efpf_D_median,efpf_F_median
Exp24-1023,157.380104658035,159.56261303321673,46.41598129,0.09844523327696478,0.032909320793251144,0.1012504201009995,0.18239992170490568,0.07290200600194603,0.18022498836740203,0.07096532201463379,0.024289448949235643,0.0734970734641045,398.10794067,46.41598129,46.41598129,39.81079483,NA,0.06558071661741699,0.100443432256575,0.10122702464465601,0.10285087980322,NA,0.087187411077337,0.179296491146068,0.181663799025137,0.182723148316147,NA,0.055319523699597,0.074919971227632,0.073467850908636,0.07231300592423501,NA
