experiment,vmd_mean,vmd_sd,vmd_median,fpf_mean,fpf_sd,fpf_median,rf_mean,rf_sd,rf_median,efpf_mean,efpf_sd,efpf_median,vmd_A_median,vmd_B_median,vmd_C_median,vmd_D_median,vmd_F_median,fpf_A_median,fpf_B_median,fpf_C_median,fpf_D_median,fpf_F_median,rf_A_median,rf_B_median,rf_C_median,rf_D_median,rf_F_median,efpf_A_median,efpf_B_median,efpf_C_median,efpf_D_median,efpf_F_median
Exp20-1099,99.30688893033333,7.090222110425477,100.00019836,0.1214220051742821,0.0378304900927504,0.1068631505970061,0.17003659518920686,0.03592357423300625,0.16339815050360507,0.11167181830967776,0.0243895514343081,0.10587443828600002,100.00019836,100.00019836,100.00019836,NA,NA,0.08122886180879998,0.10847681999200118,0.102474365234,NA,NA,0.18898682475091,0.17287819087479,0.149535074234,NA,NA,0.08122886180879998,0.107655076981,0.102474365234,NA,NA
