experiment,vmd_mean,vmd_sd,vmd_median,fpf_mean,fpf_sd,fpf_median,rf_mean,rf_sd,rf_median,efpf_mean,efpf_sd,efpf_median,vmd_A_median,vmd_B_median,vmd_C_median,vmd_D_median,vmd_F_median,fpf_A_median,fpf_B_median,fpf_C_median,fpf_D_median,fpf_F_median,rf_A_median,rf_B_median,rf_C_median,rf_D_median,rf_F_median,efpf_A_median,efpf_B_median,efpf_C_median,efpf_D_median,efpf_F_median
Exp33-1061,141.54363262335968,213.34410369665846,29.28650284,0.017590447888430054,0.03700187512226665,0.003593317270276,0.08496855217205156,0.08527534075976372,0.06947637826198,0.001279172202264985,0.008971466786223738,0,NA,29.28650284,29.28650284,29.28650284,29.28650284,NA,0.004779372792696,0.005803485214713,0.00197558358312,0.002691894844177582,NA,0.07316200899774643,0.078202068209700007,0.05128730282186,0.0403867974773105,NA,0,0,0,0
