experiment,vmd_mean,vmd_sd,vmd_median,fpf_mean,fpf_sd,fpf_median,rf_mean,rf_sd,rf_median,efpf_mean,efpf_sd,efpf_median,vmd_A_median,vmd_B_median,vmd_C_median,vmd_D_median,vmd_F_median,fpf_A_median,fpf_B_median,fpf_C_median,fpf_D_median,fpf_F_median,rf_A_median,rf_B_median,rf_C_median,rf_D_median,rf_F_median,efpf_A_median,efpf_B_median,efpf_C_median,efpf_D_median,efpf_F_median
Exp39-1075,20.60282224375,5.127871251422297,21.54438972,0.061304608556965824,0.019528632778233565,0.061043362244964997,0.1774322813484377,0.09011759794286044,0.17194860540332502,0.014767394363878313,0.011290323003845266,0.01527208939195,NA,23.331651685,29.28650284,18.4785347,19.356252195,NA,0.06729210689665,0.04795698776842,0.07052688598634,0.039775127295869586,NA,0.141279091388,0.09243947461248,0.19653265178201998,0.17394125056686957,NA,0.028034678399570002,0.012306192368269998,0.01626346603036,2.54251267761e-4
