experiment,vmd_mean,vmd_sd,vmd_median,fpf_mean,fpf_sd,fpf_median,rf_mean,rf_sd,rf_median,efpf_mean,efpf_sd,efpf_median,vmd_A_median,vmd_B_median,vmd_C_median,vmd_D_median,vmd_F_median,fpf_A_median,fpf_B_median,fpf_C_median,fpf_D_median,fpf_F_median,rf_A_median,rf_B_median,rf_C_median,rf_D_median,rf_F_median,efpf_A_median,efpf_B_median,efpf_C_median,efpf_D_median,efpf_F_median
Exp24-1019,30.128334144446086,29.091289395140763,18.4785347,0.09729859266242581,0.051995708372296674,0.09986299157151,0.2212834593207275,0.08720968210026912,0.23393680244682,0.06055672929533527,0.03725982684314197,0.059301567673640004,100.00019836,18.4785347,18.4785347,18.4785347,21.54438972,0.0724899864197,0.09771561831243,0.10279077440501,0.10759430229662,0.06381699115043,0.1558704090119,0.235575440824,0.2372173565627,0.24397860229007,0.15748753055932999,0.0724899864197,0.06164591908458,0.06367500007158,0.060070660710360005,0.016099081709986002
