experiment,vmd_mean,vmd_sd,vmd_median,fpf_mean,fpf_sd,fpf_median,rf_mean,rf_sd,rf_median,efpf_mean,efpf_sd,efpf_median,vmd_A_median,vmd_B_median,vmd_C_median,vmd_D_median,vmd_F_median,fpf_A_median,fpf_B_median,fpf_C_median,fpf_D_median,fpf_F_median,rf_A_median,rf_B_median,rf_C_median,rf_D_median,rf_F_median,efpf_A_median,efpf_B_median,efpf_C_median,efpf_D_median,efpf_F_median
Exp33-1097,28.55832164262295,24.89616567383639,21.54438972,0.0628487675798803,0.02340634030735813,0.06058505311604499,0.1856735325190343,0.06427466489839231,0.1819389349781535,0.021510126787974836,0.02061307048497557,0.016105401515960002,NA,21.54438972,21.54438972,18.4785347,25.11891365,NA,0.056511704027649996,0.0634477815032,0.058965445309930004,0.046598851159218996,NA,0.16429214879867002,0.17849192649136,0.19900410011413,0.0544801558554,NA,0.01637716531754,0.01995966896414,0.01252781033517,0.013771621137849998
