experiment,vmd_mean,vmd_sd,vmd_median,fpf_mean,fpf_sd,fpf_median,rf_mean,rf_sd,rf_median,efpf_mean,efpf_sd,efpf_median,vmd_A_median,vmd_B_median,vmd_C_median,vmd_D_median,vmd_F_median,fpf_A_median,fpf_B_median,fpf_C_median,fpf_D_median,fpf_F_median,rf_A_median,rf_B_median,rf_C_median,rf_D_median,rf_F_median,efpf_A_median,efpf_B_median,efpf_C_median,efpf_D_median,efpf_F_median
Exp33-1003,145.87158949285225,215.17770540231294,29.28650284,0.056554907100260246,0.025597810774127112,0.05621055801125843,0.14501230735955156,0.0721682683229905,0.14218359353008,0.02933054064224662,0.021262672216990623,0.0324225895013852,NA,29.28650284,29.28650284,25.11891365,29.28650284,NA,0.063676568306982,0.065646974109117,0.0485537760040786,0.04176714506001651,NA,0.140553349433486,0.14500819586215,0.149775338657191,0.1244039119896175,NA,0.036858564652507,0.037519060445011285,0.027204169854511,0.021718616141002848
