experiment,vmd_mean,vmd_sd,vmd_median,fpf_mean,fpf_sd,fpf_median,rf_mean,rf_sd,rf_median,efpf_mean,efpf_sd,efpf_median,vmd_A_median,vmd_B_median,vmd_C_median,vmd_D_median,vmd_F_median,fpf_A_median,fpf_B_median,fpf_C_median,fpf_D_median,fpf_F_median,rf_A_median,rf_B_median,rf_C_median,rf_D_median,rf_F_median,efpf_A_median,efpf_B_median,efpf_C_median,efpf_D_median,efpf_F_median
Exp20-1038,15.855955318714287,3.8654197236669106,15.84896278,0.33058968841142866,0.04708221467202795,0.330126406475755,0.3973468900763741,0.05308203557948825,0.39536527216434003,0.28191580210839384,0.0438864607479588,0.27892281383267503,13.52775526,15.84896278,15.84896278,NA,NA,0.39067499525851,0.33154161080704,0.32162536561476995,NA,NA,0.44385171629493503,0.3987821903825,0.39133057802915,NA,NA,0.34212379850451,0.27959412008509,0.27765908509479,NA,NA
