experiment,vmd_mean,vmd_sd,vmd_median,fpf_mean,fpf_sd,fpf_median,rf_mean,rf_sd,rf_median,efpf_mean,efpf_sd,efpf_median,vmd_A_median,vmd_B_median,vmd_C_median,vmd_D_median,vmd_F_median,fpf_A_median,fpf_B_median,fpf_C_median,fpf_D_median,fpf_F_median,rf_A_median,rf_B_median,rf_C_median,rf_D_median,rf_F_median,efpf_A_median,efpf_B_median,efpf_C_median,efpf_D_median,efpf_F_median
Exp33-1054,152.44110836885827,219.22895207960636,29.28650284,0.053777996288536654,0.024670329141113233,0.0525416464730815,0.14171077826991474,0.06848824061889637,0.137140441201649,0.010225388444959462,0.02496074005182421,0.0012162946723415001,NA,29.28650284,29.28650284,25.11891365,29.28650284,NA,0.047201039940165,0.050051476378023,0.05596307039256201,0.060344167053761,NA,0.136292858868959,0.131429600752931,0.146293480321809,0.126284750048052,NA,0.001460839621724,0.001355042904612,7.76132941246e-4,0.00180943071842
