experiment,vmd_mean,vmd_sd,vmd_median,fpf_mean,fpf_sd,fpf_median,rf_mean,rf_sd,rf_median,efpf_mean,efpf_sd,efpf_median,vmd_A_median,vmd_B_median,vmd_C_median,vmd_D_median,vmd_F_median,fpf_A_median,fpf_B_median,fpf_C_median,fpf_D_median,fpf_F_median,rf_A_median,rf_B_median,rf_C_median,rf_D_median,rf_F_median,efpf_A_median,efpf_B_median,efpf_C_median,efpf_D_median,efpf_F_median
Exp20-1084,18.746000670380955,2.899412137496333,18.4785347,0.21953323962841578,0.03281866120561395,0.21680997036399,0.2921412913645757,0.04193815932757658,0.28819199310619603,0.16531938741604438,0.030921590793600497,0.16126714944835,21.54438972,18.4785347,18.4785347,NA,NA,0.24295060276977998,0.21939915142948,0.20899062797431,NA,NA,0.29452994793647,0.29417478263383,0.2760657878033355,NA,NA,0.1944731819629,0.16281183719640002,0.1598859596252,NA,NA
