experiment,vmd_mean,vmd_sd,vmd_median,fpf_mean,fpf_sd,fpf_median,rf_mean,rf_sd,rf_median,efpf_mean,efpf_sd,efpf_median,vmd_A_median,vmd_B_median,vmd_C_median,vmd_D_median,vmd_F_median,fpf_A_median,fpf_B_median,fpf_C_median,fpf_D_median,fpf_F_median,rf_A_median,rf_B_median,rf_C_median,rf_D_median,rf_F_median,efpf_A_median,efpf_B_median,efpf_C_median,efpf_D_median,efpf_F_median
Exp20-1043,6.114719006714286,2.0761073768644374,6.30958605,0.4692606630704972,0.05972245481520231,0.459435323327735,0.5805406704470548,0.04640252923961622,0.574920815676345,0.40732468957489804,0.06312724630654197,0.397266823649435,3.11324704,6.30958605,6.30958605,NA,NA,0.54600820362576,0.45605036705733,0.46096595615162,NA,NA,0.63879058778296,0.57353197306409,0.57743093699207,NA,NA,0.48444038987163,0.39336062222719,0.40799733489760004,NA,NA
