experiment,vmd_mean,vmd_sd,vmd_median,fpf_mean,fpf_sd,fpf_median,rf_mean,rf_sd,rf_median,efpf_mean,efpf_sd,efpf_median,vmd_A_median,vmd_B_median,vmd_C_median,vmd_D_median,vmd_F_median,fpf_A_median,fpf_B_median,fpf_C_median,fpf_D_median,fpf_F_median,rf_A_median,rf_B_median,rf_C_median,rf_D_median,rf_F_median,efpf_A_median,efpf_B_median,efpf_C_median,efpf_D_median,efpf_F_median
Exp39-1035,20.675016404,6.557953869791303,18.4785347,0.08381293603789602,0.03686585366358543,0.07652559544889499,0.21571107377573534,0.10314541881216742,0.207988224029492,0.03786036051823222,0.030891947401795506,0.045350209288284996,NA,25.11891365,29.28650284,18.4785347,12.626379015,NA,0.0824614933878095,0.062600045241434,0.09998400731478499,0.064813924133765,NA,0.1527289018780095,0.104780667461444,0.209836957752651,0.320300647318365,NA,0.048117503374809495,0.034075200743984,0.0551337820897015,0
