experiment,vmd_mean,vmd_sd,vmd_median,fpf_mean,fpf_sd,fpf_median,rf_mean,rf_sd,rf_median,efpf_mean,efpf_sd,efpf_median,vmd_A_median,vmd_B_median,vmd_C_median,vmd_D_median,vmd_F_median,fpf_A_median,fpf_B_median,fpf_C_median,fpf_D_median,fpf_F_median,rf_A_median,rf_B_median,rf_C_median,rf_D_median,rf_F_median,efpf_A_median,efpf_B_median,efpf_C_median,efpf_D_median,efpf_F_median
Exp33-1111,26.573123988774704,21.53846742696924,21.54438972,0.019532373113495045,0.045270360652192435,1.48675204876415e-7,0.1234534262002994,0.11719360240539889,0.09504029154771,0.001185114140265481,0.00629003509856385,0,NA,21.54438972,21.54438972,21.54438972,21.54438972,NA,0,2.98853758723e-4,2.49872799031e-5,0,NA,0.09504029154771,0.10162462770936,0.091759883761416,0.041197887528392,NA,0,0,0,0
