experiment,vmd_mean,vmd_sd,vmd_median,fpf_mean,fpf_sd,fpf_median,rf_mean,rf_sd,rf_median,efpf_mean,efpf_sd,efpf_median,vmd_A_median,vmd_B_median,vmd_C_median,vmd_D_median,vmd_F_median,fpf_A_median,fpf_B_median,fpf_C_median,fpf_D_median,fpf_F_median,rf_A_median,rf_B_median,rf_C_median,rf_D_median,rf_F_median,efpf_A_median,efpf_B_median,efpf_C_median,efpf_D_median,efpf_F_median
Exp20-1091,12.349549774333333,1.5931002563632506,11.65916729,0.27461694538372766,0.039565190741161306,0.273821229562085,0.3930156638646207,0.04512138239224722,0.38682143484705056,0.22925871884112842,0.055647133764644315,0.213102748394,10.82959366,11.65916729,11.65916729,NA,NA,0.33393831621788805,0.274074258282716,0.265596677959,NA,NA,0.43897709075297797,0.38800709307192993,0.38385661400843296,NA,NA,0.29803957462305,0.2091145992279,0.2200593948364,NA,NA
