experiment,vmd_mean,vmd_sd,vmd_median,fpf_mean,fpf_sd,fpf_median,rf_mean,rf_sd,rf_median,efpf_mean,efpf_sd,efpf_median,vmd_A_median,vmd_B_median,vmd_C_median,vmd_D_median,vmd_F_median,fpf_A_median,fpf_B_median,fpf_C_median,fpf_D_median,fpf_F_median,rf_A_median,rf_B_median,rf_C_median,rf_D_median,rf_F_median,efpf_A_median,efpf_B_median,efpf_C_median,efpf_D_median,efpf_F_median
Exp29-1103,14.411931589310345,2.085905319900517,13.59359074,0.058119116060514085,0.022320959083426822,0.05345325455069,0.26161199987211264,0.03160616908402168,0.26002830728887,0.004486348293206389,0.012074355869444048,0,13.59359074,13.59359074,13.59359074,13.59359074,15.84896278,0.03936733883808399,0.05462615963066973,0.0526734188199275,0.06044896736731,0.0993290372378485,0.235115288915084,0.256706522107089,0.2620108659751615,0.267461137473688,0.2711115248687485,0.00191281482577,0,0,0,0.0060477968491585
