experiment,vmd_mean,vmd_sd,vmd_median,fpf_mean,fpf_sd,fpf_median,rf_mean,rf_sd,rf_median,efpf_mean,efpf_sd,efpf_median,vmd_A_median,vmd_B_median,vmd_C_median,vmd_D_median,vmd_F_median,fpf_A_median,fpf_B_median,fpf_C_median,fpf_D_median,fpf_F_median,rf_A_median,rf_B_median,rf_C_median,rf_D_median,rf_F_median,efpf_A_median,efpf_B_median,efpf_C_median,efpf_D_median,efpf_F_median
Exp29-1093,14.5778870633,1.1570902428939271,13.59359074,0.06494499858540509,0.027069086851831677,0.05995794452733,0.2512660428695051,0.030555168830174045,0.24909072950487599,0.024714187972823605,0.01951244601516165,0.019671816825870003,15.84896278,13.59359074,13.59359074,13.59359074,NA,0.052535244226451,0.06154747501019,0.058886406645186996,0.06551299147310499,NA,0.24085812449455102,0.25045397818091997,0.2482832060567745,0.2591802599839085,NA,0.01783999994398,0.021173308789730002,0.019308098107575,0.02074726641178,NA
