experiment,vmd_mean,vmd_sd,vmd_median,fpf_mean,fpf_sd,fpf_median,rf_mean,rf_sd,rf_median,efpf_mean,efpf_sd,efpf_median,vmd_A_median,vmd_B_median,vmd_C_median,vmd_D_median,vmd_F_median,fpf_A_median,fpf_B_median,fpf_C_median,fpf_D_median,fpf_F_median,rf_A_median,rf_B_median,rf_C_median,rf_D_median,rf_F_median,efpf_A_median,efpf_B_median,efpf_C_median,efpf_D_median,efpf_F_median
Exp29-1098,14.03737063676617,1.9430872392565712,13.59359074,0.06789049095077027,0.020504832387727778,0.06681494064636001,0.27158494938041833,0.03433078523814871,0.271649584621179,0.028247171045833096,0.012552390281922196,0.02518720030784,13.59359074,13.59359074,13.59359074,13.59359074,NA,0.060195394456399993,0.06912196889518,0.06577990667893749,0.06672188743949001,NA,0.259292319715,0.27155532836913,0.27428313557990047,0.26482359230523,NA,0.02371470361948,0.02596541643144,0.02543682575225,0.022784364223500834,NA
