experiment,vmd_mean,vmd_sd,vmd_median,fpf_mean,fpf_sd,fpf_median,rf_mean,rf_sd,rf_median,efpf_mean,efpf_sd,efpf_median,vmd_A_median,vmd_B_median,vmd_C_median,vmd_D_median,vmd_F_median,fpf_A_median,fpf_B_median,fpf_C_median,fpf_D_median,fpf_F_median,rf_A_median,rf_B_median,rf_C_median,rf_D_median,rf_F_median,efpf_A_median,efpf_B_median,efpf_C_median,efpf_D_median,efpf_F_median
Exp33-1000,217.5671377758108,254.80287676721022,34.1455574,0.05434739414124266,0.08534965106383624,0.044859589026301154,0.1261052031190868,0.11255065864308732,0.1244039119896175,0.027446258778445715,0.05008724897294135,0.024596512815912498,NA,29.28650284,29.28650284,25.11891365,158.48962402,NA,0.063676568306982,0.065646974109117,0.0485537760040786,0.018733265250918,NA,0.140553349433486,0.14500819586215,0.149775338657191,0.069088293761031,NA,0.036858564652507,0.037519060445011285,0.027204169854511,0
