experiment,vmd_mean,vmd_sd,vmd_median,fpf_mean,fpf_sd,fpf_median,rf_mean,rf_sd,rf_median,efpf_mean,efpf_sd,efpf_median,vmd_A_median,vmd_B_median,vmd_C_median,vmd_D_median,vmd_F_median,fpf_A_median,fpf_B_median,fpf_C_median,fpf_D_median,fpf_F_median,rf_A_median,rf_B_median,rf_C_median,rf_D_median,rf_F_median,efpf_A_median,efpf_B_median,efpf_C_median,efpf_D_median,efpf_F_median
Exp24-1049,356.60463899338373,205.7070794854545,464.15979004,0.09660184884617476,0.04027214604535288,0.100015773177136,0.15844885662297004,0.0752069625684845,0.155848767794607,0.0807145597179576,0.0347457463310348,0.08426559805870999,541.17059326,398.10794067,464.15979004,464.15979004,15.84896278,0.057812163271022995,0.10166031964123701,0.101165646016615,0.09377099849283599,0.00778129167855,0.072636424638343,0.1603434697399129,0.159024582952157,0.14658361889417,0.19960522241894998,0.052772451303913004,0.086886380314828,0.08439815528689,0.077612722665069,0
