experiment,vmd_mean,vmd_sd,vmd_median,fpf_mean,fpf_sd,fpf_median,rf_mean,rf_sd,rf_median,efpf_mean,efpf_sd,efpf_median,vmd_A_median,vmd_B_median,vmd_C_median,vmd_D_median,vmd_F_median,fpf_A_median,fpf_B_median,fpf_C_median,fpf_D_median,fpf_F_median,rf_A_median,rf_B_median,rf_C_median,rf_D_median,rf_F_median,efpf_A_median,efpf_B_median,efpf_C_median,efpf_D_median,efpf_F_median
Exp29-1095,11.626711612193876,0.29785025936253207,11.65916729,0.11046968533705152,0.02724704754778104,0.10585519596934,0.3738026980784898,0.018568267997084144,0.37210810914633996,0.03386608903980305,0.02407301995612048,0.02794990882277,11.65916729,11.65916729,11.65916729,11.65916729,NA,0.10170337364078,0.10787717401982,0.10531057283286,0.105237359330115,NA,0.37090102836488,0.37321426838625,0.371561634242625,0.372107631117085,NA,0.02554502040148,0.03058050602675,0.027265689671045,0.030955861359835,NA
