experiment,vmd_mean,vmd_sd,vmd_median,fpf_mean,fpf_sd,fpf_median,rf_mean,rf_sd,rf_median,efpf_mean,efpf_sd,efpf_median,vmd_A_median,vmd_B_median,vmd_C_median,vmd_D_median,vmd_F_median,fpf_A_median,fpf_B_median,fpf_C_median,fpf_D_median,fpf_F_median,rf_A_median,rf_B_median,rf_C_median,rf_D_median,rf_F_median,efpf_A_median,efpf_B_median,efpf_C_median,efpf_D_median,efpf_F_median
Exp39-1007,65.82165881571429,137.10846022175502,27.202708245,0.05702940988272273,0.03237491096711665,0.05563525329343699,0.13647291196826702,0.0780231393290852,0.1481736099068195,0.029556021753409115,0.022673117840208316,0.032069626701997,NA,43.11338806,39.81079483,25.11891365,NA,NA,0.05563525329343699,0.050411958284685005,0.0628879171982336,NA,NA,0.100163130862582,0.080130678005515,0.16576721686856602,NA,NA,0.032069626701997,0.027023367472005,0.035764477308834,NA
