experiment,vmd_mean,vmd_sd,vmd_median,fpf_mean,fpf_sd,fpf_median,rf_mean,rf_sd,rf_median,efpf_mean,efpf_sd,efpf_median,vmd_A_median,vmd_B_median,vmd_C_median,vmd_D_median,vmd_F_median,fpf_A_median,fpf_B_median,fpf_C_median,fpf_D_median,fpf_F_median,rf_A_median,rf_B_median,rf_C_median,rf_D_median,rf_F_median,efpf_A_median,efpf_B_median,efpf_C_median,efpf_D_median,efpf_F_median
Exp39-1081,20.076724893529413,5.418196680669749,21.54438972,0.06222467356770879,0.018826207716571175,0.06250904828309001,0.18894601456408822,0.09723858123591582,0.18393562927847001,0.014707972363514081,0.010807702362374765,0.014320385307079998,NA,23.331651685,29.28650284,18.4785347,13.59359074,NA,0.06890462383627499,0.04868096664548,0.07047976583237,0.05414432894897117,NA,0.144818987101275,0.09426213935017999,0.19635122716434,0.2760274804801712,NA,0.02831322103739,0.012305007427940001,0.01631939083338,0.003557178080080074
