experiment,vmd_mean,vmd_sd,vmd_median,fpf_mean,fpf_sd,fpf_median,rf_mean,rf_sd,rf_median,efpf_mean,efpf_sd,efpf_median,vmd_A_median,vmd_B_median,vmd_C_median,vmd_D_median,vmd_F_median,fpf_A_median,fpf_B_median,fpf_C_median,fpf_D_median,fpf_F_median,rf_A_median,rf_B_median,rf_C_median,rf_D_median,rf_F_median,efpf_A_median,efpf_B_median,efpf_C_median,efpf_D_median,efpf_F_median
Exp20-1063,537.6756285153809,29.6081370175284,541.17059326,0.09117308670935943,0.033475542184242174,0.09287890395151549,0.11958877419961177,0.03216593273100774,0.11894968988374101,0.05217953889725545,0.026672540521650343,0.054327335851273,586.0645751950001,541.17059326,541.17059326,NA,NA,0.08609750512135855,0.09278029194102799,0.093155822437259,NA,NA,0.11735945883287854,0.11755892124028901,0.1209324313700176,NA,NA,0.038578071920973546,0.0539715180546,0.055018005724968,NA,NA
