experiment,vmd_mean,vmd_sd,vmd_median,fpf_mean,fpf_sd,fpf_median,rf_mean,rf_sd,rf_median,efpf_mean,efpf_sd,efpf_median,vmd_A_median,vmd_B_median,vmd_C_median,vmd_D_median,vmd_F_median,fpf_A_median,fpf_B_median,fpf_C_median,fpf_D_median,fpf_F_median,rf_A_median,rf_B_median,rf_C_median,rf_D_median,rf_F_median,efpf_A_median,efpf_B_median,efpf_C_median,efpf_D_median,efpf_F_median
Exp20-1056,538.3552228642858,34.829571709824656,541.17059326,0.07721371920090264,0.028722578891796104,0.07754820080422004,0.08645279520818266,0.028583408224180967,0.08590340915475307,0.06568315615560269,0.0291414862242906,0.066546233985581,586.0645751950001,541.17059326,541.17059326,NA,NA,0.0503271023579926,0.0793814241513662,0.07683820525429805,NA,NA,0.05302874808549715,0.08769104761609661,0.0846607968164705,NA,NA,0.045098403682938,0.066772474423062,0.066439815945923,NA,NA
