experiment,vmd_mean,vmd_sd,vmd_median,fpf_mean,fpf_sd,fpf_median,rf_mean,rf_sd,rf_median,efpf_mean,efpf_sd,efpf_median,vmd_A_median,vmd_B_median,vmd_C_median,vmd_D_median,vmd_F_median,fpf_A_median,fpf_B_median,fpf_C_median,fpf_D_median,fpf_F_median,rf_A_median,rf_B_median,rf_C_median,rf_D_median,rf_F_median,efpf_A_median,efpf_B_median,efpf_C_median,efpf_D_median,efpf_F_median
Exp24-1072,28.206770599846745,27.989058350178166,18.4785347,0.09949323015655553,0.03358125942526616,0.09967276409272555,0.2348474892263476,0.05769443565244287,0.236636127904075,0.062260418462185926,0.027921098417057918,0.06026071578266501,100.00019836,18.4785347,18.4785347,18.4785347,NA,0.0815909481049,0.09616013199087,0.10100907474755001,0.10618756920101,NA,0.130350412093105,0.23195497542635,0.23613862201576002,0.24386029541496998,NA,0.0815909481049,0.05889133453378,0.06147782564166,0.059774780273400004,NA
