experiment,vmd_mean,vmd_sd,vmd_median,fpf_mean,fpf_sd,fpf_median,rf_mean,rf_sd,rf_median,efpf_mean,efpf_sd,efpf_median,vmd_A_median,vmd_B_median,vmd_C_median,vmd_D_median,vmd_F_median,fpf_A_median,fpf_B_median,fpf_C_median,fpf_D_median,fpf_F_median,rf_A_median,rf_B_median,rf_C_median,rf_D_median,rf_F_median,efpf_A_median,efpf_B_median,efpf_C_median,efpf_D_median,efpf_F_median
Exp29-1075,13.670906890348258,1.786980129593277,13.59359074,0.06181342803386709,0.018564845210546223,0.05769824951898668,0.2791157053266358,0.02955795173139138,0.2789846066384819,0.02684826470625774,0.011779137616752625,0.02418006658551172,13.59359074,13.59359074,13.59359074,13.59359074,NA,0.04878462942936761,0.05894989401101,0.05698596885528452,0.062264778418523,NA,0.25456259640546763,0.277113181650603,0.2832247284738262,0.27508387148376,NA,0.023140639091527606,0.025716226696979996,0.024156402327088343,0.022442179310133772,NA
