experiment,vmd_mean,vmd_sd,vmd_median,fpf_mean,fpf_sd,fpf_median,rf_mean,rf_sd,rf_median,efpf_mean,efpf_sd,efpf_median,vmd_A_median,vmd_B_median,vmd_C_median,vmd_D_median,vmd_F_median,fpf_A_median,fpf_B_median,fpf_C_median,fpf_D_median,fpf_F_median,rf_A_median,rf_B_median,rf_C_median,rf_D_median,rf_F_median,efpf_A_median,efpf_B_median,efpf_C_median,efpf_D_median,efpf_F_median
Exp29-1024,19.388699392587064,18.198297226955706,15.84896278,0.0811259041269333,0.021817543815671945,0.077579544670888,0.24082995343661853,0.042512289618531054,0.23796390389565772,0.055191628209673466,0.015286104419687844,0.053031395748280995,18.4785347,15.84896278,15.84896278,15.84896278,NA,0.0688861657189827,0.0780673606794469,0.0763322892080109,0.08740060579160648,NA,0.2113789785908827,0.228919512722556,0.24184700572042186,0.2501869909837196,NA,0.050749850342973205,0.05428529982347149,0.05213161440006615,0.052921192273504,NA
