experiment,vmd_mean,vmd_sd,vmd_median,fpf_mean,fpf_sd,fpf_median,rf_mean,rf_sd,rf_median,efpf_mean,efpf_sd,efpf_median,vmd_A_median,vmd_B_median,vmd_C_median,vmd_D_median,vmd_F_median,fpf_A_median,fpf_B_median,fpf_C_median,fpf_D_median,fpf_F_median,rf_A_median,rf_B_median,rf_C_median,rf_D_median,rf_F_median,efpf_A_median,efpf_B_median,efpf_C_median,efpf_D_median,efpf_F_median
Exp39-1087,23.847376504,8.045778880361159,21.54438972,0.053124335035844836,0.01893494650980893,0.05289872542018,0.18293740272538944,0.09602230639364406,0.16366616770622103,0.012689551468010268,0.008656880949277555,0.012181233316669999,NA,29.28650284,34.1455574,21.54438972,13.754065035,NA,0.05396395757795,0.03312329463661,0.056312524601780004,0.06126707747581526,NA,0.1232236577571,0.07628108017146999,0.17755105264485052,0.3097629828751153,NA,0.02303315788508,0.00878883577884,0.012784648612145,0.005804755240680261
