experiment,vmd_mean,vmd_sd,vmd_median,fpf_mean,fpf_sd,fpf_median,rf_mean,rf_sd,rf_median,efpf_mean,efpf_sd,efpf_median,vmd_A_median,vmd_B_median,vmd_C_median,vmd_D_median,vmd_F_median,fpf_A_median,fpf_B_median,fpf_C_median,fpf_D_median,fpf_F_median,rf_A_median,rf_B_median,rf_C_median,rf_D_median,rf_F_median,efpf_A_median,efpf_B_median,efpf_C_median,efpf_D_median,efpf_F_median
Exp24-1086,16.034566319918532,3.885075597946374,15.84896278,0.12157024982131816,0.036436431534308124,0.11750199019906998,0.2805960224511818,0.051547736881704075,0.28046179473411,0.06910176719374501,0.031170276634866344,0.06524836957455,21.54438972,15.84896278,15.84896278,14.72127676,13.59359074,0.15991739973428,0.1122432988881,0.11757513701917,0.122852184772465,0.09270942032336,0.25451944693927997,0.27361722171304,0.27638005867593995,0.294972308874195,0.30414448201666,0.1161891615391,0.06462463796133,0.067164213955435,0.06527713686228001,0.04401404261595
