experiment,vmd_mean,vmd_sd,vmd_median,fpf_mean,fpf_sd,fpf_median,rf_mean,rf_sd,rf_median,efpf_mean,efpf_sd,efpf_median,vmd_A_median,vmd_B_median,vmd_C_median,vmd_D_median,vmd_F_median,fpf_A_median,fpf_B_median,fpf_C_median,fpf_D_median,fpf_F_median,rf_A_median,rf_B_median,rf_C_median,rf_D_median,rf_F_median,efpf_A_median,efpf_B_median,efpf_C_median,efpf_D_median,efpf_F_median
Exp39-1021,63.70991872133334,132.3739216722444,29.28650284,0.055847124853956924,0.03153149303068133,0.051991234160964996,0.1310455710284156,0.07806805627701992,0.138106138575799,0.028584928843356887,0.022169715582520483,0.030411032177515,NA,43.11338806,39.81079483,25.11891365,NA,NA,0.05563525329343699,0.050411958284685005,0.0516505873389628,NA,NA,0.100163130862582,0.080130678005515,0.162004149053203,NA,NA,0.032069626701997,0.027023367472005,0.02765789998695,NA
