experiment,vmd_mean,vmd_sd,vmd_median,fpf_mean,fpf_sd,fpf_median,rf_mean,rf_sd,rf_median,efpf_mean,efpf_sd,efpf_median,vmd_A_median,vmd_B_median,vmd_C_median,vmd_D_median,vmd_F_median,fpf_A_median,fpf_B_median,fpf_C_median,fpf_D_median,fpf_F_median,rf_A_median,rf_B_median,rf_C_median,rf_D_median,rf_F_median,efpf_A_median,efpf_B_median,efpf_C_median,efpf_D_median,efpf_F_median
Exp39-1009,33.15358702333333,10.577290865212222,34.548648835,0.06430936292418687,0.02341457999854195,0.05563525329343699,0.1402951925556402,0.06742670485321484,0.12075341801155201,0.036223077761461366,0.014121703956237935,0.032069626701997,NA,43.11338806,39.81079483,25.11891365,NA,NA,0.05563525329343699,0.050411958284685005,0.08742233633994001,NA,NA,0.100163130862582,0.080130678005515,0.15824108123784,NA,NA,0.032069626701997,0.027023367472005,0.051026879698040005,NA
