experiment,vmd_mean,vmd_sd,vmd_median,fpf_mean,fpf_sd,fpf_median,rf_mean,rf_sd,rf_median,efpf_mean,efpf_sd,efpf_median,vmd_A_median,vmd_B_median,vmd_C_median,vmd_D_median,vmd_F_median,fpf_A_median,fpf_B_median,fpf_C_median,fpf_D_median,fpf_F_median,rf_A_median,rf_B_median,rf_C_median,rf_D_median,rf_F_median,efpf_A_median,efpf_B_median,efpf_C_median,efpf_D_median,efpf_F_median
Exp29-1011,134.8443079684181,179.5455240485369,25.11891365,0.05953295336333782,0.012256579167489241,0.0576322010997802,0.1809820188832677,0.035219856044839924,0.18366112037672847,0.03930833499478559,0.008801883621807166,0.03875079853461,34.1455574,29.28650284,21.54438972,25.11891365,NA,0.052715689854916176,0.059349979013193,0.056833072318053304,0.048829178977734,NA,0.15981667371301617,0.173798925764793,0.1861453906539836,0.18807493465013397,NA,0.036956543329388775,0.040556992366897,0.03778432443550237,0.031461425293230996,NA
