experiment,vmd_mean,vmd_sd,vmd_median,fpf_mean,fpf_sd,fpf_median,rf_mean,rf_sd,rf_median,efpf_mean,efpf_sd,efpf_median,vmd_A_median,vmd_B_median,vmd_C_median,vmd_D_median,vmd_F_median,fpf_A_median,fpf_B_median,fpf_C_median,fpf_D_median,fpf_F_median,rf_A_median,rf_B_median,rf_C_median,rf_D_median,rf_F_median,efpf_A_median,efpf_B_median,efpf_C_median,efpf_D_median,efpf_F_median
Exp20-1090,15.448887774666668,2.4232562472135637,15.84896278,0.2422955389210412,0.03685365445236364,0.24137910522518,0.33195702824963347,0.046611667073303394,0.32799144871546504,0.19221576032893672,0.04381022717873318,0.18289635419845002,13.754065035,15.84896278,15.84896278,NA,NA,0.296599723221774,0.24254607662555996,0.23409391403205,NA,NA,0.373171882154434,0.334789505154,0.32296335518355995,NA,NA,0.25767451405525,0.18232070207589998,0.1854540920258,NA,NA
