experiment,vmd_mean,vmd_sd,vmd_median,fpf_mean,fpf_sd,fpf_median,rf_mean,rf_sd,rf_median,efpf_mean,efpf_sd,efpf_median,vmd_A_median,vmd_B_median,vmd_C_median,vmd_D_median,vmd_F_median,fpf_A_median,fpf_B_median,fpf_C_median,fpf_D_median,fpf_F_median,rf_A_median,rf_B_median,rf_C_median,rf_D_median,rf_F_median,efpf_A_median,efpf_B_median,efpf_C_median,efpf_D_median,efpf_F_median
Exp24-1010,378.36467177835993,186.64701462924907,464.15979004,0.07231208277336788,0.023919250229493563,0.07465484686195299,0.13428457246521608,0.055228267070947766,0.132620304115142,0.052593799184958274,0.017350103140371345,0.054302020166061,541.17059326,398.10794067,464.15979004,464.15979004,NA,0.039853421673175,0.075104665085682,0.074854530505894,0.0724126261659005,NA,0.054388052597634996,0.133896362334463,0.133453617654724,0.1259585006907775,NA,0.034168025627735,0.05568759124725,0.054302020166061,0.050921441689131,NA
