experiment,vmd_mean,vmd_sd,vmd_median,fpf_mean,fpf_sd,fpf_median,rf_mean,rf_sd,rf_median,efpf_mean,efpf_sd,efpf_median,vmd_A_median,vmd_B_median,vmd_C_median,vmd_D_median,vmd_F_median,fpf_A_median,fpf_B_median,fpf_C_median,fpf_D_median,fpf_F_median,rf_A_median,rf_B_median,rf_C_median,rf_D_median,rf_F_median,efpf_A_median,efpf_B_median,efpf_C_median,efpf_D_median,efpf_F_median
Exp24-1112,15.274892420225564,26.918668286418317,6.30958605,0.37158790934306224,0.19767955008851057,0.37786876114580925,0.5775120370921553,0.23285303868994683,0.6693493154408265,0.03417259827917879,0.049485363356490314,0.00890353697684041,2.51189137,6.30958605,6.30958605,6.30958605,25.11891365,0.6598124676034248,0.39241407454003996,0.3906722635171283,0.34411714544049965,0,0.6598124802754729,0.6846676096147343,0.6757773210136709,0.6521919111628944,0.022694420218440002,0.10695212771960273,0.012076213974505801,0.0094196938013215,0.008139992319575205,0
