experiment,vmd_mean,vmd_sd,vmd_median,fpf_mean,fpf_sd,fpf_median,rf_mean,rf_sd,rf_median,efpf_mean,efpf_sd,efpf_median,vmd_A_median,vmd_B_median,vmd_C_median,vmd_D_median,vmd_F_median,fpf_A_median,fpf_B_median,fpf_C_median,fpf_D_median,fpf_F_median,rf_A_median,rf_B_median,rf_C_median,rf_D_median,rf_F_median,efpf_A_median,efpf_B_median,efpf_C_median,efpf_D_median,efpf_F_median
Exp24-1060,379.0624316322202,199.51276294586933,464.15979004,0.04313173691921842,0.04391570287190279,0.0310027066245805,0.11942469588571722,0.08339123870911333,0.10569347086365,0.0032450202023245425,0.01142951527261012,0,541.17059326,398.10794067,464.15979004,464.15979004,287.65807533000003,0.00429127793759,0.033653630986788,0.03170546174052,0.024781619608369998,0.0128568620304566,0.02369371812791,0.11379591718318,0.108619566708826,0.09284546270977,0.06364879485216049,0,0,0,0,0
