experiment,vmd_mean,vmd_sd,vmd_median,fpf_mean,fpf_sd,fpf_median,rf_mean,rf_sd,rf_median,efpf_mean,efpf_sd,efpf_median,vmd_A_median,vmd_B_median,vmd_C_median,vmd_D_median,vmd_F_median,fpf_A_median,fpf_B_median,fpf_C_median,fpf_D_median,fpf_F_median,rf_A_median,rf_B_median,rf_C_median,rf_D_median,rf_F_median,efpf_A_median,efpf_B_median,efpf_C_median,efpf_D_median,efpf_F_median
Exp39-1002,53.192772698375,121.95385572483332,25.11891365,0.043436434794538646,0.026247696743161512,0.0404384562454881,0.17443545530630225,0.13388563681840496,0.1367646152619295,0.010235386190286144,0.01753403146654488,0,NA,43.11338806,39.81079483,25.11891365,21.54438972,NA,0.05563525329343699,0.050411958284685005,0.0516505873389628,0.03989360963925781,NA,0.100163130862582,0.080130678005515,0.162004149053203,0.13542309194806001,NA,0.032069626701997,0.027023367472005,0.02765789998695,0
