experiment,vmd_mean,vmd_sd,vmd_median,fpf_mean,fpf_sd,fpf_median,rf_mean,rf_sd,rf_median,efpf_mean,efpf_sd,efpf_median,vmd_A_median,vmd_B_median,vmd_C_median,vmd_D_median,vmd_F_median,fpf_A_median,fpf_B_median,fpf_C_median,fpf_D_median,fpf_F_median,rf_A_median,rf_B_median,rf_C_median,rf_D_median,rf_F_median,efpf_A_median,efpf_B_median,efpf_C_median,efpf_D_median,efpf_F_median
Exp20-1049,540.0062825507143,29.613669087542206,541.17059326,0.07244485636660383,0.018196121633768304,0.07026694156228949,0.08516501326790833,0.02213214248057223,0.082860493361936,0.06365337942321211,0.015488076353506504,0.061684423591955,586.0645751950001,541.17059326,541.17059326,NA,NA,0.045540335346023,0.071715483032164,0.06788522921505499,NA,NA,0.0504515327420185,0.083942039757985,0.080583759658037,NA,NA,0.041366162197676,0.062251423746342,0.060254540741465,NA,NA
