experiment,vmd_mean,vmd_sd,vmd_median,fpf_mean,fpf_sd,fpf_median,rf_mean,rf_sd,rf_median,efpf_mean,efpf_sd,efpf_median,vmd_A_median,vmd_B_median,vmd_C_median,vmd_D_median,vmd_F_median,fpf_A_median,fpf_B_median,fpf_C_median,fpf_D_median,fpf_F_median,rf_A_median,rf_B_median,rf_C_median,rf_D_median,rf_F_median,efpf_A_median,efpf_B_median,efpf_C_median,efpf_D_median,efpf_F_median
Exp20-1098,99.66346647657143,4.879708585217372,100.00019836,0.11010536810592648,0.03249743273783033,0.0981717967987,0.16805836495968307,0.03385030788741951,0.16388874977822,0.10455564054771034,0.022985435975444703,0.0981717967987,100.00019836,100.00019836,100.00019836,NA,NA,0.0739310455322,0.09999335289000053,0.097193813324,NA,NA,0.1914062631131,0.16862613559781964,0.15027952849840034,NA,NA,0.0739310455322,0.09999335289000053,0.097193813324,NA,NA
