experiment,vmd_mean,vmd_sd,vmd_median,fpf_mean,fpf_sd,fpf_median,rf_mean,rf_sd,rf_median,efpf_mean,efpf_sd,efpf_median,vmd_A_median,vmd_B_median,vmd_C_median,vmd_D_median,vmd_F_median,fpf_A_median,fpf_B_median,fpf_C_median,fpf_D_median,fpf_F_median,rf_A_median,rf_B_median,rf_C_median,rf_D_median,rf_F_median,efpf_A_median,efpf_B_median,efpf_C_median,efpf_D_median,efpf_F_median
Exp33-1041,14.938176368930481,1.7882174788071934,15.84896278,0.11898324135672303,0.04587913530748498,0.112170765325466,0.28669450826705456,0.04884964689212058,0.281330373249999,0.0710911945786363,0.04266452182289841,0.06448236875237899,NA,15.84896278,15.84896278,13.59359074,NA,NA,0.11311990832207151,0.116857995688896,0.09835179947406424,NA,NA,0.274119230173479,0.280099871456633,0.283520030602762,NA,NA,0.0701312843454115,0.07042510434985699,0.05508127970864744,NA
