experiment,vmd_mean,vmd_sd,vmd_median,fpf_mean,fpf_sd,fpf_median,rf_mean,rf_sd,rf_median,efpf_mean,efpf_sd,efpf_median,vmd_A_median,vmd_B_median,vmd_C_median,vmd_D_median,vmd_F_median,fpf_A_median,fpf_B_median,fpf_C_median,fpf_D_median,fpf_F_median,rf_A_median,rf_B_median,rf_C_median,rf_D_median,rf_F_median,efpf_A_median,efpf_B_median,efpf_C_median,efpf_D_median,efpf_F_median
Exp33-1075,21.39535746,12.74465506494026,18.4785347,0.06406210524334324,0.021123470596197364,0.06225435972209001,0.19489594891288994,0.06677568115403468,0.19597024165098598,0.020140696607640254,0.015826850561929375,0.01790156483649,NA,21.54438972,18.4785347,18.4785347,25.11891365,NA,0.058527534976545,0.06734542429449,0.058890531733605006,0.044828997396409005,NA,0.17596941098572,0.19004254043106003,0.2147211933834465,0.052630860581994995,NA,0.01806981310248,0.021930496096610002,0.011503644511105,0.02213534712791
