experiment,vmd_mean,vmd_sd,vmd_median,fpf_mean,fpf_sd,fpf_median,rf_mean,rf_sd,rf_median,efpf_mean,efpf_sd,efpf_median,vmd_A_median,vmd_B_median,vmd_C_median,vmd_D_median,vmd_F_median,fpf_A_median,fpf_B_median,fpf_C_median,fpf_D_median,fpf_F_median,rf_A_median,rf_B_median,rf_C_median,rf_D_median,rf_F_median,efpf_A_median,efpf_B_median,efpf_C_median,efpf_D_median,efpf_F_median
Exp20-1027,50.872613779285714,35.92649905764187,39.81079483,0.21418346122223345,0.032292075340736075,0.20752899873995,0.25546147667547203,0.037478952838117766,0.25072507955121504,0.181902062529255,0.02875430587438379,0.178272687196665,110.85283661,34.1455574,39.81079483,NA,NA,0.189595566689935,0.21149959698315002,0.20472509235132003,NA,NA,0.21468745246526,0.25739825561667,0.24137976646412,NA,NA,0.164668453559245,0.17999999791374,0.17517867088314,NA,NA
