experiment,vmd_mean,vmd_sd,vmd_median,fpf_mean,fpf_sd,fpf_median,rf_mean,rf_sd,rf_median,efpf_mean,efpf_sd,efpf_median,vmd_A_median,vmd_B_median,vmd_C_median,vmd_D_median,vmd_F_median,fpf_A_median,fpf_B_median,fpf_C_median,fpf_D_median,fpf_F_median,rf_A_median,rf_B_median,rf_C_median,rf_D_median,rf_F_median,efpf_A_median,efpf_B_median,efpf_C_median,efpf_D_median,efpf_F_median
Exp24-1091,14.38401934589852,1.5126487749067192,13.59359074,0.13383177712879366,0.049884485863747524,0.12606710612771999,0.30050838026642057,0.04475293145635479,0.2941471806168,0.07786551100169384,0.046383494842933505,0.07161392688744,13.59359074,15.84896278,13.59359074,13.59359074,NA,0.21567221105095002,0.12199347525852,0.126638617813565,0.13037657856933,NA,0.35680541813364997,0.27974531948554,0.29305913940064,0.31764233529576,NA,0.16234935402870002,0.0686156630516,0.07339170157911501,0.06896212935448,NA
