experiment,vmd_mean,vmd_sd,vmd_median,fpf_mean,fpf_sd,fpf_median,rf_mean,rf_sd,rf_median,efpf_mean,efpf_sd,efpf_median,vmd_A_median,vmd_B_median,vmd_C_median,vmd_D_median,vmd_F_median,fpf_A_median,fpf_B_median,fpf_C_median,fpf_D_median,fpf_F_median,rf_A_median,rf_B_median,rf_C_median,rf_D_median,rf_F_median,efpf_A_median,efpf_B_median,efpf_C_median,efpf_D_median,efpf_F_median
Exp20-1075,45.745417302285716,28.678498396970312,34.1455574,0.16133703318241135,0.02512790191137228,0.15710522093810952,0.20362601042624723,0.037269005699321026,0.20094295361657566,0.14237940902983443,0.021675467486663377,0.14086327433592,77.05862808,29.28650284,39.81079483,NA,NA,0.1491681032540847,0.1603640649233316,0.15247418833969884,NA,NA,0.16571042344327053,0.208801233563629,0.19446398156090616,NA,NA,0.14069340586662,0.14043063506481,0.1419268806258077,NA,NA
