experiment,vmd_mean,vmd_sd,vmd_median,fpf_mean,fpf_sd,fpf_median,rf_mean,rf_sd,rf_median,efpf_mean,efpf_sd,efpf_median,vmd_A_median,vmd_B_median,vmd_C_median,vmd_D_median,vmd_F_median,fpf_A_median,fpf_B_median,fpf_C_median,fpf_D_median,fpf_F_median,rf_A_median,rf_B_median,rf_C_median,rf_D_median,rf_F_median,efpf_A_median,efpf_B_median,efpf_C_median,efpf_D_median,efpf_F_median
Exp39-1077,20.60282224375,5.127871251422297,21.54438972,0.062147419591256824,0.019478049662076953,0.061561960056395,0.17801349214168558,0.08950867626776442,0.17214485846456,0.015078705681953507,0.010998436111350313,0.01527432464063,NA,23.331651685,29.28650284,18.4785347,19.356252195,NA,0.06834924384949,0.048723862618210004,0.07064259797332001,0.041517748688321546,NA,0.14356235191223998,0.09404941484341,0.19655507683757,0.16752343968019653,NA,0.0282247287035,0.012300542443989999,0.01626468032598,0.002079617213456
