experiment,vmd_mean,vmd_sd,vmd_median,fpf_mean,fpf_sd,fpf_median,rf_mean,rf_sd,rf_median,efpf_mean,efpf_sd,efpf_median,vmd_A_median,vmd_B_median,vmd_C_median,vmd_D_median,vmd_F_median,fpf_A_median,fpf_B_median,fpf_C_median,fpf_D_median,fpf_F_median,rf_A_median,rf_B_median,rf_C_median,rf_D_median,rf_F_median,efpf_A_median,efpf_B_median,efpf_C_median,efpf_D_median,efpf_F_median
Exp20-1086,19.612370534857146,3.157623064654388,18.4785347,0.21129915742194988,0.03315199601077799,0.207672391207839,0.2831247871234534,0.043459409839307996,0.27680892661204,0.1597828541114302,0.031223315739526882,0.15675373077405003,20.01146221,18.4785347,21.54438972,NA,NA,0.243044693693585,0.2119579732418,0.202009354904244,NA,NA,0.29463350370531505,0.28434651434422004,0.271444813199364,NA,NA,0.19328011333945,0.15681522011770002,0.1565483725072,NA,NA
