experiment,vmd_mean,vmd_sd,vmd_median,fpf_mean,fpf_sd,fpf_median,rf_mean,rf_sd,rf_median,efpf_mean,efpf_sd,efpf_median,vmd_A_median,vmd_B_median,vmd_C_median,vmd_D_median,vmd_F_median,fpf_A_median,fpf_B_median,fpf_C_median,fpf_D_median,fpf_F_median,rf_A_median,rf_B_median,rf_C_median,rf_D_median,rf_F_median,efpf_A_median,efpf_B_median,efpf_C_median,efpf_D_median,efpf_F_median
Exp20-1045,3.348309174142857,1.6357119557151947,3.41455555,0.5498783758264787,0.06373942782699119,0.536779051870105,0.6817429109978428,0.04401961878562455,0.6697350612283299,0.4739763374190098,0.06726794583500498,0.464817475974595,1.660177825,3.41455555,2.92865038,NA,NA,0.6338887439667249,0.53324577867982,0.5389595189688999,NA,NA,0.740458704680175,0.66923048108817,0.6714480224250999,NA,NA,0.55641425773496,0.46180475056161,0.47797987699509004,NA,NA
