experiment,vmd_mean,vmd_sd,vmd_median,fpf_mean,fpf_sd,fpf_median,rf_mean,rf_sd,rf_median,efpf_mean,efpf_sd,efpf_median,vmd_A_median,vmd_B_median,vmd_C_median,vmd_D_median,vmd_F_median,fpf_A_median,fpf_B_median,fpf_C_median,fpf_D_median,fpf_F_median,rf_A_median,rf_B_median,rf_C_median,rf_D_median,rf_F_median,efpf_A_median,efpf_B_median,efpf_C_median,efpf_D_median,efpf_F_median
Exp29-1020,14.356542878636363,2.09542154773861,13.59359074,0.05869984988701765,0.016457935344232746,0.053813543226575,0.2531773532409228,0.02856165638455826,0.25832177524746436,0.029368839799010775,0.01242524496236838,0.02582592606546387,13.59359074,13.59359074,NA,NA,NA,0.04261029690502,0.05429201614112,NA,NA,NA,0.22788374632602001,0.25927713170647,NA,NA,NA,0.0224601316452,0.02629053592682774,NA,NA,NA
