experiment,vmd_mean,vmd_sd,vmd_median,fpf_mean,fpf_sd,fpf_median,rf_mean,rf_sd,rf_median,efpf_mean,efpf_sd,efpf_median,vmd_A_median,vmd_B_median,vmd_C_median,vmd_D_median,vmd_F_median,fpf_A_median,fpf_B_median,fpf_C_median,fpf_D_median,fpf_F_median,rf_A_median,rf_B_median,rf_C_median,rf_D_median,rf_F_median,efpf_A_median,efpf_B_median,efpf_C_median,efpf_D_median,efpf_F_median
Exp20-1023,380.7313935767143,32.1029857212055,398.10794067,0.09658039653575275,0.021790861956419872,0.0928989907726735,0.11588650202770741,0.02600245003105672,0.1127779589034805,0.082314096078631,0.01848678971840016,0.0793259618431395,431.133865355,398.10794067,398.10794067,NA,NA,0.068339798348031,0.094180088713761,0.092408590912821,NA,NA,0.0768397201318385,0.11435664594174799,0.111643059849713,NA,NA,0.0611203023977625,0.07937680885196001,0.08009954318403599,NA,NA
