experiment,vmd_mean,vmd_sd,vmd_median,fpf_mean,fpf_sd,fpf_median,rf_mean,rf_sd,rf_median,efpf_mean,efpf_sd,efpf_median,vmd_A_median,vmd_B_median,vmd_C_median,vmd_D_median,vmd_F_median,fpf_A_median,fpf_B_median,fpf_C_median,fpf_D_median,fpf_F_median,rf_A_median,rf_B_median,rf_C_median,rf_D_median,rf_F_median,efpf_A_median,efpf_B_median,efpf_C_median,efpf_D_median,efpf_F_median
Exp24-1015,367.26570093806083,181.7122733198024,398.10794067,0.07357929510066881,0.02215997484981439,0.075329720731798,0.13562596563075685,0.051254380812600024,0.1339172659442,0.05385503825684544,0.015928512552229105,0.055315329544256005,541.17059326,398.10794067,464.15979004,NA,NA,0.039853421673175,0.075104665085682,0.075596982277932,NA,NA,0.054388052597634996,0.133896362334463,0.137901185229364,NA,NA,0.034168025627735,0.05568759124725,0.054831476509568995,NA,NA
