experiment,vmd_mean,vmd_sd,vmd_median,fpf_mean,fpf_sd,fpf_median,rf_mean,rf_sd,rf_median,efpf_mean,efpf_sd,efpf_median,vmd_A_median,vmd_B_median,vmd_C_median,vmd_D_median,vmd_F_median,fpf_A_median,fpf_B_median,fpf_C_median,fpf_D_median,fpf_F_median,rf_A_median,rf_B_median,rf_C_median,rf_D_median,rf_F_median,efpf_A_median,efpf_B_median,efpf_C_median,efpf_D_median,efpf_F_median
Exp24-1081,15.338730755702647,3.3775451312254994,13.59359074,0.1264136275591149,0.03716453665118529,0.12276568174371,0.2873925793464814,0.04740897832885267,0.28756703734409,0.07158456331814719,0.03126449089811666,0.06904721200473,21.54438972,15.84896278,13.59359074,13.59359074,13.59359074,0.15179903790348,0.11872477769849,0.12293826401233499,0.12998587965972502,0.09461066752671,0.24269884869458,0.28047609597452,0.285874762535085,0.29855924993738003,0.3010487816778593,0.1117882883548,0.06669475018979,0.07066759139298,0.06749103307726,0.045866777896880005
