experiment,vmd_mean,vmd_sd,vmd_median,fpf_mean,fpf_sd,fpf_median,rf_mean,rf_sd,rf_median,efpf_mean,efpf_sd,efpf_median,vmd_A_median,vmd_B_median,vmd_C_median,vmd_D_median,vmd_F_median,fpf_A_median,fpf_B_median,fpf_C_median,fpf_D_median,fpf_F_median,rf_A_median,rf_B_median,rf_C_median,rf_D_median,rf_F_median,efpf_A_median,efpf_B_median,efpf_C_median,efpf_D_median,efpf_F_median
Exp39-1093,13.819127944,0.7132112617460388,13.59359074,0.0855770814194859,0.020593241507500977,0.08501830458636,0.2833643626942959,0.025496138690917585,0.2914901043474315,0.034417953729615,0.015843074586579423,0.03383470162749,NA,13.59359074,13.59359074,13.59359074,NA,NA,0.10137020319698,0.06699329588564201,0.08709613621225999,NA,NA,0.27971667259928,0.252590231634742,0.29367225587366,NA,NA,0.052091718614089996,0.03675888419151,0.02431331336499,NA
