experiment,vmd_mean,vmd_sd,vmd_median,fpf_mean,fpf_sd,fpf_median,rf_mean,rf_sd,rf_median,efpf_mean,efpf_sd,efpf_median,vmd_A_median,vmd_B_median,vmd_C_median,vmd_D_median,vmd_F_median,fpf_A_median,fpf_B_median,fpf_C_median,fpf_D_median,fpf_F_median,rf_A_median,rf_B_median,rf_C_median,rf_D_median,rf_F_median,efpf_A_median,efpf_B_median,efpf_C_median,efpf_D_median,efpf_F_median
Exp24-1099,31.191492970132327,31.05194436830297,18.4785347,0.11216565150436483,0.0394010508357999,0.11513321757332,0.2381843028280562,0.05837133052115283,0.24218227446072,0.060652175072544307,0.030567245759322053,0.057626488208770005,100.00019836,18.4785347,18.4785347,18.4785347,13.59359074,0.07643010616300218,0.112349729538,0.11625679671763,0.11903226613997,0.03416047930721,0.15689646780483218,0.24208209663635,0.2411013603211,0.2487015370957477,0.29266784146431,0.07643010616300218,0.057753579616610005,0.05804372370245,0.05550785720353,0.0150148379803
