experiment,vmd_mean,vmd_sd,vmd_median,fpf_mean,fpf_sd,fpf_median,rf_mean,rf_sd,rf_median,efpf_mean,efpf_sd,efpf_median,vmd_A_median,vmd_B_median,vmd_C_median,vmd_D_median,vmd_F_median,fpf_A_median,fpf_B_median,fpf_C_median,fpf_D_median,fpf_F_median,rf_A_median,rf_B_median,rf_C_median,rf_D_median,rf_F_median,efpf_A_median,efpf_B_median,efpf_C_median,efpf_D_median,efpf_F_median
Exp24-1004,364.9229542483813,205.27289985894382,464.15979004,0.07324082887298496,0.03166699639892641,0.074500856846589,0.13815372431648779,0.0700887051335264,0.13129799304530348,0.052591726225502386,0.023224276825436475,0.054098704326897507,541.17059326,398.10794067,464.15979004,464.15979004,27.202708245,0.039853421673175,0.075104665085682,0.074854530505894,0.07233131833375,0.0786013214849115,0.054388052597634996,0.133896362334463,0.133453617654724,0.124785319268669,0.1863476261309875,0.034168025627735,0.05568759124725,0.054302020166061,0.050768188536162,0.0547272709361265
