experiment,vmd_mean,vmd_sd,vmd_median,fpf_mean,fpf_sd,fpf_median,rf_mean,rf_sd,rf_median,efpf_mean,efpf_sd,efpf_median,vmd_A_median,vmd_B_median,vmd_C_median,vmd_D_median,vmd_F_median,fpf_A_median,fpf_B_median,fpf_C_median,fpf_D_median,fpf_F_median,rf_A_median,rf_B_median,rf_C_median,rf_D_median,rf_F_median,efpf_A_median,efpf_B_median,efpf_C_median,efpf_D_median,efpf_F_median
Exp24-1076,19.344316840437376,15.787113867235979,15.84896278,0.11361176537337349,0.0346858380854048,0.11388178378338001,0.2620089493782882,0.06192132065725314,0.26608367085467,0.06584640849357967,0.02702079194171234,0.06517193019395,46.41598129,15.84896278,15.84896278,15.84896278,13.59359074,0.11880134212785821,0.10809652864941001,0.113923154622295,0.12122241854671,0.0694754187763,0.18444870877090822,0.26015384137617004,0.26453914597641004,0.278332404494185,0.2888161842525,0.11118682861330001,0.06300827264799,0.067235463857625,0.065365420877945,0.022364107072359998
