experiment,vmd_mean,vmd_sd,vmd_median,fpf_mean,fpf_sd,fpf_median,rf_mean,rf_sd,rf_median,efpf_mean,efpf_sd,efpf_median,vmd_A_median,vmd_B_median,vmd_C_median,vmd_D_median,vmd_F_median,fpf_A_median,fpf_B_median,fpf_C_median,fpf_D_median,fpf_F_median,rf_A_median,rf_B_median,rf_C_median,rf_D_median,rf_F_median,efpf_A_median,efpf_B_median,efpf_C_median,efpf_D_median,efpf_F_median
Exp33-1077,20.43646006269565,10.105770381909585,18.4785347,0.06652163991483545,0.02187040414811172,0.064441268630297,0.19885109374175802,0.0657828291238053,0.19983812183140498,0.02047046003352169,0.016152517897776976,0.017629604935654998,NA,21.54438972,18.4785347,18.4785347,25.11891365,NA,0.059593407735175,0.06888862788673,0.06233755327762,0.0570943666179833,NA,0.18116098716862003,0.19453520625829002,0.218603829182662,0.1172257487475995,NA,0.01810529738665,0.02202564686536,0.013250072821965,0.015091494321824498
