experiment,vmd_mean,vmd_sd,vmd_median,fpf_mean,fpf_sd,fpf_median,rf_mean,rf_sd,rf_median,efpf_mean,efpf_sd,efpf_median,vmd_A_median,vmd_B_median,vmd_C_median,vmd_D_median,vmd_F_median,fpf_A_median,fpf_B_median,fpf_C_median,fpf_D_median,fpf_F_median,rf_A_median,rf_B_median,rf_C_median,rf_D_median,rf_F_median,efpf_A_median,efpf_B_median,efpf_C_median,efpf_D_median,efpf_F_median
Exp33-1114,18.165031125061727,28.027189002864972,7.35643721,0.3619497054009648,0.2640564583432432,0.35552047848706997,0.5129065466626387,0.2877519267468827,0.56680934250357,0.06432310186472455,0.05634728441184886,0.06687428395343858,NA,6.30958605,6.30958605,10.00002003,13.59359074,NA,0.41864660978315,0.40508558332919997,0.26487161651259505,0.17582465693362,NA,0.64176970720285,0.6264885675907199,0.45894880816348,0.34369544073952,NA,0.08335352361198,0.09323641573811244,0.045950552076095,0.03432196661832
