experiment,vmd_mean,vmd_sd,vmd_median,fpf_mean,fpf_sd,fpf_median,rf_mean,rf_sd,rf_median,efpf_mean,efpf_sd,efpf_median,vmd_A_median,vmd_B_median,vmd_C_median,vmd_D_median,vmd_F_median,fpf_A_median,fpf_B_median,fpf_C_median,fpf_D_median,fpf_F_median,rf_A_median,rf_B_median,rf_C_median,rf_D_median,rf_F_median,efpf_A_median,efpf_B_median,efpf_C_median,efpf_D_median,efpf_F_median
Exp33-1053,154.07888695118578,219.49653781584027,29.28650284,0.0485808249094515,0.019180156074165476,0.048697846718155,0.1359273473221669,0.0688153177843581,0.130245178565503,0.003688537853922054,0.0071781629073467985,0.0011719042947499999,NA,29.28650284,34.1455574,29.28650284,29.28650284,NA,0.043500787075618996,0.047788701206498,0.049897209741235,0.0557511847838905,NA,0.127474916931261,0.127666091993346,0.14766438530444437,0.1229652984253329,NA,0.0019460826506812001,0.001563062774945,9.44949015975e-4,0.0018679917510625
