experiment,vmd_mean,vmd_sd,vmd_median,fpf_mean,fpf_sd,fpf_median,rf_mean,rf_sd,rf_median,efpf_mean,efpf_sd,efpf_median,vmd_A_median,vmd_B_median,vmd_C_median,vmd_D_median,vmd_F_median,fpf_A_median,fpf_B_median,fpf_C_median,fpf_D_median,fpf_F_median,rf_A_median,rf_B_median,rf_C_median,rf_D_median,rf_F_median,efpf_A_median,efpf_B_median,efpf_C_median,efpf_D_median,efpf_F_median
Exp33-1070,207.01637141120773,261.5085743823611,21.54438972,0.1515983756738339,0.20327003376609348,0.00572931617498,0.2140601008643275,0.2498560043140408,0.056776873059563,0.07678718947771156,0.11186267861055676,0,NA,13.59359074,18.4785347,29.28650284,630.95855713,NA,0.309175425451436,0.06985802132169744,0,0,NA,0.427409964483436,0.19864993684467996,6.565163334533938e-4,0,NA,0.16776768811030301,0.003844080451017436,0,0
