experiment,vmd_mean,vmd_sd,vmd_median,fpf_mean,fpf_sd,fpf_median,rf_mean,rf_sd,rf_median,efpf_mean,efpf_sd,efpf_median,vmd_A_median,vmd_B_median,vmd_C_median,vmd_D_median,vmd_F_median,fpf_A_median,fpf_B_median,fpf_C_median,fpf_D_median,fpf_F_median,rf_A_median,rf_B_median,rf_C_median,rf_D_median,rf_F_median,efpf_A_median,efpf_B_median,efpf_C_median,efpf_D_median,efpf_F_median
Exp33-1065,81.80964165112971,177.83137207167735,8.57697582,0.38351084601383995,0.13893610559410122,0.40311901912096,0.5052793266404814,0.16727899885909456,0.5271891160308599,0.2192803364060211,0.09424671594881537,0.230861471966114,NA,8.57697582,8.57697582,8.57697582,10.00002003,NA,0.40454112812869,0.412837771438114,0.38903699076727305,0.3601454049023332,NA,0.5138530276717,0.52173666156828,0.5357527233206407,0.4998135649041641,NA,0.25025940462939,0.24551758512846,0.20930740419774052,0.15345238316806412
