experiment,vmd_mean,vmd_sd,vmd_median,fpf_mean,fpf_sd,fpf_median,rf_mean,rf_sd,rf_median,efpf_mean,efpf_sd,efpf_median,vmd_A_median,vmd_B_median,vmd_C_median,vmd_D_median,vmd_F_median,fpf_A_median,fpf_B_median,fpf_C_median,fpf_D_median,fpf_F_median,rf_A_median,rf_B_median,rf_C_median,rf_D_median,rf_F_median,efpf_A_median,efpf_B_median,efpf_C_median,efpf_D_median,efpf_F_median
Exp33-1008,143.92421389569893,210.1384430550612,29.28650284,0.058435777536892115,0.022637675171406278,0.060596647877254495,0.14372868346061873,0.06341939953756459,0.14370081982577101,0.031257747025109445,0.018727570722773035,0.03481740688861667,NA,29.28650284,29.28650284,27.202708245,NA,NA,0.063676568306982,0.065646974109117,0.051473303586244995,NA,NA,0.140553349433486,0.14500819586215,0.14037208456550648,NA,NA,0.036858564652507,0.037519060445011285,0.027018835674966497,NA
