experiment,vmd_mean,vmd_sd,vmd_median,fpf_mean,fpf_sd,fpf_median,rf_mean,rf_sd,rf_median,efpf_mean,efpf_sd,efpf_median,vmd_A_median,vmd_B_median,vmd_C_median,vmd_D_median,vmd_F_median,fpf_A_median,fpf_B_median,fpf_C_median,fpf_D_median,fpf_F_median,rf_A_median,rf_B_median,rf_C_median,rf_D_median,rf_F_median,efpf_A_median,efpf_B_median,efpf_C_median,efpf_D_median,efpf_F_median
Exp33-1051,155.9103036905159,221.60062161538963,29.28650284,0.0465817673188896,0.01755614480707147,0.0469438556534875,0.1356343535849588,0.06836330155365411,0.13478877985964322,0.008773295722745714,0.010794673664295675,0.00494690151419715,NA,29.28650284,29.28650284,29.28650284,29.28650284,NA,0.046114910170363996,0.048812195453787996,0.0454284770042,0.050683674458408996,NA,0.130949624124856,0.134946604743522,0.139367996230859,0.119652610123131,NA,0.006179110845551799,0.0070659843250154,0.003617366254328,0.0017581150867080001
