experiment,vmd_mean,vmd_sd,vmd_median,fpf_mean,fpf_sd,fpf_median,rf_mean,rf_sd,rf_median,efpf_mean,efpf_sd,efpf_median,vmd_A_median,vmd_B_median,vmd_C_median,vmd_D_median,vmd_F_median,fpf_A_median,fpf_B_median,fpf_C_median,fpf_D_median,fpf_F_median,rf_A_median,rf_B_median,rf_C_median,rf_D_median,rf_F_median,efpf_A_median,efpf_B_median,efpf_C_median,efpf_D_median,efpf_F_median
Exp20-1055,544.1602126335714,33.48412756871851,541.17059326,0.061340176560362746,0.020661735618952085,0.0619743905588945,0.07158881196243701,0.02149912399950143,0.0711869757995075,0.04949816285542311,0.020190439207066216,0.0500091670453615,586.0645751950001,541.17059326,541.17059326,NA,NA,0.04365800761851445,0.062267913073303996,0.0616042914357924,NA,NA,0.04609574194299995,0.07109592035413499,0.071420116052052,NA,NA,0.03926493949490445,0.050632692724475,0.049378136359172,NA,NA
