experiment,vmd_mean,vmd_sd,vmd_median,fpf_mean,fpf_sd,fpf_median,rf_mean,rf_sd,rf_median,efpf_mean,efpf_sd,efpf_median,vmd_A_median,vmd_B_median,vmd_C_median,vmd_D_median,vmd_F_median,fpf_A_median,fpf_B_median,fpf_C_median,fpf_D_median,fpf_F_median,rf_A_median,rf_B_median,rf_C_median,rf_D_median,rf_F_median,efpf_A_median,efpf_B_median,efpf_C_median,efpf_D_median,efpf_F_median
Exp20-1082,19.181801168095237,3.0128122700564774,18.4785347,0.21435359810801632,0.03193622208722891,0.21139186128978,0.2859507198809126,0.040704524519119815,0.28215667292478,0.16143827565510332,0.028909286265065632,0.15767445206640002,21.54438972,18.4785347,18.4785347,NA,NA,0.23133236117655498,0.21464706823231,0.203893612623171,NA,NA,0.282731146067295,0.28989683061835,0.26721422731888,NA,NA,0.18186283946035,0.1585431098937,0.1547083175182,NA,NA
