experiment,vmd_mean,vmd_sd,vmd_median,fpf_mean,fpf_sd,fpf_median,rf_mean,rf_sd,rf_median,efpf_mean,efpf_sd,efpf_median,vmd_A_median,vmd_B_median,vmd_C_median,vmd_D_median,vmd_F_median,fpf_A_median,fpf_B_median,fpf_C_median,fpf_D_median,fpf_F_median,rf_A_median,rf_B_median,rf_C_median,rf_D_median,rf_F_median,efpf_A_median,efpf_B_median,efpf_C_median,efpf_D_median,efpf_F_median
Exp29-1018,159.61143458886363,188.16111934173736,29.28650284,0.060179828637877984,0.012325624152106987,0.05808599660955882,0.174248612863949,0.03277074708397672,0.17370834871804497,0.040320586150032846,0.008104977165189292,0.0392657671659085,34.1455574,29.28650284,27.202708245,NA,NA,0.052715689854916176,0.059349979013193,0.0546450048125094,NA,NA,0.15981667371301617,0.173798925764793,0.17271547984357544,NA,NA,0.036956543329388775,0.040556992366897,0.03680292154162074,NA,NA
