experiment,vmd_mean,vmd_sd,vmd_median,fpf_mean,fpf_sd,fpf_median,rf_mean,rf_sd,rf_median,efpf_mean,efpf_sd,efpf_median,vmd_A_median,vmd_B_median,vmd_C_median,vmd_D_median,vmd_F_median,fpf_A_median,fpf_B_median,fpf_C_median,fpf_D_median,fpf_F_median,rf_A_median,rf_B_median,rf_C_median,rf_D_median,rf_F_median,efpf_A_median,efpf_B_median,efpf_C_median,efpf_D_median,efpf_F_median
Exp39-1033,19.45627909875,5.642715573673532,20.01146221,0.08903999113186338,0.03851926376395588,0.09037169346962312,0.21879408639563402,0.10485466908584207,0.217200088584747,0.041362514120402455,0.03179047606195587,0.04641755516083812,NA,23.331651685,29.28650284,18.4785347,13.59359074,NA,0.0945386445708805,0.076381035894178,0.11055260858036739,0.05634846389294,NA,0.1704698217101805,0.122485270351178,0.24304454764726163,0.27883252322674,NA,0.0549790011532705,0.041491031646748,0.0609967164928024,0
