experiment,vmd_mean,vmd_sd,vmd_median,fpf_mean,fpf_sd,fpf_median,rf_mean,rf_sd,rf_median,efpf_mean,efpf_sd,efpf_median,vmd_A_median,vmd_B_median,vmd_C_median,vmd_D_median,vmd_F_median,fpf_A_median,fpf_B_median,fpf_C_median,fpf_D_median,fpf_F_median,rf_A_median,rf_B_median,rf_C_median,rf_D_median,rf_F_median,efpf_A_median,efpf_B_median,efpf_C_median,efpf_D_median,efpf_F_median
Exp39-1068,85.81227976533334,203.9438044953694,7.35643721,0.35536885974677984,0.2107275421760747,0.39915824614457,0.5222157536109145,0.2545019211103129,0.542750382013574,0.1964931102380922,0.12636940130047422,0.23564315978325595,NA,10.118071555,8.57697582,7.35643721,541.17059326,NA,0.380363040491968,0.39915824614457,0.4325731497546931,0,NA,0.481881309077168,0.5105290456860699,0.621497510029993,0,NA,0.23355505160991802,0.24272709570807,0.23564315978325595,0
