experiment,vmd_mean,vmd_sd,vmd_median,fpf_mean,fpf_sd,fpf_median,rf_mean,rf_sd,rf_median,efpf_mean,efpf_sd,efpf_median,vmd_A_median,vmd_B_median,vmd_C_median,vmd_D_median,vmd_F_median,fpf_A_median,fpf_B_median,fpf_C_median,fpf_D_median,fpf_F_median,rf_A_median,rf_B_median,rf_C_median,rf_D_median,rf_F_median,efpf_A_median,efpf_B_median,efpf_C_median,efpf_D_median,efpf_F_median
Exp29-1096,14.039364793482587,2.0668585684924325,13.59359074,0.06091430652698404,0.019325867472055086,0.056317131016325996,0.2683614919395526,0.03518174327295202,0.269696511924282,0.024158336718505917,0.0126236143399754,0.02077082455158,13.59359074,13.59359074,13.59359074,13.59359074,NA,0.042325108796307,0.060425516963010004,0.05455265987665758,0.06016063809404985,NA,0.23888824775820702,0.269696511924282,0.271248069079518,0.26095755219465,NA,0.0130831444263,0.0207563099265,0.02093338161709,0.02157939240337,NA
