experiment,vmd_mean,vmd_sd,vmd_median,fpf_mean,fpf_sd,fpf_median,rf_mean,rf_sd,rf_median,efpf_mean,efpf_sd,efpf_median,vmd_A_median,vmd_B_median,vmd_C_median,vmd_D_median,vmd_F_median,fpf_A_median,fpf_B_median,fpf_C_median,fpf_D_median,fpf_F_median,rf_A_median,rf_B_median,rf_C_median,rf_D_median,rf_F_median,efpf_A_median,efpf_B_median,efpf_C_median,efpf_D_median,efpf_F_median
Exp39-1104,29.657519339444445,25.974135468624006,21.54438972,0.06879520386300429,0.02910539517031992,0.074810473769865,0.17712307132625058,0.08742509297489108,0.18262854371213,0.017785206255640982,0.02731297993032337,0.0053668969124544995,NA,23.331651685,29.28650284,20.01146221,25.11891365,NA,0.07841986410322,0.07726217105984,0.0796174474422092,0.052184108618832895,NA,0.14065828464935498,0.10296520724892,0.200903721544823,0.223545303345,NA,0.02726648353041,0.02694243445992,6.732717156400001e-4,0
