experiment,vmd_mean,vmd_sd,vmd_median,fpf_mean,fpf_sd,fpf_median,rf_mean,rf_sd,rf_median,efpf_mean,efpf_sd,efpf_median,vmd_A_median,vmd_B_median,vmd_C_median,vmd_D_median,vmd_F_median,fpf_A_median,fpf_B_median,fpf_C_median,fpf_D_median,fpf_F_median,rf_A_median,rf_B_median,rf_C_median,rf_D_median,rf_F_median,efpf_A_median,efpf_B_median,efpf_C_median,efpf_D_median,efpf_F_median
Exp29-1055,133.8367473326601,185.75392073369457,25.11891365,0.039490947469215575,0.012631254444267936,0.03712269656363,0.16659901077175931,0.03574331439653919,0.1664610044472,0.0018102708742883035,0.010178778924782451,0,34.1455574,29.28650284,21.54438972,25.11891365,290.490694045,0.024743860103202002,0.03591871529817,0.036789924874904,0.04153515890233,0.0627582417893885,0.131945230104102,0.15899219229813,0.17055288773496166,0.18049064263718498,0.1425537060666385,0,0,0,0,0.008864704398436
