experiment,vmd_mean,vmd_sd,vmd_median,fpf_mean,fpf_sd,fpf_median,rf_mean,rf_sd,rf_median,efpf_mean,efpf_sd,efpf_median,vmd_A_median,vmd_B_median,vmd_C_median,vmd_D_median,vmd_F_median,fpf_A_median,fpf_B_median,fpf_C_median,fpf_D_median,fpf_F_median,rf_A_median,rf_B_median,rf_C_median,rf_D_median,rf_F_median,efpf_A_median,efpf_B_median,efpf_C_median,efpf_D_median,efpf_F_median
Exp33-1072,25.341060201068377,20.359576330393022,18.4785347,0.06171702538936383,0.02091762384992717,0.0605189679377065,0.19015830205116918,0.06314808132629607,0.187723523005855,0.021247908179379646,0.017578045729092093,0.017053746506565,NA,21.54438972,21.54438972,18.4785347,25.11891365,NA,0.05713938266039,0.06516743957999,0.05849732294683,0.04485211718826,NA,0.168883332237612,0.18048142790774999,0.20623814955345998,0.045001373821855,NA,0.01794345945119,0.02213075339794,0.01223222695292,0.024097926318640002
