experiment,vmd_mean,vmd_sd,vmd_median,fpf_mean,fpf_sd,fpf_median,rf_mean,rf_sd,rf_median,efpf_mean,efpf_sd,efpf_median,vmd_A_median,vmd_B_median,vmd_C_median,vmd_D_median,vmd_F_median,fpf_A_median,fpf_B_median,fpf_C_median,fpf_D_median,fpf_F_median,rf_A_median,rf_B_median,rf_C_median,rf_D_median,rf_F_median,efpf_A_median,efpf_B_median,efpf_C_median,efpf_D_median,efpf_F_median
Exp39-1040,17.32845887181818,3.4886588586000302,18.4785347,0.10844878152476022,0.027349578607519257,0.10912454888234001,0.25715471537741474,0.07234562735590741,0.2593144378074959,0.0623566919348964,0.01700633198024204,0.063957967571919,NA,21.54438972,21.54438972,15.84896278,NA,NA,0.0954495231806925,0.076774763464972,0.12238758300426991,NA,NA,0.19248116001494253,0.160936250090772,0.2699434265633839,NA,NA,0.0587264590710325,0.048285824805501996,0.0682158210873765,NA
