experiment,vmd_mean,vmd_sd,vmd_median,fpf_mean,fpf_sd,fpf_median,rf_mean,rf_sd,rf_median,efpf_mean,efpf_sd,efpf_median,vmd_A_median,vmd_B_median,vmd_C_median,vmd_D_median,vmd_F_median,fpf_A_median,fpf_B_median,fpf_C_median,fpf_D_median,fpf_F_median,rf_A_median,rf_B_median,rf_C_median,rf_D_median,rf_F_median,efpf_A_median,efpf_B_median,efpf_C_median,efpf_D_median,efpf_F_median
Exp33-1005,144.36861825760786,213.60417449670703,29.28650284,0.05735996575039799,0.025197911713240012,0.05878301590685,0.14624140229830704,0.0711770608481333,0.143999109752513,0.02993489995123563,0.020783159345442493,0.033162562679496,NA,29.28650284,29.28650284,25.11891365,27.202708245,NA,0.063676568306982,0.065646974109117,0.0485537760040786,0.04144103197846436,NA,0.140553349433486,0.14500819586215,0.149775338657191,0.135688005592693,NA,0.036858564652507,0.037519060445011285,0.027204169854511,0.006912224168771975
