experiment,vmd_mean,vmd_sd,vmd_median,fpf_mean,fpf_sd,fpf_median,rf_mean,rf_sd,rf_median,efpf_mean,efpf_sd,efpf_median,vmd_A_median,vmd_B_median,vmd_C_median,vmd_D_median,vmd_F_median,fpf_A_median,fpf_B_median,fpf_C_median,fpf_D_median,fpf_F_median,rf_A_median,rf_B_median,rf_C_median,rf_D_median,rf_F_median,efpf_A_median,efpf_B_median,efpf_C_median,efpf_D_median,efpf_F_median
Exp29-1037,12.849581861039603,2.512618578817399,11.65916729,0.10922847559803305,0.02549191544137991,0.10545443174898304,0.31897469102117754,0.037326588852828683,0.3203747761607617,0.07540408927930507,0.017701540726250107,0.07406983283788106,13.59359074,11.65916729,11.65916729,13.59359074,18.4785347,0.09881183411923651,0.1110318878502804,0.10189828135307047,0.10767007453794117,0.17732868030662,0.29964240100233647,0.3220205874609997,0.32206249773822004,0.30411340519776997,0.32513531282541996,0.0726242925319925,0.0768931408400994,0.07171763455961444,0.070772796608511,0.09582056000829
