experiment,vmd_mean,vmd_sd,vmd_median,fpf_mean,fpf_sd,fpf_median,rf_mean,rf_sd,rf_median,efpf_mean,efpf_sd,efpf_median,vmd_A_median,vmd_B_median,vmd_C_median,vmd_D_median,vmd_F_median,fpf_A_median,fpf_B_median,fpf_C_median,fpf_D_median,fpf_F_median,rf_A_median,rf_B_median,rf_C_median,rf_D_median,rf_F_median,efpf_A_median,efpf_B_median,efpf_C_median,efpf_D_median,efpf_F_median
Exp39-1086,22.264128874666667,7.163813535068878,21.54438972,0.05596340198938352,0.018260213644946167,0.056820570826549996,0.18847348309803066,0.09527678700743468,0.16915777951471,0.013321713277450992,0.0092076227036363735,0.01285544037819,NA,27.202708245,34.1455574,21.54438972,13.754065035,NA,0.05654962629079,0.03568799078465,0.059727442637109995,0.061765649542210505,NA,0.12734779745329,0.07974717855453001,0.18407563887529,0.3125189545005605,NA,0.024272741973395,0.009760702699419999,0.013564099371435,0.0058610282838305015
