experiment,vmd_mean,vmd_sd,vmd_median,fpf_mean,fpf_sd,fpf_median,rf_mean,rf_sd,rf_median,efpf_mean,efpf_sd,efpf_median,vmd_A_median,vmd_B_median,vmd_C_median,vmd_D_median,vmd_F_median,fpf_A_median,fpf_B_median,fpf_C_median,fpf_D_median,fpf_F_median,rf_A_median,rf_B_median,rf_C_median,rf_D_median,rf_F_median,efpf_A_median,efpf_B_median,efpf_C_median,efpf_D_median,efpf_F_median
Exp39-1108,29.82612499368421,25.19206303578388,25.11891365,0.05762197813162515,0.05928387267446028,0.0393330263625937,0.1313586346652279,0.11807166974853699,0.1263325709751694,0.018998075508859864,0.03126343015604977,0,NA,27.202708245,29.28650284,20.01146221,25.11891365,NA,0.00333480298519,0.046139857396847145,0.09214275442064,0,NA,0.06742090657355501,0.05288319086692015,0.19376120073250686,3.38765753072001e-4,NA,0,0.046139857395220404,0.015236393222587002,0
