experiment,vmd_mean,vmd_sd,vmd_median,fpf_mean,fpf_sd,fpf_median,rf_mean,rf_sd,rf_median,efpf_mean,efpf_sd,efpf_median,vmd_A_median,vmd_B_median,vmd_C_median,vmd_D_median,vmd_F_median,fpf_A_median,fpf_B_median,fpf_C_median,fpf_D_median,fpf_F_median,rf_A_median,rf_B_median,rf_C_median,rf_D_median,rf_F_median,efpf_A_median,efpf_B_median,efpf_C_median,efpf_D_median,efpf_F_median
Exp29-1053,159.44933485738918,193.1497204748331,25.11891365,0.03152866515895759,0.011060990990614441,0.02919117167595,0.15642895911842866,0.03521984727454017,0.159075037762553,5.329318192078885e-4,0.0029036552904603886,0,292.86502075,29.28650284,25.11891365,25.11891365,290.490694045,0.023134788125734,0.029171072803409,0.029022865295429,0.03262050066238783,0.05215647715141905,0.135802590697934,0.15097782514984,0.1608398633543232,0.162187391053856,0.13684297877361906,0,0,0,0,9.887193050239999e-4
