experiment,vmd_mean,vmd_sd,vmd_median,fpf_mean,fpf_sd,fpf_median,rf_mean,rf_sd,rf_median,efpf_mean,efpf_sd,efpf_median,vmd_A_median,vmd_B_median,vmd_C_median,vmd_D_median,vmd_F_median,fpf_A_median,fpf_B_median,fpf_C_median,fpf_D_median,fpf_F_median,rf_A_median,rf_B_median,rf_C_median,rf_D_median,rf_F_median,efpf_A_median,efpf_B_median,efpf_C_median,efpf_D_median,efpf_F_median
Exp20-1041,8.13106951,2.1142705237296044,8.57697582,0.42781269399537414,0.051744230179691465,0.42450373157871,0.5239545227519768,0.04521299492813374,0.524101043641465,0.3695625500664805,0.05253775605035828,0.364667392820085,4.75543809,8.57697582,8.57697582,NA,NA,0.5029106849431351,0.42245620638124004,0.42613922744987,NA,NA,0.5831521359085501,0.52473620653142,0.52238814562556,NA,NA,0.445080831944915,0.36349971443419,0.36980031907531,NA,NA
