experiment,vmd_mean,vmd_sd,vmd_median,fpf_mean,fpf_sd,fpf_median,rf_mean,rf_sd,rf_median,efpf_mean,efpf_sd,efpf_median,vmd_A_median,vmd_B_median,vmd_C_median,vmd_D_median,vmd_F_median,fpf_A_median,fpf_B_median,fpf_C_median,fpf_D_median,fpf_F_median,rf_A_median,rf_B_median,rf_C_median,rf_D_median,rf_F_median,efpf_A_median,efpf_B_median,efpf_C_median,efpf_D_median,efpf_F_median
Exp39-1030,20.1058973075,5.408128328433081,20.01146221,0.0880751996234698,0.03916163361430603,0.0887987181377442,0.2012507914126298,0.10166916212533551,0.19819984409955949,0.043439918352388356,0.030960437570653483,0.04631120218154921,NA,23.331651685,29.28650284,18.4785347,19.356252195,NA,0.09483849288895,0.076501720696713,0.107481231018903,0.0381952285766455,NA,0.17047050120305,0.122012975961013,0.24591630883506,0.1637526741623855,NA,0.054980523753905,0.041268212348243,0.0588346300972641,2.969896048305e-4
