experiment,vmd_mean,vmd_sd,vmd_median,fpf_mean,fpf_sd,fpf_median,rf_mean,rf_sd,rf_median,efpf_mean,efpf_sd,efpf_median,vmd_A_median,vmd_B_median,vmd_C_median,vmd_D_median,vmd_F_median,fpf_A_median,fpf_B_median,fpf_C_median,fpf_D_median,fpf_F_median,rf_A_median,rf_B_median,rf_C_median,rf_D_median,rf_F_median,efpf_A_median,efpf_B_median,efpf_C_median,efpf_D_median,efpf_F_median
Exp33-1088,22.867464068909953,5.678428182653348,21.54438972,0.05745767898313836,0.01835173491500817,0.054638973400043,0.18357626395330437,0.058044434651738225,0.18081840395922,0.01752115170818006,0.013770867726569382,0.01515007391572,NA,25.11891365,25.11891365,21.54438972,NA,NA,0.04859290257098001,0.056713640019345035,0.05376707418821556,NA,NA,0.162595041953054,0.172357275635025,0.19259291490544625,NA,NA,0.015112950205810001,0.01861322902143,0.01082021191716,NA
