experiment,vmd_mean,vmd_sd,vmd_median,fpf_mean,fpf_sd,fpf_median,rf_mean,rf_sd,rf_median,efpf_mean,efpf_sd,efpf_median,vmd_A_median,vmd_B_median,vmd_C_median,vmd_D_median,vmd_F_median,fpf_A_median,fpf_B_median,fpf_C_median,fpf_D_median,fpf_F_median,rf_A_median,rf_B_median,rf_C_median,rf_D_median,rf_F_median,efpf_A_median,efpf_B_median,efpf_C_median,efpf_D_median,efpf_F_median
Exp20-1058,544.8328052325714,31.51172310702472,541.17059326,0.03308129321306288,0.020463798297615576,0.03126298960472035,0.04880344660052778,0.02262896734614922,0.046532095787118054,0.02141952255566649,0.018088578229214187,0.01816477324348495,586.0645751950001,541.17059326,541.17059326,NA,NA,0.01446602510754215,0.033414267627515,0.027055307719864002,NA,NA,0.02293643260840715,0.0513718724530064,0.041682321839028,NA,NA,0.00900999103207465,0.020021863337599,0.016598018798984,NA,NA
