experiment,vmd_mean,vmd_sd,vmd_median,fpf_mean,fpf_sd,fpf_median,rf_mean,rf_sd,rf_median,efpf_mean,efpf_sd,efpf_median,vmd_A_median,vmd_B_median,vmd_C_median,vmd_D_median,vmd_F_median,fpf_A_median,fpf_B_median,fpf_C_median,fpf_D_median,fpf_F_median,rf_A_median,rf_B_median,rf_C_median,rf_D_median,rf_F_median,efpf_A_median,efpf_B_median,efpf_C_median,efpf_D_median,efpf_F_median
Exp20-1092,10.924245711380951,1.5177283049969286,11.65916729,0.29721192387504025,0.04537181272879373,0.29068911485376003,0.43716646604412,0.05271464816020491,0.42272195782748034,0.2515429707274307,0.06618524870364728,0.23170403361324998,9.288497925,11.65916729,11.65916729,NA,NA,0.35981366818934335,0.29085559830066,0.289139959905232,NA,NA,0.47581286138083834,0.41882625311627003,0.42902384996401005,NA,NA,0.32364008843904996,0.2231967020034,0.24780407667169999,NA,NA
