experiment,vmd_mean,vmd_sd,vmd_median,fpf_mean,fpf_sd,fpf_median,rf_mean,rf_sd,rf_median,efpf_mean,efpf_sd,efpf_median,vmd_A_median,vmd_B_median,vmd_C_median,vmd_D_median,vmd_F_median,fpf_A_median,fpf_B_median,fpf_C_median,fpf_D_median,fpf_F_median,rf_A_median,rf_B_median,rf_C_median,rf_D_median,rf_F_median,efpf_A_median,efpf_B_median,efpf_C_median,efpf_D_median,efpf_F_median
Exp39-1085,20.675016404,6.557953869791303,18.4785347,0.05957818004984259,0.018407886884510897,0.06265616327521001,0.19545202476026646,0.09570608015886947,0.17884976387024001,0.014244718658426051,0.009889068187155061,0.01362910225986,NA,25.11891365,29.28650284,18.4785347,12.626379015,NA,0.061436906605960004,0.04091899201274,0.065005566328745,0.06282822340726645,NA,0.13432070150976,0.08554952844981,0.19423391431571002,0.3169003495574164,NA,0.026157823055980002,0.01112730011344,0.014500077292315,0.0059511633217364445
