experiment,vmd_mean,vmd_sd,vmd_median,fpf_mean,fpf_sd,fpf_median,rf_mean,rf_sd,rf_median,efpf_mean,efpf_sd,efpf_median,vmd_A_median,vmd_B_median,vmd_C_median,vmd_D_median,vmd_F_median,fpf_A_median,fpf_B_median,fpf_C_median,fpf_D_median,fpf_F_median,rf_A_median,rf_B_median,rf_C_median,rf_D_median,rf_F_median,efpf_A_median,efpf_B_median,efpf_C_median,efpf_D_median,efpf_F_median
Exp20-1026,120.20226651128571,63.718942055657784,135.93591309,0.17596146150551295,0.03058822305679253,0.17000682257124,0.21021111786344437,0.03592268121465427,0.20452320858834,0.14937973629541762,0.02671616462631045,0.144938458874815,200.11461639499998,135.93591309,135.93591309,NA,NA,0.14377914234996,0.17395234674204998,0.16498496830463,NA,NA,0.163341398388155,0.21004574656476,0.1990973687172,NA,NA,0.12465533487499,0.14652655571698,0.14161429837352998,NA,NA
