experiment,vmd_mean,vmd_sd,vmd_median,fpf_mean,fpf_sd,fpf_median,rf_mean,rf_sd,rf_median,efpf_mean,efpf_sd,efpf_median,vmd_A_median,vmd_B_median,vmd_C_median,vmd_D_median,vmd_F_median,fpf_A_median,fpf_B_median,fpf_C_median,fpf_D_median,fpf_F_median,rf_A_median,rf_B_median,rf_C_median,rf_D_median,rf_F_median,efpf_A_median,efpf_B_median,efpf_C_median,efpf_D_median,efpf_F_median
Exp20-1029,23.96753168,6.22317370373722,23.331651685,0.26679793700032556,0.03584271842713848,0.26156894825397503,0.3182335489229252,0.04025825528578617,0.312593383640025,0.22697062797772885,0.032862906452622236,0.222510162741095,37.851242065,21.54438972,25.11891365,NA,NA,0.25206795990476,0.26399227797992003,0.25902115389712,NA,NA,0.28540546670567,0.32097451001394,0.30874603062884,NA,NA,0.21955140665182,0.22256206840294,0.22245825707925002,NA,NA
