experiment,vmd_mean,vmd_sd,vmd_median,fpf_mean,fpf_sd,fpf_median,rf_mean,rf_sd,rf_median,efpf_mean,efpf_sd,efpf_median,vmd_A_median,vmd_B_median,vmd_C_median,vmd_D_median,vmd_F_median,fpf_A_median,fpf_B_median,fpf_C_median,fpf_D_median,fpf_F_median,rf_A_median,rf_B_median,rf_C_median,rf_D_median,rf_F_median,efpf_A_median,efpf_B_median,efpf_C_median,efpf_D_median,efpf_F_median
Exp24-1069,454.3464474001728,182.4173932236239,541.17059326,0.04420096142086602,0.08745971129825324,0,0.07563406645151328,0.11891044026236813,0.01676352187992,0.02063123601203143,0.04975925381419252,0,541.17059326,464.15979004,541.17059326,541.17059326,630.95855713,0,0.02019815742969,0,0,0,0,0.06571968555442,0.0257681368197967,0,0,0,0,0,0,0
