experiment,vmd_mean,vmd_sd,vmd_median,fpf_mean,fpf_sd,fpf_median,rf_mean,rf_sd,rf_median,efpf_mean,efpf_sd,efpf_median,vmd_A_median,vmd_B_median,vmd_C_median,vmd_D_median,vmd_F_median,fpf_A_median,fpf_B_median,fpf_C_median,fpf_D_median,fpf_F_median,rf_A_median,rf_B_median,rf_C_median,rf_D_median,rf_F_median,efpf_A_median,efpf_B_median,efpf_C_median,efpf_D_median,efpf_F_median
Exp29-1068,134.67331892457713,203.39019056101975,18.4785347,0.25349622773691544,0.13753134331393888,0.2722066141897392,0.3529977825219992,0.1648461032504618,0.3729322915896857,0.13686048622030192,0.09290979557488767,0.1345011842298117,54.1170578,21.54438972,18.4785347,17.163748740000003,541.17059326,0.207022276595068,0.2773326702789095,0.2716407448076166,0.22530248197807753,0,0.289445689394868,0.372496314719271,0.3834526217799356,0.3863354522695247,0.00681614339352,0.107921214774168,0.156644665673371,0.14056949686251852,0.0679150084493214,0
