experiment,vmd_mean,vmd_sd,vmd_median,fpf_mean,fpf_sd,fpf_median,rf_mean,rf_sd,rf_median,efpf_mean,efpf_sd,efpf_median,vmd_A_median,vmd_B_median,vmd_C_median,vmd_D_median,vmd_F_median,fpf_A_median,fpf_B_median,fpf_C_median,fpf_D_median,fpf_F_median,rf_A_median,rf_B_median,rf_C_median,rf_D_median,rf_F_median,efpf_A_median,efpf_B_median,efpf_C_median,efpf_D_median,efpf_F_median
Exp20-1062,546.8489266518571,32.14086021756442,541.17059326,0.021201922644273688,0.01817529508618483,0.01537940223235275,0.04815514509786731,0.019902886908417527,0.045152228316296,0.005093645386243335,0.011438944734323697,1.2154676020150001e-4,586.0645751950001,541.17059326,541.17059326,NA,NA,0.03329425120726549,0.016647823713715,0.014004213213918,NA,NA,0.04660702617839051,0.045736298337576003,0.040737391188735005,NA,NA,0.0180619198642755,1.07043515891e-4,5.1652812399e-5,NA,NA
