experiment,vmd_mean,vmd_sd,vmd_median,fpf_mean,fpf_sd,fpf_median,rf_mean,rf_sd,rf_median,efpf_mean,efpf_sd,efpf_median,vmd_A_median,vmd_B_median,vmd_C_median,vmd_D_median,vmd_F_median,fpf_A_median,fpf_B_median,fpf_C_median,fpf_D_median,fpf_F_median,rf_A_median,rf_B_median,rf_C_median,rf_D_median,rf_F_median,efpf_A_median,efpf_B_median,efpf_C_median,efpf_D_median,efpf_F_median
Exp20-1048,538.8452845968571,29.850925506898804,541.17059326,0.07286523694886352,0.017461243320451885,0.07067509712651,0.08633821470701133,0.021650856891347877,0.084253935571754,0.06533883244735152,0.015139379946583157,0.06350590150802701,586.0645751950001,541.17059326,541.17059326,NA,NA,0.044925322295163,0.070885317809873,0.070590641647572,NA,NA,0.0505434883246165,0.084453633651146,0.08273225117475799,NA,NA,0.041243074527009,0.063486193120474,0.064781376831238,NA,NA
