experiment,vmd_mean,vmd_sd,vmd_median,fpf_mean,fpf_sd,fpf_median,rf_mean,rf_sd,rf_median,efpf_mean,efpf_sd,efpf_median,vmd_A_median,vmd_B_median,vmd_C_median,vmd_D_median,vmd_F_median,fpf_A_median,fpf_B_median,fpf_C_median,fpf_D_median,fpf_F_median,rf_A_median,rf_B_median,rf_C_median,rf_D_median,rf_F_median,efpf_A_median,efpf_B_median,efpf_C_median,efpf_D_median,efpf_F_median
Exp29-1015,133.63287242270678,178.03774747357676,25.11891365,0.06002691915032524,0.01224091051875119,0.058523027785092996,0.18030303540854847,0.033616878427613794,0.1834885718777973,0.03988211439158407,0.0085626813749996155,0.039454598318850884,34.1455574,29.28650284,21.54438972,NA,NA,0.052715689854916176,0.059349979013193,0.05698346303775739,NA,NA,0.15981667371301617,0.173798925764793,0.186375938430421,NA,NA,0.036956543329388775,0.040556992366897,0.03801357980854933,NA,NA
