experiment,vmd_mean,vmd_sd,vmd_median,fpf_mean,fpf_sd,fpf_median,rf_mean,rf_sd,rf_median,efpf_mean,efpf_sd,efpf_median,vmd_A_median,vmd_B_median,vmd_C_median,vmd_D_median,vmd_F_median,fpf_A_median,fpf_B_median,fpf_C_median,fpf_D_median,fpf_F_median,rf_A_median,rf_B_median,rf_C_median,rf_D_median,rf_F_median,efpf_A_median,efpf_B_median,efpf_C_median,efpf_D_median,efpf_F_median
Exp39-1095,11.244380475,0.8295736299999996,11.65916729,0.13246302679187374,0.038154467252869056,0.13212889239195502,0.38666724160317373,0.024685758518338725,0.383461711853755,0.0539148974046525,0.029832882414981242,0.05776582241065,NA,10.82959366,NA,11.65916729,NA,NA,0.15700418144474498,NA,0.1079218721390025,NA,NA,0.403012463152495,NA,0.3703220200538525,NA,NA,0.07149629354485,NA,0.036333501264455004,NA
