experiment,vmd_mean,vmd_sd,vmd_median,fpf_mean,fpf_sd,fpf_median,rf_mean,rf_sd,rf_median,efpf_mean,efpf_sd,efpf_median,vmd_A_median,vmd_B_median,vmd_C_median,vmd_D_median,vmd_F_median,fpf_A_median,fpf_B_median,fpf_C_median,fpf_D_median,fpf_F_median,rf_A_median,rf_B_median,rf_C_median,rf_D_median,rf_F_median,efpf_A_median,efpf_B_median,efpf_C_median,efpf_D_median,efpf_F_median
Exp29-1007,139.3959944841791,185.79495136888838,25.11891365,0.06029513740389243,0.013003933825627052,0.058523027785092996,0.1824249204945597,0.037975734232640564,0.18410799236560038,0.039790175759409095,0.009867796306647646,0.038952128030335,34.1455574,29.28650284,21.54438972,25.11891365,NA,0.052715689854916176,0.059349979013193,0.056833072318053304,0.06319629040528908,NA,0.15981667371301617,0.173798925764793,0.1861453906539836,0.19464582586655702,NA,0.036956543329388775,0.040556992366897,0.03778432443550237,0.037050818558214876,NA
