experiment,vmd_mean,vmd_sd,vmd_median,fpf_mean,fpf_sd,fpf_median,rf_mean,rf_sd,rf_median,efpf_mean,efpf_sd,efpf_median,vmd_A_median,vmd_B_median,vmd_C_median,vmd_D_median,vmd_F_median,fpf_A_median,fpf_B_median,fpf_C_median,fpf_D_median,fpf_F_median,rf_A_median,rf_B_median,rf_C_median,rf_D_median,rf_F_median,efpf_A_median,efpf_B_median,efpf_C_median,efpf_D_median,efpf_F_median
Exp24-1003,362.2934101711324,208.84284385646433,464.15979004,0.07325646575058427,0.03308917515543542,0.074500856846589,0.1377695294683497,0.07168752216910534,0.1310653421282735,0.05251933202872239,0.024577720410696627,0.05396844770760349,541.17059326,398.10794067,464.15979004,464.15979004,29.28650284,0.039853421673175,0.075104665085682,0.074854530505894,0.07233131833375,0.0786013214849115,0.054388052597634996,0.133896362334463,0.133453617654724,0.124785319268669,0.1410072540025515,0.034168025627735,0.05568759124725,0.054302020166061,0.050768188536162,0.051912530484059236
