experiment,vmd_mean,vmd_sd,vmd_median,fpf_mean,fpf_sd,fpf_median,rf_mean,rf_sd,rf_median,efpf_mean,efpf_sd,efpf_median,vmd_A_median,vmd_B_median,vmd_C_median,vmd_D_median,vmd_F_median,fpf_A_median,fpf_B_median,fpf_C_median,fpf_D_median,fpf_F_median,rf_A_median,rf_B_median,rf_C_median,rf_D_median,rf_F_median,efpf_A_median,efpf_B_median,efpf_C_median,efpf_D_median,efpf_F_median
Exp33-1081,19.31612345751092,4.143408380228648,18.4785347,0.06883442203792506,0.021701140802916307,0.06641228735446,0.20315852144339805,0.0630105945706772,0.20619506701831,0.021155886783733726,0.016527572164007878,0.0187958174944,NA,21.54438972,18.4785347,18.4785347,21.798724175,NA,0.060582259893363,0.07077960200603,0.0651523378119125,0.067247330099315,NA,0.18287530593572002,0.19985499799252,0.2192640675977125,0.159127712398715,NA,0.018092731982470002,0.023443698138,0.01327367179096,0.018249887079
