experiment,vmd_mean,vmd_sd,vmd_median,fpf_mean,fpf_sd,fpf_median,rf_mean,rf_sd,rf_median,efpf_mean,efpf_sd,efpf_median,vmd_A_median,vmd_B_median,vmd_C_median,vmd_D_median,vmd_F_median,fpf_A_median,fpf_B_median,fpf_C_median,fpf_D_median,fpf_F_median,rf_A_median,rf_B_median,rf_C_median,rf_D_median,rf_F_median,efpf_A_median,efpf_B_median,efpf_C_median,efpf_D_median,efpf_F_median
Exp39-1092,14.208692205454545,1.0534828510988525,13.59359074,0.08236145353455072,0.01959208982448784,0.08372008323669,0.27921398865231434,0.03427174282705448,0.28812283068891,0.03024044939740909,0.015773570066144545,0.030744006335740003,NA,15.84896278,13.59359074,13.59359074,NA,NA,0.090891687497515,0.069481715336465,0.08664012297989501,NA,NA,0.247554324492815,0.259842321053165,0.29651943087581,NA,NA,0.046807240992815,0.03608196258544,0.02224433138966,NA
