experiment,vmd_mean,vmd_sd,vmd_median,fpf_mean,fpf_sd,fpf_median,rf_mean,rf_sd,rf_median,efpf_mean,efpf_sd,efpf_median,vmd_A_median,vmd_B_median,vmd_C_median,vmd_D_median,vmd_F_median,fpf_A_median,fpf_B_median,fpf_C_median,fpf_D_median,fpf_F_median,rf_A_median,rf_B_median,rf_C_median,rf_D_median,rf_F_median,efpf_A_median,efpf_B_median,efpf_C_median,efpf_D_median,efpf_F_median
Exp24-1027,24.101748337217742,32.212243343876324,15.84896278,0.15948067233078309,0.03667751115178613,0.1616217525675815,0.2874786231406552,0.06273268882292495,0.28846130356194,0.11542719119595078,0.030663782418453647,0.1161607784032755,63.09585953,15.84896278,15.84896278,15.84896278,13.59359074,0.1556813701242,0.15580457769336,0.16200071476402,0.1663818604499215,0.1138915275270235,0.20498760782177,0.28433272972699003,0.284984690323469,0.299690928906175,0.30845145370767,0.13076946787534,0.11521958462894,0.117022449150684,0.11379632972180151,0.0709319192031205
