experiment,vmd_mean,vmd_sd,vmd_median,fpf_mean,fpf_sd,fpf_median,rf_mean,rf_sd,rf_median,efpf_mean,efpf_sd,efpf_median,vmd_A_median,vmd_B_median,vmd_C_median,vmd_D_median,vmd_F_median,fpf_A_median,fpf_B_median,fpf_C_median,fpf_D_median,fpf_F_median,rf_A_median,rf_B_median,rf_C_median,rf_D_median,rf_F_median,efpf_A_median,efpf_B_median,efpf_C_median,efpf_D_median,efpf_F_median
Exp33-1090,17.982769931218275,2.851113503760057,18.4785347,0.06895274065654527,0.023055186384562026,0.0632552424120108,0.22099406103374294,0.047640622103146325,0.21663545668133,0.02378370627977092,0.01883591600339312,0.01994682043792,NA,18.4785347,18.4785347,15.84896278,NA,NA,0.05824742227793,0.06626114666461999,0.06202072661839016,NA,NA,0.19834133654822,0.207933996841245,0.23696994677182504,NA,NA,0.01988526433707,0.02410181716084,0.015561778619885,NA
