experiment,vmd_mean,vmd_sd,vmd_median,fpf_mean,fpf_sd,fpf_median,rf_mean,rf_sd,rf_median,efpf_mean,efpf_sd,efpf_median,vmd_A_median,vmd_B_median,vmd_C_median,vmd_D_median,vmd_F_median,fpf_A_median,fpf_B_median,fpf_C_median,fpf_D_median,fpf_F_median,rf_A_median,rf_B_median,rf_C_median,rf_D_median,rf_F_median,efpf_A_median,efpf_B_median,efpf_C_median,efpf_D_median,efpf_F_median
Exp24-1073,25.16831561389105,24.95058247247599,15.84896278,0.10267539427363058,0.031975476821106984,0.104071862995605,0.23991770009998978,0.06542028800705382,0.243841042369635,0.06226988752624744,0.02646114418831127,0.0614056876303,100.00019836,15.84896278,15.84896278,15.84896278,NA,0.092817697525,0.09820170432328,0.10443938970562,0.11139366567131001,NA,0.125693462490989,0.24103901743885,0.24129945814599002,0.25651591032746,NA,0.092817697525,0.05997242212303,0.06277135312563,0.0616297096015,NA
