experiment,vmd_mean,vmd_sd,vmd_median,fpf_mean,fpf_sd,fpf_median,rf_mean,rf_sd,rf_median,efpf_mean,efpf_sd,efpf_median,vmd_A_median,vmd_B_median,vmd_C_median,vmd_D_median,vmd_F_median,fpf_A_median,fpf_B_median,fpf_C_median,fpf_D_median,fpf_F_median,rf_A_median,rf_B_median,rf_C_median,rf_D_median,rf_F_median,efpf_A_median,efpf_B_median,efpf_C_median,efpf_D_median,efpf_F_median
Exp33-1085,20.092094751643835,4.633777232003615,18.4785347,0.06523001232952691,0.02047300649119981,0.06293134972455,0.19902993562978785,0.06014694304956604,0.19877973988660996,0.020607624268581728,0.015826844863077137,0.01808410733939,NA,21.54438972,21.54438972,18.4785347,17.163748740000003,NA,0.05673002421856,0.06459443010391,0.0621895435080175,0.07233707841483951,NA,0.17458998478936302,0.190880127400195,0.21239410887017088,0.2403794699533895,NA,0.0169977517426,0.0218243496865,0.01390750266611,0.0140120084211245
