experiment,vmd_mean,vmd_sd,vmd_median,fpf_mean,fpf_sd,fpf_median,rf_mean,rf_sd,rf_median,efpf_mean,efpf_sd,efpf_median,vmd_A_median,vmd_B_median,vmd_C_median,vmd_D_median,vmd_F_median,fpf_A_median,fpf_B_median,fpf_C_median,fpf_D_median,fpf_F_median,rf_A_median,rf_B_median,rf_C_median,rf_D_median,rf_F_median,efpf_A_median,efpf_B_median,efpf_C_median,efpf_D_median,efpf_F_median
Exp33-1009,145.5823163072785,210.33130906369118,29.28650284,0.05937441196053966,0.022602350645711335,0.06148557920895816,0.14134198660734487,0.061181664450771424,0.14337966718713152,0.03303080582012727,0.017567920865914525,0.035733912475401,NA,29.28650284,29.28650284,27.202708245,NA,NA,0.063676568306982,0.065646974109117,0.051473303586244995,NA,NA,0.140553349433486,0.14500819586215,0.136581396479168,NA,NA,0.036858564652507,0.037519060445011285,0.029803155269475003,NA
