experiment,vmd_mean,vmd_sd,vmd_median,fpf_mean,fpf_sd,fpf_median,rf_mean,rf_sd,rf_median,efpf_mean,efpf_sd,efpf_median,vmd_A_median,vmd_B_median,vmd_C_median,vmd_D_median,vmd_F_median,fpf_A_median,fpf_B_median,fpf_C_median,fpf_D_median,fpf_F_median,rf_A_median,rf_B_median,rf_C_median,rf_D_median,rf_F_median,efpf_A_median,efpf_B_median,efpf_C_median,efpf_D_median,efpf_F_median
Exp24-1115,36.53791701614801,42.24426297783652,3.41455555,0.5102181929715266,0.42737970607288794,0.8675426136508222,0.533658677879761,0.4336399879411393,0.8751947679459878,0.059481008254941056,0.09842506821334014,1.8875380217677633e-5,100.00019836,3.41455555,3.41455555,6.30958605,85.76976013,0,0.8695783878813965,0.8710546457586694,0.41233405649642996,0,0,0.8773937348614084,0.8769036834688765,0.6918274414538399,0,0,1.9407793696972698e-4,8.799407028971815e-5,1.3586492053150888e-29,0
