experiment,vmd_mean,vmd_sd,vmd_median,fpf_mean,fpf_sd,fpf_median,rf_mean,rf_sd,rf_median,efpf_mean,efpf_sd,efpf_median,vmd_A_median,vmd_B_median,vmd_C_median,vmd_D_median,vmd_F_median,fpf_A_median,fpf_B_median,fpf_C_median,fpf_D_median,fpf_F_median,rf_A_median,rf_B_median,rf_C_median,rf_D_median,rf_F_median,efpf_A_median,efpf_B_median,efpf_C_median,efpf_D_median,efpf_F_median
Exp24-1075,20.797652965326733,18.563448972504105,15.84896278,0.11039018290542739,0.03384924395044784,0.11098084747784,0.255693312078853,0.0642472097280653,0.26032620608811,0.0646436638968321,0.027059101055311362,0.06432062387468,54.1170578,15.84896278,15.84896278,15.84896278,12.626379015,0.11198622708825141,0.10587029129266,0.11100748434664,0.11832674473517,0.04876018931709232,0.1715212131074214,0.25511519163842,0.25843550890694,0.27276935935026,0.2947607534155423,0.11079212106767701,0.06229477286339,0.065690644085415,0.06440779268738,0.01813450679184001
