experiment,vmd_mean,vmd_sd,vmd_median,fpf_mean,fpf_sd,fpf_median,rf_mean,rf_sd,rf_median,efpf_mean,efpf_sd,efpf_median,vmd_A_median,vmd_B_median,vmd_C_median,vmd_D_median,vmd_F_median,fpf_A_median,fpf_B_median,fpf_C_median,fpf_D_median,fpf_F_median,rf_A_median,rf_B_median,rf_C_median,rf_D_median,rf_F_median,efpf_A_median,efpf_B_median,efpf_C_median,efpf_D_median,efpf_F_median
Exp33-1045,10.508465068986487,1.1263857029336704,10.00002003,0.2006412521854454,0.06485808552911017,0.20146645127327967,0.43577695783368325,0.054278501462619255,0.44634875271481944,0.1305096956026499,0.0553646167291472,0.122264281064275,NA,11.65916729,10.00002003,10.82959366,NA,NA,0.17865089856074298,0.2082593226434,0.1748835230199411,NA,NA,0.41073849598885803,0.451179248019873,0.4110373010858327,NA,NA,0.122670141793811,0.12601271554823001,0.1125315551086595,NA
