experiment,vmd_mean,vmd_sd,vmd_median,fpf_mean,fpf_sd,fpf_median,rf_mean,rf_sd,rf_median,efpf_mean,efpf_sd,efpf_median,vmd_A_median,vmd_B_median,vmd_C_median,vmd_D_median,vmd_F_median,fpf_A_median,fpf_B_median,fpf_C_median,fpf_D_median,fpf_F_median,rf_A_median,rf_B_median,rf_C_median,rf_D_median,rf_F_median,efpf_A_median,efpf_B_median,efpf_C_median,efpf_D_median,efpf_F_median
Exp39-1036,22.642098044,7.692324630669468,21.54438972,0.07683170415573402,0.035729607878567854,0.07518817186363,0.2028533396707455,0.10309799769727032,0.191720828265003,0.03512293492466366,0.029032643400104988,0.041448620334284,NA,27.202708245,34.1455574,21.54438972,13.754065035,NA,0.0743971875682675,0.053519216291599996,0.08962300549025369,0.063583775162755,NA,0.1409800461307675,0.09383060108868,0.19380126032977152,0.313165722489405,NA,0.0440454812720625,0.030003136061119998,0.049972192856956685,0
