experiment,vmd_mean,vmd_sd,vmd_median,fpf_mean,fpf_sd,fpf_median,rf_mean,rf_sd,rf_median,efpf_mean,efpf_sd,efpf_median,vmd_A_median,vmd_B_median,vmd_C_median,vmd_D_median,vmd_F_median,fpf_A_median,fpf_B_median,fpf_C_median,fpf_D_median,fpf_F_median,rf_A_median,rf_B_median,rf_C_median,rf_D_median,rf_F_median,efpf_A_median,efpf_B_median,efpf_C_median,efpf_D_median,efpf_F_median
Exp39-1078,20.60282224375,5.127871251422297,21.54438972,0.06222858171994612,0.019565741596774783,0.061628227159375,0.17826051762409925,0.08971178411989995,0.172220376282885,0.015089338622057568,0.011016491887025678,0.015281013399364999,NA,23.331651685,29.28650284,18.4785347,19.356252195,NA,0.06868540003894999,0.04878061175345,0.07065957695248,0.041510236193391406,NA,0.14426133945585,0.09421103715885,0.19661231100559,0.1675230585829864,NA,0.02827686131,0.012290850579729999,0.01627568915487,0.0020805396884669997
