experiment,vmd_mean,vmd_sd,vmd_median,fpf_mean,fpf_sd,fpf_median,rf_mean,rf_sd,rf_median,efpf_mean,efpf_sd,efpf_median,vmd_A_median,vmd_B_median,vmd_C_median,vmd_D_median,vmd_F_median,fpf_A_median,fpf_B_median,fpf_C_median,fpf_D_median,fpf_F_median,rf_A_median,rf_B_median,rf_C_median,rf_D_median,rf_F_median,efpf_A_median,efpf_B_median,efpf_C_median,efpf_D_median,efpf_F_median
Exp24-1088,16.742549676296296,4.332853926478869,15.84896278,0.11739924623962454,0.035648155523720235,0.113668701648725,0.272663883989132,0.053172178820656356,0.27050662040712004,0.06637305010646667,0.030539454134877065,0.06288474500178,21.54438972,15.84896278,15.84896278,15.84896278,11.65916729,0.15922516658893002,0.10854443728929,0.11428122013811501,0.1192105939985,0.07529736269271,0.25351574495423,0.26547406375408,0.26806369438767497,0.28529699623577,0.30232255817422826,0.1156530797481,0.06242304027076,0.06442409813405,0.06290353327992,0.02510767400265
