experiment,vmd_mean,vmd_sd,vmd_median,fpf_mean,fpf_sd,fpf_median,rf_mean,rf_sd,rf_median,efpf_mean,efpf_sd,efpf_median,vmd_A_median,vmd_B_median,vmd_C_median,vmd_D_median,vmd_F_median,fpf_A_median,fpf_B_median,fpf_C_median,fpf_D_median,fpf_F_median,rf_A_median,rf_B_median,rf_C_median,rf_D_median,rf_F_median,efpf_A_median,efpf_B_median,efpf_C_median,efpf_D_median,efpf_F_median
Exp24-1013,371.553533855879,182.16817301476112,464.15979004,0.073816728353069,0.022986443795545566,0.075104665085682,0.13549084540389006,0.05268219622412064,0.133896362334463,0.054015538472317555,0.016430361519517427,0.055130536593495,541.17059326,398.10794067,464.15979004,NA,NA,0.039853421673175,0.075104665085682,0.075231060758241,NA,NA,0.054388052597634996,0.133896362334463,0.13529597304763802,NA,NA,0.034168025627735,0.05568759124725,0.054831476509568995,NA,NA
