experiment,vmd_mean,vmd_sd,vmd_median,fpf_mean,fpf_sd,fpf_median,rf_mean,rf_sd,rf_median,efpf_mean,efpf_sd,efpf_median,vmd_A_median,vmd_B_median,vmd_C_median,vmd_D_median,vmd_F_median,fpf_A_median,fpf_B_median,fpf_C_median,fpf_D_median,fpf_F_median,rf_A_median,rf_B_median,rf_C_median,rf_D_median,rf_F_median,efpf_A_median,efpf_B_median,efpf_C_median,efpf_D_median,efpf_F_median
Exp24-1094,12.391817218051392,1.060071237836424,11.65916729,0.1544309919840708,0.056193736612710925,0.14618187427518,0.34627376809024785,0.037101304666858445,0.34084742367266996,0.0919665489111859,0.05299643086833977,0.08374407947057,11.65916729,11.65916729,11.65916729,11.65916729,NA,0.223878716975404,0.14274173945186,0.14757164269681,0.14492627009749,NA,0.372597074061504,0.33991656929251,0.34191103011361,0.34022496312858497,NA,0.17367630839339998,0.08223851382727501,0.085110544562335,0.077577127218255,NA
