experiment,vmd_mean,vmd_sd,vmd_median,fpf_mean,fpf_sd,fpf_median,rf_mean,rf_sd,rf_median,efpf_mean,efpf_sd,efpf_median,vmd_A_median,vmd_B_median,vmd_C_median,vmd_D_median,vmd_F_median,fpf_A_median,fpf_B_median,fpf_C_median,fpf_D_median,fpf_F_median,rf_A_median,rf_B_median,rf_C_median,rf_D_median,rf_F_median,efpf_A_median,efpf_B_median,efpf_C_median,efpf_D_median,efpf_F_median
Exp39-1099,25.51971469117647,19.732572011159544,21.54438972,0.05738597061320818,0.025159486874550756,0.06026903435582,0.17318989041590582,0.08403383980128996,0.16196329630912998,0.010224822955209236,0.008236487385443185,0.01193384751677,NA,23.331651685,29.28650284,20.01146221,19.356252195,NA,0.06755133502183,0.047665131734684,0.06741105809803999,0.040325868036606996,NA,0.13644749157128,0.09154033129098399,0.19156988888987003,0.173984236624097,NA,0.02171192072332,0.005485472725704,0.012416868507865,0
