experiment,vmd_mean,vmd_sd,vmd_median,fpf_mean,fpf_sd,fpf_median,rf_mean,rf_sd,rf_median,efpf_mean,efpf_sd,efpf_median,vmd_A_median,vmd_B_median,vmd_C_median,vmd_D_median,vmd_F_median,fpf_A_median,fpf_B_median,fpf_C_median,fpf_D_median,fpf_F_median,rf_A_median,rf_B_median,rf_C_median,rf_D_median,rf_F_median,efpf_A_median,efpf_B_median,efpf_C_median,efpf_D_median,efpf_F_median
Exp24-1028,20.136699593042596,22.505519345141945,15.84896278,0.16945378671921943,0.03756384662392691,0.170947270467811,0.30403777754666017,0.05909921217147042,0.30459536485384997,0.12280204556506646,0.03240860689979428,0.12245593138039,39.81079483,15.84896278,15.84896278,15.84896278,13.59359074,0.17550675526252,0.16395032748584001,0.1714143336191885,0.17383208319548,0.1139758573239113,0.23110311701888,0.299612051621045,0.3025516682491155,0.31866883851599,0.30866001781041097,0.14749843820921002,0.120812418051055,0.12285621091721849,0.12187701180577999,0.0709661581320693
