experiment,vmd_mean,vmd_sd,vmd_median,fpf_mean,fpf_sd,fpf_median,rf_mean,rf_sd,rf_median,efpf_mean,efpf_sd,efpf_median,vmd_A_median,vmd_B_median,vmd_C_median,vmd_D_median,vmd_F_median,fpf_A_median,fpf_B_median,fpf_C_median,fpf_D_median,fpf_F_median,rf_A_median,rf_B_median,rf_C_median,rf_D_median,rf_F_median,efpf_A_median,efpf_B_median,efpf_C_median,efpf_D_median,efpf_F_median
Exp24-1095,10.711486130408602,1.0883269949445769,10.00002003,0.19453865866081638,0.06102098052691047,0.18604309856888002,0.42126722628350016,0.03615009015490567,0.41698510110378995,0.10886199573130739,0.059801850042536714,0.09962215781219999,10.00002003,10.00002003,10.00002003,11.65916729,NA,0.25823531389231,0.18534801334137002,0.18870355933908,0.18135237932199,NA,0.42955561876291,0.417534973919435,0.41872293859711496,0.41165744781496,NA,0.20224176883689998,0.09974603056905,0.1016739225387,0.09487481117255,NA
