experiment,vmd_mean,vmd_sd,vmd_median,fpf_mean,fpf_sd,fpf_median,rf_mean,rf_sd,rf_median,efpf_mean,efpf_sd,efpf_median,vmd_A_median,vmd_B_median,vmd_C_median,vmd_D_median,vmd_F_median,fpf_A_median,fpf_B_median,fpf_C_median,fpf_D_median,fpf_F_median,rf_A_median,rf_B_median,rf_C_median,rf_D_median,rf_F_median,efpf_A_median,efpf_B_median,efpf_C_median,efpf_D_median,efpf_F_median
Exp24-1063,323.6607179421469,222.86746622571852,398.10794067,0.16620301698859763,0.11576642948151845,0.15504705255846202,0.23810477796013182,0.13650886312192753,0.227701082676672,0.08702778005110223,0.0758649396966682,0.07829583777116,541.17059326,398.10794067,398.10794067,464.15979004,541.17059326,0.102420517429704,0.177928257100148,0.156103210747264,0.1353505843877455,7.3154934216300005e-6,0.125993263348924,0.2482614109297493,0.22954318897335077,0.208751812018407,0.00994333198410863,0.066125847324714,0.092436135187751,0.081892429999985,0.05818453088401,0
