experiment,vmd_mean,vmd_sd,vmd_median,fpf_mean,fpf_sd,fpf_median,rf_mean,rf_sd,rf_median,efpf_mean,efpf_sd,efpf_median,vmd_A_median,vmd_B_median,vmd_C_median,vmd_D_median,vmd_F_median,fpf_A_median,fpf_B_median,fpf_C_median,fpf_D_median,fpf_F_median,rf_A_median,rf_B_median,rf_C_median,rf_D_median,rf_F_median,efpf_A_median,efpf_B_median,efpf_C_median,efpf_D_median,efpf_F_median
Exp24-1109,26.74376582358736,26.38668689913387,18.4785347,0.01789071478329298,0.038641602936377896,0.0019405376911149999,0.18072768388927193,0.15843029013871054,0.126854207962746,5.312339602254676e-4,0.003690481952489941,0,100.00019836,18.4785347,18.4785347,18.4785347,18.4785347,0,0.0018731790781,0.00230051368475,0.0010088981688,0.01012547820805,0.452178955078,0.11496898531915999,0.125130708180457,0.18783961877224,0.14341624289745,0,0,0,0,0
