experiment,vmd_mean,vmd_sd,vmd_median,fpf_mean,fpf_sd,fpf_median,rf_mean,rf_sd,rf_median,efpf_mean,efpf_sd,efpf_median,vmd_A_median,vmd_B_median,vmd_C_median,vmd_D_median,vmd_F_median,fpf_A_median,fpf_B_median,fpf_C_median,fpf_D_median,fpf_F_median,rf_A_median,rf_B_median,rf_C_median,rf_D_median,rf_F_median,efpf_A_median,efpf_B_median,efpf_C_median,efpf_D_median,efpf_F_median
Exp29-1086,13.403968014950495,2.309314095392359,13.59359074,0.06221169735468003,0.019773215047132812,0.05649527715906839,0.2832160959791764,0.034571965225112945,0.2838287524134806,0.027068233510983697,0.01088823661706142,0.024853146076200122,13.59359074,13.59359074,13.59359074,13.59359074,18.4785347,0.045441787838990055,0.05729327845652356,0.05504763046014639,0.06523521557449,0.12716979414217,0.2539302426576901,0.28268383668740116,0.2879909729212985,0.26353129982932,0.29407122760997,0.023197102546700057,0.026351249218000153,0.02467650651930004,0.02251532554630011,0.0350186559558
