experiment,vmd_mean,vmd_sd,vmd_median,fpf_mean,fpf_sd,fpf_median,rf_mean,rf_sd,rf_median,efpf_mean,efpf_sd,efpf_median,vmd_A_median,vmd_B_median,vmd_C_median,vmd_D_median,vmd_F_median,fpf_A_median,fpf_B_median,fpf_C_median,fpf_D_median,fpf_F_median,rf_A_median,rf_B_median,rf_C_median,rf_D_median,rf_F_median,efpf_A_median,efpf_B_median,efpf_C_median,efpf_D_median,efpf_F_median
Exp29-1063,40.33313495658416,124.20713292103423,6.30958605,0.41966534119764926,0.13804406003184017,0.45858280070137,0.5194389914909594,0.1379806914450854,0.5523175565501028,0.26637171805334536,0.10107719925968064,0.301000813618195,8.57697582,7.35643721,5.41170597,6.30958605,85.76976013,0.4202267009022,0.43494192183026004,0.476953592076805,0.45383001700033,0.303123388737578,0.5136500746013,0.52796668127183,0.57405785344534,0.5522483278018958,0.372803246229978,0.2719600111248,0.28540794730188,0.31410935193288503,0.28847978070388,0.189402647465478
