experiment,vmd_mean,vmd_sd,vmd_median,fpf_mean,fpf_sd,fpf_median,rf_mean,rf_sd,rf_median,efpf_mean,efpf_sd,efpf_median,vmd_A_median,vmd_B_median,vmd_C_median,vmd_D_median,vmd_F_median,fpf_A_median,fpf_B_median,fpf_C_median,fpf_D_median,fpf_F_median,rf_A_median,rf_B_median,rf_C_median,rf_D_median,rf_F_median,efpf_A_median,efpf_B_median,efpf_C_median,efpf_D_median,efpf_F_median
Exp39-1025,21.08670431375,5.568958270210127,21.54438972,0.07968030860722132,0.0371797741130659,0.07108750255778601,0.18781899331211882,0.09373175188419473,0.197470589149775,0.037445083956212356,0.030443958952461596,0.040064563844351,NA,27.202708245,29.28650284,18.4785347,19.356252195,NA,0.082202040348213,0.066185376904907,0.1035636098473194,0.0355817575193725,NA,0.147251603398513,0.105004514120557,0.21625138252955,0.1603848836756625,NA,0.047500050682577996,0.035567278526727,0.0529003634839244,3.037619777025e-4
