experiment,vmd_mean,vmd_sd,vmd_median,fpf_mean,fpf_sd,fpf_median,rf_mean,rf_sd,rf_median,efpf_mean,efpf_sd,efpf_median,vmd_A_median,vmd_B_median,vmd_C_median,vmd_D_median,vmd_F_median,fpf_A_median,fpf_B_median,fpf_C_median,fpf_D_median,fpf_F_median,rf_A_median,rf_B_median,rf_C_median,rf_D_median,rf_F_median,efpf_A_median,efpf_B_median,efpf_C_median,efpf_D_median,efpf_F_median
Exp39-1028,20.201387166875,4.921832118200913,21.54438972,0.08541844437727039,0.040200065040971796,0.0829408187046495,0.19799820988336725,0.1002136469638683,0.197319687856353,0.039963108669103076,0.031943372169117856,0.0467268547788295,NA,23.331651685,25.11891365,18.4785347,19.356252195,NA,0.0932219454832185,0.07769841089847701,0.10813208982347,0.038544817641366504,NA,0.16738819094371848,0.123277048021577,0.2219748575986,0.1642128819972315,NA,0.0538914317078935,0.041736237555757,0.059495619088397504,3.003545850515e-4
