experiment,vmd_mean,vmd_sd,vmd_median,fpf_mean,fpf_sd,fpf_median,rf_mean,rf_sd,rf_median,efpf_mean,efpf_sd,efpf_median,vmd_A_median,vmd_B_median,vmd_C_median,vmd_D_median,vmd_F_median,fpf_A_median,fpf_B_median,fpf_C_median,fpf_D_median,fpf_F_median,rf_A_median,rf_B_median,rf_C_median,rf_D_median,rf_F_median,efpf_A_median,efpf_B_median,efpf_C_median,efpf_D_median,efpf_F_median
Exp39-1061,87.47836022526316,176.50450566928188,29.28650284,0.014611937359395479,0.03621470253082202,7.97364627942e-6,0.061659674985182836,0.08529690773061789,0.013508969431275419,0.0013610316264005265,0.0059325993184426995,0,NA,39.81079483,34.1455574,27.202708245,29.28650284,NA,0.001091336654497,0,3.0464344774386006e-4,0,NA,0.047856316314962,0.0075806415174159,0.02658147798035686,4.09653245211372e-6,NA,0,0,0,0
