experiment,vmd_mean,vmd_sd,vmd_median,fpf_mean,fpf_sd,fpf_median,rf_mean,rf_sd,rf_median,efpf_mean,efpf_sd,efpf_median,vmd_A_median,vmd_B_median,vmd_C_median,vmd_D_median,vmd_F_median,fpf_A_median,fpf_B_median,fpf_C_median,fpf_D_median,fpf_F_median,rf_A_median,rf_B_median,rf_C_median,rf_D_median,rf_F_median,efpf_A_median,efpf_B_median,efpf_C_median,efpf_D_median,efpf_F_median
Exp29-1066,20.80230013044776,71.3495936341455,5.41170597,0.47932074056161555,0.07560426443924881,0.48696769058709,0.5743888875224036,0.08745658460023094,0.58136262416857,0.3178986186853785,0.07594842881887215,0.32639795109608,6.30958605,6.30958605,4.64159775,5.41170597,100.00019836,0.46734297394745,0.46764518305647995,0.5008996339887151,0.49089974002990944,0.31661122696487,0.55239407420155,0.55693980008356,0.59520464718342,0.58467491596942,0.38088370101547,0.31603770613655,0.31542081639168,0.33546498619031495,0.32529690153907503,0.19886213438597
