experiment,vmd_mean,vmd_sd,vmd_median,fpf_mean,fpf_sd,fpf_median,rf_mean,rf_sd,rf_median,efpf_mean,efpf_sd,efpf_median,vmd_A_median,vmd_B_median,vmd_C_median,vmd_D_median,vmd_F_median,fpf_A_median,fpf_B_median,fpf_C_median,fpf_D_median,fpf_F_median,rf_A_median,rf_B_median,rf_C_median,rf_D_median,rf_F_median,efpf_A_median,efpf_B_median,efpf_C_median,efpf_D_median,efpf_F_median
Exp29-1032,12.580810902227721,1.5807976902415228,11.65916729,0.11093760468198209,0.030083138547838745,0.10545033592832345,0.322164625940641,0.03348761852587896,0.32205333366201083,0.07604085588894492,0.020836336886214734,0.07298446667147135,13.59359074,11.65916729,11.65916729,13.59359074,13.59359074,0.1009869996621633,0.10986481071218761,0.10162092281972052,0.1092116800822831,0.2099598062039,0.30521116414806326,0.32247465752813187,0.32171639075642045,0.31345854189668976,0.3784214985371,0.0726476056850593,0.0756944960798006,0.07082842623247614,0.06960357462019105,0.11253659784796
