experiment,vmd_mean,vmd_sd,vmd_median,fpf_mean,fpf_sd,fpf_median,rf_mean,rf_sd,rf_median,efpf_mean,efpf_sd,efpf_median,vmd_A_median,vmd_B_median,vmd_C_median,vmd_D_median,vmd_F_median,fpf_A_median,fpf_B_median,fpf_C_median,fpf_D_median,fpf_F_median,rf_A_median,rf_B_median,rf_C_median,rf_D_median,rf_F_median,efpf_A_median,efpf_B_median,efpf_C_median,efpf_D_median,efpf_F_median
Exp24-1012,371.9015422142781,184.4710240521851,464.15979004,0.0729590217855395,0.023483571048872505,0.0748425510153405,0.13477533796355132,0.05404982197501178,0.13358245937151147,0.05315551580828461,0.017087274326521136,0.0546644890960095,541.17059326,398.10794067,464.15979004,NA,NA,0.039853421673175,0.075104665085682,0.0748425510153405,NA,NA,0.054388052597634996,0.133896362334463,0.13358245937151147,NA,NA,0.034168025627735,0.05568759124725,0.0543083916883985,NA,NA
