experiment,vmd_mean,vmd_sd,vmd_median,fpf_mean,fpf_sd,fpf_median,rf_mean,rf_sd,rf_median,efpf_mean,efpf_sd,efpf_median,vmd_A_median,vmd_B_median,vmd_C_median,vmd_D_median,vmd_F_median,fpf_A_median,fpf_B_median,fpf_C_median,fpf_D_median,fpf_F_median,rf_A_median,rf_B_median,rf_C_median,rf_D_median,rf_F_median,efpf_A_median,efpf_B_median,efpf_C_median,efpf_D_median,efpf_F_median
Exp24-1051,368.8475515537665,200.78099976969537,464.15979004,0.0825981553150583,0.03389989062845498,0.08596044048665799,0.14615833392856722,0.06997002387067028,0.144763149395564,0.061882278123961056,0.028410532962837944,0.06562614522877,541.17059326,398.10794067,464.15979004,464.15979004,18.4785347,0.043207234144202,0.09233330741524201,0.087386978566628,0.076901555173107,0.11147911034523,0.058422671556462004,0.15438087962569,0.147493878528484,0.127239509299445,0.2361104899365347,0.035347564890971996,0.072841107398268,0.06640669465066601,0.051122628189596,0.08651056922972501
