experiment,vmd_mean,vmd_sd,vmd_median,fpf_mean,fpf_sd,fpf_median,rf_mean,rf_sd,rf_median,efpf_mean,efpf_sd,efpf_median,vmd_A_median,vmd_B_median,vmd_C_median,vmd_D_median,vmd_F_median,fpf_A_median,fpf_B_median,fpf_C_median,fpf_D_median,fpf_F_median,rf_A_median,rf_B_median,rf_C_median,rf_D_median,rf_F_median,efpf_A_median,efpf_B_median,efpf_C_median,efpf_D_median,efpf_F_median
Exp39-1091,16.01421260818182,2.3470407685552996,15.84896278,0.07671017815782712,0.017858347035980614,0.07902117788788,0.2579552700946453,0.04845102952172627,0.2633804394304533,0.027156934047288205,0.013359151843214888,0.029779906570909998,NA,18.4785347,18.4785347,15.84896278,NA,NA,0.07931213617324501,0.05937719769778,0.08116570532320999,NA,NA,0.20703213989729502,0.20958770461388,0.27355236202485,NA,NA,0.04019376263021,0.03013750493527,0.021024461984640003,NA
