experiment,vmd_mean,vmd_sd,vmd_median,fpf_mean,fpf_sd,fpf_median,rf_mean,rf_sd,rf_median,efpf_mean,efpf_sd,efpf_median,vmd_A_median,vmd_B_median,vmd_C_median,vmd_D_median,vmd_F_median,fpf_A_median,fpf_B_median,fpf_C_median,fpf_D_median,fpf_F_median,rf_A_median,rf_B_median,rf_C_median,rf_D_median,rf_F_median,efpf_A_median,efpf_B_median,efpf_C_median,efpf_D_median,efpf_F_median
Exp24-1031,14.375625038594706,4.446319925361288,13.59359074,0.19242959674172844,0.048187373339826034,0.18759821251045,0.3430480375121326,0.05354978018059253,0.34565892033285,0.1400032832422055,0.04361921906313984,0.13536633878954,21.54438972,13.59359074,13.59359074,13.59359074,13.59359074,0.2267628905178,0.18300772026182,0.190416919104821,0.19041907485579251,0.136217842809794,0.2994755443932,0.34022479385126997,0.344794150628144,0.36331328205755,0.3231235912814185,0.19118620842704,0.13585751116277,0.137753784358575,0.130949376858719,0.078798433654014
