experiment,vmd_mean,vmd_sd,vmd_median,fpf_mean,fpf_sd,fpf_median,rf_mean,rf_sd,rf_median,efpf_mean,efpf_sd,efpf_median,vmd_A_median,vmd_B_median,vmd_C_median,vmd_D_median,vmd_F_median,fpf_A_median,fpf_B_median,fpf_C_median,fpf_D_median,fpf_F_median,rf_A_median,rf_B_median,rf_C_median,rf_D_median,rf_F_median,efpf_A_median,efpf_B_median,efpf_C_median,efpf_D_median,efpf_F_median
Exp39-1116,18.48380299117647,30.712436924807157,8.57697582,0.33249236810733473,0.17845883107227287,0.32981120407573,0.5083317967285347,0.2093286556911101,0.54389204323301,0.06628958017509941,0.03294096979312324,0.07833945870393,NA,7.35643721,8.57697582,8.57697582,54.28858709,NA,0.38356784731152,0.32981120407573,0.335137437433005,0.147872582226965,NA,0.58160819441082,0.51502945244313,0.546000703424255,0.254186144620165,NA,0.09768227130177,0.08209206163883,0.077546232938715,0.033593875914765
