experiment,vmd_mean,vmd_sd,vmd_median,fpf_mean,fpf_sd,fpf_median,rf_mean,rf_sd,rf_median,efpf_mean,efpf_sd,efpf_median,vmd_A_median,vmd_B_median,vmd_C_median,vmd_D_median,vmd_F_median,fpf_A_median,fpf_B_median,fpf_C_median,fpf_D_median,fpf_F_median,rf_A_median,rf_B_median,rf_C_median,rf_D_median,rf_F_median,efpf_A_median,efpf_B_median,efpf_C_median,efpf_D_median,efpf_F_median
Exp20-1030,20.650965253190478,4.787451300004704,21.54438972,0.2880037884049527,0.04012116528545168,0.28319712594153,0.34376916835982085,0.04494611362198965,0.34085261859001503,0.24521834692535313,0.036907886850920064,0.24031869232654002,29.632235525,18.4785347,21.54438972,NA,NA,0.27843673102546,0.28426775947208,0.28083592444646,NA,NA,0.31557072661804497,0.34589439004645,0.33066601574407994,NA,NA,0.24284179620433,0.23946760624655,0.24219847649332,NA,NA
