experiment,vmd_mean,vmd_sd,vmd_median,fpf_mean,fpf_sd,fpf_median,rf_mean,rf_sd,rf_median,efpf_mean,efpf_sd,efpf_median,vmd_A_median,vmd_B_median,vmd_C_median,vmd_D_median,vmd_F_median,fpf_A_median,fpf_B_median,fpf_C_median,fpf_D_median,fpf_F_median,rf_A_median,rf_B_median,rf_C_median,rf_D_median,rf_F_median,efpf_A_median,efpf_B_median,efpf_C_median,efpf_D_median,efpf_F_median
Exp24-1107,33.68074837769517,31.420489022628878,18.4785347,0.039964871768883546,0.03759071652390627,0.02974049225454,0.1913872830754621,0.07159139205881375,0.18282496064901999,0.005221605204216644,0.019318462786846336,0,100.00019836,18.4785347,18.4785347,21.54438972,18.4785347,0,0.0204794232547,0.02877798825503,0.052025136947600005,0.0647556614781625,0.11819508194931,0.16438520371907997,0.17991391509764,0.21671494454147003,0.24071402280573248,0,0,0,0,0
