experiment,vmd_mean,vmd_sd,vmd_median,fpf_mean,fpf_sd,fpf_median,rf_mean,rf_sd,rf_median,efpf_mean,efpf_sd,efpf_median,vmd_A_median,vmd_B_median,vmd_C_median,vmd_D_median,vmd_F_median,fpf_A_median,fpf_B_median,fpf_C_median,fpf_D_median,fpf_F_median,rf_A_median,rf_B_median,rf_C_median,rf_D_median,rf_F_median,efpf_A_median,efpf_B_median,efpf_C_median,efpf_D_median,efpf_F_median
Exp20-1105,99.32673459314286,6.884420816202653,100.00019836,0.1218313871865754,0.026969345994794596,0.11518059936137195,0.15094757174290813,0.02870881729021541,0.14460277915009212,0.11586744365567705,0.02170038554483692,0.11381461637823441,100.00019836,100.00019836,100.00019836,NA,NA,0.09789112092694306,0.115931100845,0.114475049973,NA,NA,0.17087817730129307,0.1471598880884439,0.1356120860577216,NA,NA,0.09787890328254041,0.114341430664,0.11335218429606674,NA,NA
