experiment,vmd_mean,vmd_sd,vmd_median,fpf_mean,fpf_sd,fpf_median,rf_mean,rf_sd,rf_median,efpf_mean,efpf_sd,efpf_median,vmd_A_median,vmd_B_median,vmd_C_median,vmd_D_median,vmd_F_median,fpf_A_median,fpf_B_median,fpf_C_median,fpf_D_median,fpf_F_median,rf_A_median,rf_B_median,rf_C_median,rf_D_median,rf_F_median,efpf_A_median,efpf_B_median,efpf_C_median,efpf_D_median,efpf_F_median
Exp20-1044,5.350191657428572,2.086288242737998,6.30958605,0.48771472148988,0.06067775977754583,0.47871600992974,0.6077033441311623,0.04459748403612243,0.6021077884733601,0.4244327066114958,0.06455463108333158,0.41578651145098,3.00047839,6.30958605,5.41170597,NA,NA,0.56890140965583,0.47630901336679005,0.48320139348528,NA,NA,0.66794520452628,0.5992828249931,0.60649237453958,NA,NA,0.5054016791284499,0.41255262285487,0.42918396413344,NA,NA
