experiment,vmd_mean,vmd_sd,vmd_median,fpf_mean,fpf_sd,fpf_median,rf_mean,rf_sd,rf_median,efpf_mean,efpf_sd,efpf_median,vmd_A_median,vmd_B_median,vmd_C_median,vmd_D_median,vmd_F_median,fpf_A_median,fpf_B_median,fpf_C_median,fpf_D_median,fpf_F_median,rf_A_median,rf_B_median,rf_C_median,rf_D_median,rf_F_median,efpf_A_median,efpf_B_median,efpf_C_median,efpf_D_median,efpf_F_median
Exp29-1022,92.76978777338309,144.25726716342433,21.54438972,0.06478514531521938,0.0160107286579013,0.06181641182020589,0.19471405240597242,0.04316535923033399,0.19311539691876092,0.04308707618879228,0.01171713981104296,0.04108046419890788,29.28650284,25.11891365,21.54438972,21.54438972,NA,0.05547925189407134,0.06286535017333973,0.060741581125185504,0.06992856348005222,NA,0.16664031937997134,0.18589114831735912,0.19765225366629113,0.20403814229653128,NA,0.037939429392895144,0.04288899360528425,0.04064136601362353,0.04212518459186201,NA
