experiment,vmd_mean,vmd_sd,vmd_median,fpf_mean,fpf_sd,fpf_median,rf_mean,rf_sd,rf_median,efpf_mean,efpf_sd,efpf_median,vmd_A_median,vmd_B_median,vmd_C_median,vmd_D_median,vmd_F_median,fpf_A_median,fpf_B_median,fpf_C_median,fpf_D_median,fpf_F_median,rf_A_median,rf_B_median,rf_C_median,rf_D_median,rf_F_median,efpf_A_median,efpf_B_median,efpf_C_median,efpf_D_median,efpf_F_median
Exp29-1104,14.335406789359606,2.208277707744299,13.59359074,0.05571192834352099,0.021514785887798375,0.051640786081627,0.2647886584048691,0.033698506789405315,0.26296978086226,0.002649819945246997,0.01404681043082243,0,13.59359074,13.59359074,13.59359074,13.59359074,17.163748740000003,0.044042038768580004,0.05177738010883,0.050494677126445,0.05778982803225299,0.10240739960224551,0.24877738460898002,0.25840838879341,0.267629527151645,0.25583900958308,0.26573852438484546,0,0,0,0,0.011596227474512
