experiment,vmd_mean,vmd_sd,vmd_median,fpf_mean,fpf_sd,fpf_median,rf_mean,rf_sd,rf_median,efpf_mean,efpf_sd,efpf_median,vmd_A_median,vmd_B_median,vmd_C_median,vmd_D_median,vmd_F_median,fpf_A_median,fpf_B_median,fpf_C_median,fpf_D_median,fpf_F_median,rf_A_median,rf_B_median,rf_C_median,rf_D_median,rf_F_median,efpf_A_median,efpf_B_median,efpf_C_median,efpf_D_median,efpf_F_median
Exp24-1020,29.634912033652174,29.57784234476448,18.4785347,0.09636020096909967,0.02962246910370151,0.09638042867183999,0.2276707480893742,0.04427115009393278,0.23530317708845,0.06478894771700582,0.023395418903222834,0.06164591908458,100.00019836,18.4785347,NA,NA,NA,0.0724899864197,0.097048023492135,NA,NA,NA,0.1558704090119,0.235439308956225,NA,NA,NA,0.0724899864197,0.061608754992525,NA,NA,NA
