experiment,vmd_mean,vmd_sd,vmd_median,fpf_mean,fpf_sd,fpf_median,rf_mean,rf_sd,rf_median,efpf_mean,efpf_sd,efpf_median,vmd_A_median,vmd_B_median,vmd_C_median,vmd_D_median,vmd_F_median,fpf_A_median,fpf_B_median,fpf_C_median,fpf_D_median,fpf_F_median,rf_A_median,rf_B_median,rf_C_median,rf_D_median,rf_F_median,efpf_A_median,efpf_B_median,efpf_C_median,efpf_D_median,efpf_F_median
Exp39-1109,29.88684277631579,25.074336757743378,25.11891365,0.015156693876801696,0.02791414598261407,0,0.08886006280579561,0.09791045894585354,0.06267626866705,2.2148254143643264e-4,7.81116064832389e-4,0,NA,23.331651685,29.28650284,21.54438972,25.11891365,NA,0,0,0.01036981932819,0,NA,0.051763380807818844,0.01417208939795,0.11192188195894001,5.9413456761634865e-5,NA,0,0,0,0
