experiment,vmd_mean,vmd_sd,vmd_median,fpf_mean,fpf_sd,fpf_median,rf_mean,rf_sd,rf_median,efpf_mean,efpf_sd,efpf_median,vmd_A_median,vmd_B_median,vmd_C_median,vmd_D_median,vmd_F_median,fpf_A_median,fpf_B_median,fpf_C_median,fpf_D_median,fpf_F_median,rf_A_median,rf_B_median,rf_C_median,rf_D_median,rf_F_median,efpf_A_median,efpf_B_median,efpf_C_median,efpf_D_median,efpf_F_median
Exp33-1046,149.86594579979425,217.52063234730008,29.28650284,0.05764671637960456,0.026133224274388824,0.058996065286024156,0.14705237347273975,0.07215882883434399,0.14895478772239198,0.030376382550104747,0.022405634315762105,0.032699153237034005,NA,29.28650284,29.28650284,25.11891365,31.71603012,NA,0.063897002264834,0.064806793220318,0.047444236874590005,0.0491012441926105,NA,0.14895478772239198,0.149340154379551,0.150690985731722,0.08629473985406945,NA,0.037239946536712004,0.038693985678231,0.026588671170179,0.0137475335411705
