experiment,vmd_mean,vmd_sd,vmd_median,fpf_mean,fpf_sd,fpf_median,rf_mean,rf_sd,rf_median,efpf_mean,efpf_sd,efpf_median,vmd_A_median,vmd_B_median,vmd_C_median,vmd_D_median,vmd_F_median,fpf_A_median,fpf_B_median,fpf_C_median,fpf_D_median,fpf_F_median,rf_A_median,rf_B_median,rf_C_median,rf_D_median,rf_F_median,efpf_A_median,efpf_B_median,efpf_C_median,efpf_D_median,efpf_F_median
Exp33-1107,29.15493827356863,25.558224248091282,21.54438972,0.09302821187982316,0.06452567492423901,0.08544569566848001,0.20016062057975045,0.08429594582318872,0.19983060926196,0.031917281000268756,0.04355857086664012,0.016003819406036,NA,21.54438972,21.54438972,18.4785347,20.01146221,NA,0.07778334781529,0.07916782207791,0.090515538007023,0.11345920107312502,NA,0.17041649281974,0.188282955400684,0.21608948559045113,0.22552608979841623,NA,0.013523132875560999,0.01586128726601,0.01715061634778,0.02291215464473
