experiment,vmd_mean,vmd_sd,vmd_median,fpf_mean,fpf_sd,fpf_median,rf_mean,rf_sd,rf_median,efpf_mean,efpf_sd,efpf_median,vmd_A_median,vmd_B_median,vmd_C_median,vmd_D_median,vmd_F_median,fpf_A_median,fpf_B_median,fpf_C_median,fpf_D_median,fpf_F_median,rf_A_median,rf_B_median,rf_C_median,rf_D_median,rf_F_median,efpf_A_median,efpf_B_median,efpf_C_median,efpf_D_median,efpf_F_median
Exp33-1047,149.74125898409838,217.95418945862428,29.28650284,0.06240895739478381,0.02974251134266918,0.06282987998330555,0.14971800989388828,0.07374206746795678,0.14887565902900657,0.03666256094921238,0.026791398396628186,0.0382567081507325,NA,29.28650284,29.28650284,25.11891365,29.28650284,NA,0.06988215407351611,0.071414811499396,0.049683054648351,0.04198505950332779,NA,0.1488178528937981,0.15107363184928999,0.15509715614845399,0.052177654206771,NA,0.045911923465322094,0.047293172962966,0.029921238906688997,0.005231662094591
