experiment,vmd_mean,vmd_sd,vmd_median,fpf_mean,fpf_sd,fpf_median,rf_mean,rf_sd,rf_median,efpf_mean,efpf_sd,efpf_median,vmd_A_median,vmd_B_median,vmd_C_median,vmd_D_median,vmd_F_median,fpf_A_median,fpf_B_median,fpf_C_median,fpf_D_median,fpf_F_median,rf_A_median,rf_B_median,rf_C_median,rf_D_median,rf_F_median,efpf_A_median,efpf_B_median,efpf_C_median,efpf_D_median,efpf_F_median
Exp33-1032,18.63720352092105,4.172233362525645,18.4785347,0.10345600842676567,0.038207426252956304,0.10121988802224774,0.2338318429935838,0.06842113436474208,0.23728511890398948,0.057342345932823995,0.03394434591286512,0.056497865319242,NA,18.4785347,18.4785347,18.4785347,25.11891365,NA,0.097787155732495,0.11091304941105551,0.0926081354785131,0.113165054842832,NA,0.213423402309361,0.240705918110869,0.23982514731578752,0.172647674605332,NA,0.058295637741708,0.062823080997923,0.046167303696281,0.068673157915472
