experiment,vmd_mean,vmd_sd,vmd_median,fpf_mean,fpf_sd,fpf_median,rf_mean,rf_sd,rf_median,efpf_mean,efpf_sd,efpf_median,vmd_A_median,vmd_B_median,vmd_C_median,vmd_D_median,vmd_F_median,fpf_A_median,fpf_B_median,fpf_C_median,fpf_D_median,fpf_F_median,rf_A_median,rf_B_median,rf_C_median,rf_D_median,rf_F_median,efpf_A_median,efpf_B_median,efpf_C_median,efpf_D_median,efpf_F_median
Exp33-1086,21.488464628101852,5.462561907960726,21.54438972,0.060896143666687136,0.019503283537847853,0.05803282946348,0.1911863532100608,0.059438999089933456,0.19053723357618002,0.019203105542308748,0.014763513198700935,0.01662374489009,NA,21.54438972,21.54438972,21.54438972,18.4785347,NA,0.05240302950144,0.060212318152180005,0.0576251823454915,0.06744128257039,NA,0.1678842574358,0.1821288464964,0.2023340449661351,0.22803752690568999,NA,0.01587726488709,0.020251317694784998,0.012523944675924999,0.020174931883819996
