experiment,vmd_mean,vmd_sd,vmd_median,fpf_mean,fpf_sd,fpf_median,rf_mean,rf_sd,rf_median,efpf_mean,efpf_sd,efpf_median,vmd_A_median,vmd_B_median,vmd_C_median,vmd_D_median,vmd_F_median,fpf_A_median,fpf_B_median,fpf_C_median,fpf_D_median,fpf_F_median,rf_A_median,rf_B_median,rf_C_median,rf_D_median,rf_F_median,efpf_A_median,efpf_B_median,efpf_C_median,efpf_D_median,efpf_F_median
Exp29-1109,14.568999165073892,2.526240444861471,13.59359074,0.04103160636529633,0.030706783587423108,0.03553824216127,0.24748358618577176,0.07211379388482132,0.25202116012559,4.258192248478114e-4,0.0034614838843442268,0,15.84896278,13.59359074,13.59359074,13.59359074,18.4785347,0.01567844450471,0.02794836781923,0.043574015852061,0.038590919971469996,0.015599211603414999,0.19824606478221,0.24234375894073001,0.266579655073651,0.254423451051169,0.146032744795115,0,0,0,0,0
