experiment,vmd_mean,vmd_sd,vmd_median,fpf_mean,fpf_sd,fpf_median,rf_mean,rf_sd,rf_median,efpf_mean,efpf_sd,efpf_median,vmd_A_median,vmd_B_median,vmd_C_median,vmd_D_median,vmd_F_median,fpf_A_median,fpf_B_median,fpf_C_median,fpf_D_median,fpf_F_median,rf_A_median,rf_B_median,rf_C_median,rf_D_median,rf_F_median,efpf_A_median,efpf_B_median,efpf_C_median,efpf_D_median,efpf_F_median
Exp39-1076,20.60282224375,5.127871251422297,21.54438972,0.061717967047627303,0.019560318848874634,0.06125111632046,0.1770658265531773,0.08910707109133983,0.172102712318275,0.01505275811068894,0.010982889274397835,0.01527662098408,NA,23.331651685,29.28650284,18.4785347,19.356252195,NA,0.067829433530535,0.04834877178072,0.07060615897181,0.039581040735342105,NA,0.142454982250885,0.09327525362373,0.19659342408175,0.1640744543028671,NA,0.028125310987235,0.012290665954339999,0.01626148045063,0.0020244454219935
