experiment,vmd_mean,vmd_sd,vmd_median,fpf_mean,fpf_sd,fpf_median,rf_mean,rf_sd,rf_median,efpf_mean,efpf_sd,efpf_median,vmd_A_median,vmd_B_median,vmd_C_median,vmd_D_median,vmd_F_median,fpf_A_median,fpf_B_median,fpf_C_median,fpf_D_median,fpf_F_median,rf_A_median,rf_B_median,rf_C_median,rf_D_median,rf_F_median,efpf_A_median,efpf_B_median,efpf_C_median,efpf_D_median,efpf_F_median
Exp24-1114,23.826252691320754,39.34817509716222,2.92865038,0.65117805277703,0.3635418325381673,0.8667334239736182,0.6756811583782614,0.3649747323114606,0.871914986212841,0.06653239605340354,0.08614350319072432,0.03145776372599825,100.00019836,2.92865038,2.92865038,3.98107958,21.54438972,0,0.86777729107787,0.8681022088852776,0.8481509315039455,0.0645066783577,0,0.8729208525888121,0.8733947200463785,0.8663888552756711,0.1979574797303,0,0.03914095600463406,0.038618854974035936,0.0032990708740471865,2.341491425256316e-5
