experiment,vmd_mean,vmd_sd,vmd_median,fpf_mean,fpf_sd,fpf_median,rf_mean,rf_sd,rf_median,efpf_mean,efpf_sd,efpf_median,vmd_A_median,vmd_B_median,vmd_C_median,vmd_D_median,vmd_F_median,fpf_A_median,fpf_B_median,fpf_C_median,fpf_D_median,fpf_F_median,rf_A_median,rf_B_median,rf_C_median,rf_D_median,rf_F_median,efpf_A_median,efpf_B_median,efpf_C_median,efpf_D_median,efpf_F_median
Exp20-1000,519.7725232935426,96.9500252444096,541.17059326,0.07943070525732615,0.09848086026941279,0.065096017867318,0.0944679418875751,0.09804392647676845,0.078108464181411,0.07059219165219581,0.09874564527218972,0.057418345771726005,586.0645751950001,541.17059326,541.17059326,NA,85.76976013,0.045222078929658197,0.065588847286985,0.065114929005511,NA,0.053566475473357,0.049993340685032694,0.07793965570627699,0.07633747823538099,NA,0.19522207087527602,0.041298339976934995,0.057532174754891,0.057450454458592,NA,0.048753911219554
