experiment,vmd_mean,vmd_sd,vmd_median,fpf_mean,fpf_sd,fpf_median,rf_mean,rf_sd,rf_median,efpf_mean,efpf_sd,efpf_median,vmd_A_median,vmd_B_median,vmd_C_median,vmd_D_median,vmd_F_median,fpf_A_median,fpf_B_median,fpf_C_median,fpf_D_median,fpf_F_median,rf_A_median,rf_B_median,rf_C_median,rf_D_median,rf_F_median,efpf_A_median,efpf_B_median,efpf_C_median,efpf_D_median,efpf_F_median
Exp24-1017,360.66205638684494,183.92826710519637,398.10794067,0.07533540893415887,0.022441254602692456,0.077391903288689,0.1379254721332791,0.05233911155107301,0.137901185229364,0.05530550437038296,0.016039884293183402,0.056726719327264,541.17059326,398.10794067,398.10794067,NA,NA,0.039853421673175,0.075104665085682,0.07963769774886399,NA,NA,0.054388052597634996,0.133896362334463,0.145218909755393,NA,NA,0.034168025627735,0.05568759124725,0.057849564664059,NA,NA
