experiment,vmd_mean,vmd_sd,vmd_median,fpf_mean,fpf_sd,fpf_median,rf_mean,rf_sd,rf_median,efpf_mean,efpf_sd,efpf_median,vmd_A_median,vmd_B_median,vmd_C_median,vmd_D_median,vmd_F_median,fpf_A_median,fpf_B_median,fpf_C_median,fpf_D_median,fpf_F_median,rf_A_median,rf_B_median,rf_C_median,rf_D_median,rf_F_median,efpf_A_median,efpf_B_median,efpf_C_median,efpf_D_median,efpf_F_median
Exp39-1073,20.118764331428572,4.990955473819457,20.01146221,0.06235658281695644,0.018980934889944883,0.06387846037743,0.18974259766165,0.08497829540786313,0.19023091413076498,0.015212323177338245,0.011201060460391179,0.015422087386255,NA,23.331651685,29.28650284,18.4785347,13.59359074,NA,0.06535450950265001,0.046804152727139996,0.07223615437747,0.0447673621326297,NA,0.13706011369825,0.08998439371585,0.20706082417616,0.28254627372322966,NA,0.027705357223749998,0.012304092645639999,0.015422087386255,0
