experiment,vmd_mean,vmd_sd,vmd_median,fpf_mean,fpf_sd,fpf_median,rf_mean,rf_sd,rf_median,efpf_mean,efpf_sd,efpf_median,vmd_A_median,vmd_B_median,vmd_C_median,vmd_D_median,vmd_F_median,fpf_A_median,fpf_B_median,fpf_C_median,fpf_D_median,fpf_F_median,rf_A_median,rf_B_median,rf_C_median,rf_D_median,rf_F_median,efpf_A_median,efpf_B_median,efpf_C_median,efpf_D_median,efpf_F_median
Exp20-1057,541.4714986152858,34.56604052566309,541.17059326,0.07549529898029704,0.030467931017686817,0.07586497144773599,0.0830209846717157,0.0297496543645669,0.0827679764479465,0.06601612006290726,0.030987112024553638,0.0673091579421291,586.0645751950001,541.17059326,541.17059326,NA,NA,0.04522932483276336,0.07648108500987699,0.073764801546939,NA,NA,0.04790001282148372,0.08489477932454999,0.0806735211284796,NA,NA,0.04247023346897261,0.069303246811018,0.064140741378081,NA,NA
