experiment,vmd_mean,vmd_sd,vmd_median,fpf_mean,fpf_sd,fpf_median,rf_mean,rf_sd,rf_median,efpf_mean,efpf_sd,efpf_median,vmd_A_median,vmd_B_median,vmd_C_median,vmd_D_median,vmd_F_median,fpf_A_median,fpf_B_median,fpf_C_median,fpf_D_median,fpf_F_median,rf_A_median,rf_B_median,rf_C_median,rf_D_median,rf_F_median,efpf_A_median,efpf_B_median,efpf_C_median,efpf_D_median,efpf_F_median
Exp33-1116,23.897690263636363,33.65435216771198,7.35643721,0.2806083558622857,0.21042199368238146,0.32630409538747,0.47997805174637775,0.26916276889126756,0.55734535872917,0.051386027911737776,0.038719371776886294,0.07022770762451999,NA,7.35643721,7.35643721,8.57697582,10.00002003,NA,0.35577274024478994,0.34741301000112,0.29490616202361,0.29207694619891,NA,0.5726311981678,0.57113618612297,0.5163909246027849,0.48775345891710997,NA,0.08317931473253999,0.0760845777392,0.06139810472728,0.07017040818931
