experiment,vmd_mean,vmd_sd,vmd_median,fpf_mean,fpf_sd,fpf_median,rf_mean,rf_sd,rf_median,efpf_mean,efpf_sd,efpf_median,vmd_A_median,vmd_B_median,vmd_C_median,vmd_D_median,vmd_F_median,fpf_A_median,fpf_B_median,fpf_C_median,fpf_D_median,fpf_F_median,rf_A_median,rf_B_median,rf_C_median,rf_D_median,rf_F_median,efpf_A_median,efpf_B_median,efpf_C_median,efpf_D_median,efpf_F_median
Exp24-1093,13.41511753238806,0.8001732738241184,13.59359074,0.140246073675385,0.05531146100875258,0.13196443378931,0.31075056221879277,0.04177337764545594,0.30328156769272,0.08370833607024784,0.050865382794259235,0.07597362041475,13.59359074,13.59359074,13.59359074,13.59359074,NA,0.21530522905285,0.126208785921395,0.13295636296266,0.13372228741633,NA,0.35174135647705,0.30059679567820496,0.30250066339977,0.31501297175875,NA,0.1642639517784,0.07361285507686499,0.07721156477933999,0.07216837167743,NA
