experiment,vmd_mean,vmd_sd,vmd_median,fpf_mean,fpf_sd,fpf_median,rf_mean,rf_sd,rf_median,efpf_mean,efpf_sd,efpf_median,vmd_A_median,vmd_B_median,vmd_C_median,vmd_D_median,vmd_F_median,fpf_A_median,fpf_B_median,fpf_C_median,fpf_D_median,fpf_F_median,rf_A_median,rf_B_median,rf_C_median,rf_D_median,rf_F_median,efpf_A_median,efpf_B_median,efpf_C_median,efpf_D_median,efpf_F_median
Exp20-1078,22.71745634390476,4.957292993125446,21.54438972,0.1892154764059209,0.028331724107191158,0.18503861643371,0.25217267218378303,0.03603158884943789,0.2480841685179955,0.14724572455315332,0.02433901829356644,0.1442412179709,35.76744747,21.54438972,21.54438972,NA,NA,0.191251188023018,0.18872584462177,0.1819296105207,NA,NA,0.23293783272615298,0.255445452183607,0.23577153027055,NA,NA,0.1549091398716,0.1443022811414,0.143544870615,NA,NA
