experiment,vmd_mean,vmd_sd,vmd_median,fpf_mean,fpf_sd,fpf_median,rf_mean,rf_sd,rf_median,efpf_mean,efpf_sd,efpf_median,vmd_A_median,vmd_B_median,vmd_C_median,vmd_D_median,vmd_F_median,fpf_A_median,fpf_B_median,fpf_C_median,fpf_D_median,fpf_F_median,rf_A_median,rf_B_median,rf_C_median,rf_D_median,rf_F_median,efpf_A_median,efpf_B_median,efpf_C_median,efpf_D_median,efpf_F_median
Exp33-1036,21.910385135277778,6.0776073182732295,21.54438972,0.08956780369575264,0.0342767880459543,0.08709072965195,0.21306400638634565,0.06588640486976464,0.21221522396425901,0.04957053458006478,0.03042865882401315,0.0497885006479885,NA,21.54438972,21.54438972,21.54438972,15.84896278,NA,0.08261604802684,0.09395102130249901,0.08056773853823704,0.11376914057884199,NA,0.187638954871858,0.20673693418496653,0.21983786627652702,0.264094868041642,NA,0.050271292440590996,0.054515528772033,0.041099694101147,0.068601441234358
