experiment,vmd_mean,vmd_sd,vmd_median,fpf_mean,fpf_sd,fpf_median,rf_mean,rf_sd,rf_median,efpf_mean,efpf_sd,efpf_median,vmd_A_median,vmd_B_median,vmd_C_median,vmd_D_median,vmd_F_median,fpf_A_median,fpf_B_median,fpf_C_median,fpf_D_median,fpf_F_median,rf_A_median,rf_B_median,rf_C_median,rf_D_median,rf_F_median,efpf_A_median,efpf_B_median,efpf_C_median,efpf_D_median,efpf_F_median
Exp24-1103,31.368860898970038,30.79568781115219,18.4785347,0.10780056707301484,0.035914017697455565,0.105056510046118,0.23231797590218423,0.06287191831239172,0.23834088668220998,0.04003419949394457,0.03766140286234865,0.03459300622343,100.00019836,18.4785347,18.4785347,18.4785347,13.59359074,0.0869709205627,0.10326576441525001,0.10787179976700001,0.10400998964900801,0.0726413119118175,0.1444576370716,0.2371714639664429,0.23672052800659,0.24891781389706,0.28968851652005,0.0869709205627,0.03837549149987,0.03493606209755,0.02631894946098,0.005924240285530001
