experiment,vmd_mean,vmd_sd,vmd_median,fpf_mean,fpf_sd,fpf_median,rf_mean,rf_sd,rf_median,efpf_mean,efpf_sd,efpf_median,vmd_A_median,vmd_B_median,vmd_C_median,vmd_D_median,vmd_F_median,fpf_A_median,fpf_B_median,fpf_C_median,fpf_D_median,fpf_F_median,rf_A_median,rf_B_median,rf_C_median,rf_D_median,rf_F_median,efpf_A_median,efpf_B_median,efpf_C_median,efpf_D_median,efpf_F_median
Exp24-1089,15.974683073264034,3.4199057335587417,15.84896278,0.12138869681318469,0.03831655839886739,0.11713917464009001,0.2793287286008388,0.049527878145135845,0.27744851946849,0.0688196900765761,0.03306374212806009,0.06614236354823,18.4785347,15.84896278,15.84896278,14.72127676,11.65916729,0.17438748598097,0.11245797812932,0.11774158626786001,0.12236770153039,0.07160556316378,0.27801233768457,0.26769467979670997,0.274335846044089,0.299539738297565,0.29936403155345703,0.1276010668278,0.06370239257814,0.06774301916358999,0.06399184018376,0.02362591326236
