experiment,vmd_mean,vmd_sd,vmd_median,fpf_mean,fpf_sd,fpf_median,rf_mean,rf_sd,rf_median,efpf_mean,efpf_sd,efpf_median,vmd_A_median,vmd_B_median,vmd_C_median,vmd_D_median,vmd_F_median,fpf_A_median,fpf_B_median,fpf_C_median,fpf_D_median,fpf_F_median,rf_A_median,rf_B_median,rf_C_median,rf_D_median,rf_F_median,efpf_A_median,efpf_B_median,efpf_C_median,efpf_D_median,efpf_F_median
Exp39-1071,26.579811286,20.796802051257995,21.54438972,0.06036513080738169,0.02162064462547983,0.06894673556087,0.17087750804965035,0.07841560097287346,0.15614738553767,0.016991860389712975,0.010332870986021633,0.016563470363620002,NA,25.11891365,29.28650284,20.01146221,NA,NA,0.062278516590594996,0.05458798781036,0.07085179038344,NA,NA,0.130231562852875,0.1007039238513,0.188736406043205,NA,NA,0.027198484539995002,0.01573800757527,0.015515381842855001,NA
