experiment,vmd_mean,vmd_sd,vmd_median,fpf_mean,fpf_sd,fpf_median,rf_mean,rf_sd,rf_median,efpf_mean,efpf_sd,efpf_median,vmd_A_median,vmd_B_median,vmd_C_median,vmd_D_median,vmd_F_median,fpf_A_median,fpf_B_median,fpf_C_median,fpf_D_median,fpf_F_median,rf_A_median,rf_B_median,rf_C_median,rf_D_median,rf_F_median,efpf_A_median,efpf_B_median,efpf_C_median,efpf_D_median,efpf_F_median
Exp20-1036,15.563811499476191,3.4533754930507987,15.84896278,0.33079672128321663,0.045083760480936375,0.327453741878275,0.39729250105024677,0.05059551740084565,0.393322350978795,0.28247407540395747,0.04228918478544085,0.281278528720095,15.068850995,15.84896278,15.84896278,NA,NA,0.37220858208838004,0.33151365101327,0.32598389536145,NA,NA,0.42361586712303,0.39584718987342,0.38742165207885004,NA,NA,0.325778620168615,0.28123433977366,0.28136219978332,NA,NA
