experiment,vmd_mean,vmd_sd,vmd_median,fpf_mean,fpf_sd,fpf_median,rf_mean,rf_sd,rf_median,efpf_mean,efpf_sd,efpf_median,vmd_A_median,vmd_B_median,vmd_C_median,vmd_D_median,vmd_F_median,fpf_A_median,fpf_B_median,fpf_C_median,fpf_D_median,fpf_F_median,rf_A_median,rf_B_median,rf_C_median,rf_D_median,rf_F_median,efpf_A_median,efpf_B_median,efpf_C_median,efpf_D_median,efpf_F_median
Exp33-1011,139.60019014551725,202.8098254238762,29.28650284,0.06255964945242888,0.02102244249698508,0.064575611297046,0.14135414915073866,0.056374035065879506,0.14370081982577101,0.036489442576298554,0.015427649678753323,0.037234186340123446,NA,29.28650284,29.28650284,25.11891365,NA,NA,0.063676568306982,0.065646974109117,0.064320919662744,NA,NA,0.140553349433486,0.14500819586215,0.12896704608577853,NA,NA,0.036858564652507,0.037519060445011285,0.0357992978952895,NA
