experiment,vmd_mean,vmd_sd,vmd_median,fpf_mean,fpf_sd,fpf_median,rf_mean,rf_sd,rf_median,efpf_mean,efpf_sd,efpf_median,vmd_A_median,vmd_B_median,vmd_C_median,vmd_D_median,vmd_F_median,fpf_A_median,fpf_B_median,fpf_C_median,fpf_D_median,fpf_F_median,rf_A_median,rf_B_median,rf_C_median,rf_D_median,rf_F_median,efpf_A_median,efpf_B_median,efpf_C_median,efpf_D_median,efpf_F_median
Exp29-1010,137.05481021526882,180.55447279663346,25.11891365,0.0596803681722055,0.012109970970432779,0.05791624616138391,0.18122003539850168,0.03555297476945939,0.1838845563711644,0.03948553146315084,0.008736163865013346,0.0389983382262095,34.1455574,29.28650284,21.54438972,23.331651685,NA,0.052715689854916176,0.059349979013193,0.056833072318053304,0.05918473624746856,NA,0.15981667371301617,0.173798925764793,0.1861453906539836,0.1913603802583455,NA,0.036956543329388775,0.040556992366897,0.03778432443550237,0.038217756091249486,NA
