experiment,vmd_mean,vmd_sd,vmd_median,fpf_mean,fpf_sd,fpf_median,rf_mean,rf_sd,rf_median,efpf_mean,efpf_sd,efpf_median,vmd_A_median,vmd_B_median,vmd_C_median,vmd_D_median,vmd_F_median,fpf_A_median,fpf_B_median,fpf_C_median,fpf_D_median,fpf_F_median,rf_A_median,rf_B_median,rf_C_median,rf_D_median,rf_F_median,efpf_A_median,efpf_B_median,efpf_C_median,efpf_D_median,efpf_F_median
Exp29-1054,137.91825805059113,188.0098570350223,25.11891365,0.03721413883763709,0.010756942793230737,0.035015962496404,0.16482167366196912,0.03645284576758193,0.16468466568689913,6.019186648839188e-4,0.0039494099035749745,0,29.28650284,25.11891365,21.54438972,25.11891365,287.65807533000003,0.028200220242190998,0.036517109503033905,0.0347191973030625,0.0395512113254565,0.05196405637304874,0.140697447434191,0.16043140866810301,0.1707138488095309,0.166889546513619,0.13796741771739873,0,0,0,0,8.9710897518524e-4
