experiment,vmd_mean,vmd_sd,vmd_median,fpf_mean,fpf_sd,fpf_median,rf_mean,rf_sd,rf_median,efpf_mean,efpf_sd,efpf_median,vmd_A_median,vmd_B_median,vmd_C_median,vmd_D_median,vmd_F_median,fpf_A_median,fpf_B_median,fpf_C_median,fpf_D_median,fpf_F_median,rf_A_median,rf_B_median,rf_C_median,rf_D_median,rf_F_median,efpf_A_median,efpf_B_median,efpf_C_median,efpf_D_median,efpf_F_median
Exp33-1067,96.02265051396476,204.3296052200112,5.41170597,0.4218913655837054,0.21166734562224734,0.48821036353733,0.5494944203960795,0.23522361163316421,0.62076570540647,0.2535978060678369,0.1625098016958517,0.2955638319254,NA,4.64159775,5.41170597,5.41170597,6.30958605,NA,0.50135761104552,0.49036986872558996,0.4817008338856742,0.44472043183628224,NA,0.60740430198642,0.62026364207261,0.635306316241786,0.6287802520114822,NA,0.310381643027,0.306532625667794,0.26810706396943784,0.27803381845369
