experiment,vmd_mean,vmd_sd,vmd_median,fpf_mean,fpf_sd,fpf_median,rf_mean,rf_sd,rf_median,efpf_mean,efpf_sd,efpf_median,vmd_A_median,vmd_B_median,vmd_C_median,vmd_D_median,vmd_F_median,fpf_A_median,fpf_B_median,fpf_C_median,fpf_D_median,fpf_F_median,rf_A_median,rf_B_median,rf_C_median,rf_D_median,rf_F_median,efpf_A_median,efpf_B_median,efpf_C_median,efpf_D_median,efpf_F_median
Exp24-1101,31.204802609001884,30.935746514332784,18.4785347,0.11513841172995534,0.03873824459308265,0.11688238441937,0.23575755228861298,0.06809641166447772,0.24343788206563002,0.05129921916552463,0.030491158061724696,0.0464367029071,100.00019836,18.4785347,18.4785347,18.4785347,13.59359074,0.0793217277527,0.11434476584197001,0.11940506488099001,0.11526844084276,0.06657535880802,0.15479779899121002,0.24054079234599002,0.24289940476411,0.251571640893859,0.29536717355249,0.0793217277527,0.04794280052187,0.04725066065782,0.03868055462839,0.0109530363977
