experiment,vmd_mean,vmd_sd,vmd_median,fpf_mean,fpf_sd,fpf_median,rf_mean,rf_sd,rf_median,efpf_mean,efpf_sd,efpf_median,vmd_A_median,vmd_B_median,vmd_C_median,vmd_D_median,vmd_F_median,fpf_A_median,fpf_B_median,fpf_C_median,fpf_D_median,fpf_F_median,rf_A_median,rf_B_median,rf_C_median,rf_D_median,rf_F_median,efpf_A_median,efpf_B_median,efpf_C_median,efpf_D_median,efpf_F_median
Exp20-1074,68.24083021880952,34.474984473377134,100.00019836,0.14815491607190395,0.024840716401361894,0.1436633071714496,0.1768752278748768,0.03851070044970328,0.1734674721770283,0.13968860679262166,0.021061541469087834,0.13790299837017217,100.00019836,100.00019836,100.00019836,NA,NA,0.12632361868648828,0.14639312641231017,0.14083445212903858,NA,NA,0.13902878734416996,0.17492326952914314,0.16395010783182096,NA,NA,0.12628277793975257,0.13939606565302737,0.13756369110254854,NA,NA
