experiment,vmd_mean,vmd_sd,vmd_median,fpf_mean,fpf_sd,fpf_median,rf_mean,rf_sd,rf_median,efpf_mean,efpf_sd,efpf_median,vmd_A_median,vmd_B_median,vmd_C_median,vmd_D_median,vmd_F_median,fpf_A_median,fpf_B_median,fpf_C_median,fpf_D_median,fpf_F_median,rf_A_median,rf_B_median,rf_C_median,rf_D_median,rf_F_median,efpf_A_median,efpf_B_median,efpf_C_median,efpf_D_median,efpf_F_median
Exp20-1040,10.979453748857143,2.7043403751897177,11.65916729,0.38371774570288125,0.04930348442393348,0.38374763965612,0.46400380799212076,0.05046128705739379,0.465613091141105,0.32922043630125164,0.047822107714064054,0.32610471650966,7.820123434999999,10.00002003,11.65916729,NA,NA,0.453880758434555,0.3839927214385,0.37974808275704,NA,NA,0.519706856161345,0.46899705052374,0.45898439407338004,NA,NA,0.39898590967061,0.32540477037427,0.32625612407917004,NA,NA
