experiment,vmd_mean,vmd_sd,vmd_median,fpf_mean,fpf_sd,fpf_median,rf_mean,rf_sd,rf_median,efpf_mean,efpf_sd,efpf_median,vmd_A_median,vmd_B_median,vmd_C_median,vmd_D_median,vmd_F_median,fpf_A_median,fpf_B_median,fpf_C_median,fpf_D_median,fpf_F_median,rf_A_median,rf_B_median,rf_C_median,rf_D_median,rf_F_median,efpf_A_median,efpf_B_median,efpf_C_median,efpf_D_median,efpf_F_median
Exp29-1085,13.290346062524753,2.1049105515655877,13.59359074,0.062476875344657574,0.02106569183516844,0.05675973687320594,0.2840800968366655,0.03319074936158246,0.2861118445390721,0.0273388211415454,0.01159462694704854,0.024728446006750022,13.59359074,13.59359074,13.59359074,13.59359074,15.84896278,0.04563821017745028,0.05864432649805842,0.054700309832911104,0.06818720757961,0.13532290399078,0.25407392203815027,0.28572814390056,0.2883551292494126,0.27122676610943997,0.30962174117568003,0.023366320133200284,0.02639086574316,0.024436904191950125,0.0225359654427,0.037223240733159996
