experiment,vmd_mean,vmd_sd,vmd_median,fpf_mean,fpf_sd,fpf_median,rf_mean,rf_sd,rf_median,efpf_mean,efpf_sd,efpf_median,vmd_A_median,vmd_B_median,vmd_C_median,vmd_D_median,vmd_F_median,fpf_A_median,fpf_B_median,fpf_C_median,fpf_D_median,fpf_F_median,rf_A_median,rf_B_median,rf_C_median,rf_D_median,rf_F_median,efpf_A_median,efpf_B_median,efpf_C_median,efpf_D_median,efpf_F_median
Exp24-1058,385.7788441181447,199.92270464468234,464.15979004,0.06030864730829911,0.04139340002185076,0.05326514869927,0.12893682418929198,0.07179161635861366,0.12272325459861999,0.018071391854953486,0.03832557256143198,0.001714210100469,541.17059326,464.15979004,464.15979004,464.15979004,46.41598129,0.03911302268504,0.046558613032066994,0.054950072094809996,0.059960665907713005,0.047172242887329,0.05306773871182,0.12217932969338,0.123820411004093,0.12259178359060201,0.0842830665921284,0.02631506845354,3.03688514978e-4,0.0021241592848707997,0.003572285622356,0
