experiment,vmd_mean,vmd_sd,vmd_median,fpf_mean,fpf_sd,fpf_median,rf_mean,rf_sd,rf_median,efpf_mean,efpf_sd,efpf_median,vmd_A_median,vmd_B_median,vmd_C_median,vmd_D_median,vmd_F_median,fpf_A_median,fpf_B_median,fpf_C_median,fpf_D_median,fpf_F_median,rf_A_median,rf_B_median,rf_C_median,rf_D_median,rf_F_median,efpf_A_median,efpf_B_median,efpf_C_median,efpf_D_median,efpf_F_median
Exp39-1045,10.414806845,0.8295736299999996,10.00002003,0.20422057634455015,0.05279911808950396,0.212671537026805,0.44016047781567513,0.04727670739428429,0.449649717435255,0.1293909644545204,0.037264709714294214,0.1373390694708,NA,10.00002003,NA,10.82959366,NA,NA,0.23663013003773997,NA,0.1718110226513603,NA,NA,0.46921401761484,NA,0.4111069380165103,NA,NA,0.15045841343702998,NA,0.1083235154720108,NA
