experiment,vmd_mean,vmd_sd,vmd_median,fpf_mean,fpf_sd,fpf_median,rf_mean,rf_sd,rf_median,efpf_mean,efpf_sd,efpf_median,vmd_A_median,vmd_B_median,vmd_C_median,vmd_D_median,vmd_F_median,fpf_A_median,fpf_B_median,fpf_C_median,fpf_D_median,fpf_F_median,rf_A_median,rf_B_median,rf_C_median,rf_D_median,rf_F_median,efpf_A_median,efpf_B_median,efpf_C_median,efpf_D_median,efpf_F_median
Exp29-1052,146.5696923053202,187.4896779992393,25.11891365,0.05617006437614182,0.0326655627598219,0.052017029896387,0.17985747282664089,0.041793859131929297,0.18001187729841564,0.03136176294938809,0.03643143027529748,0.0074343538284340005,29.28650284,29.28650284,21.54438972,21.54438972,287.65807533000003,0.08665356092321742,0.054608565557653754,0.053659138750516755,0.042559457430600904,0.05653140543954149,0.19378329806191744,0.17138811886319,0.18156242594113647,0.187436968115971,0.14181818573730648,0.06910002283914743,0.0108326977444766,0.029028380007311595,7.116277515890001e-4,0.011897245934226001
