experiment,vmd_mean,vmd_sd,vmd_median,fpf_mean,fpf_sd,fpf_median,rf_mean,rf_sd,rf_median,efpf_mean,efpf_sd,efpf_median,vmd_A_median,vmd_B_median,vmd_C_median,vmd_D_median,vmd_F_median,fpf_A_median,fpf_B_median,fpf_C_median,fpf_D_median,fpf_F_median,rf_A_median,rf_B_median,rf_C_median,rf_D_median,rf_F_median,efpf_A_median,efpf_B_median,efpf_C_median,efpf_D_median,efpf_F_median
Exp33-1035,19.72590985936073,5.076341009385194,18.4785347,0.09783589245468619,0.0360405803698868,0.09534402088381894,0.22721477511536697,0.06635191930595653,0.2295611964305726,0.05381146277620045,0.03250108116945661,0.053975933119643,NA,21.54438972,18.4785347,18.4785347,18.696676250000003,NA,0.08947827380151001,0.1033008992299925,0.08777867016512414,0.09612722083698755,NA,0.198817861210553,0.2243712881580005,0.2335099449195345,0.2603195254481375,NA,0.054839175902297,0.05834352072327349,0.044592906069012,0.037377734461338546
