experiment,vmd_mean,vmd_sd,vmd_median,fpf_mean,fpf_sd,fpf_median,rf_mean,rf_sd,rf_median,efpf_mean,efpf_sd,efpf_median,vmd_A_median,vmd_B_median,vmd_C_median,vmd_D_median,vmd_F_median,fpf_A_median,fpf_B_median,fpf_C_median,fpf_D_median,fpf_F_median,rf_A_median,rf_B_median,rf_C_median,rf_D_median,rf_F_median,efpf_A_median,efpf_B_median,efpf_C_median,efpf_D_median,efpf_F_median
Exp20-1034,14.197489021095238,3.048555488866342,13.59359074,0.3477110739253309,0.0441069629983144,0.343499829322095,0.4159634923379364,0.047873831391985054,0.4101428200303,0.29633035188559864,0.04189577470601902,0.29299316689369004,14.72127676,13.59359074,15.84896278,NA,NA,0.36899974390863,0.34441152125579,0.33673816412711,NA,NA,0.41968724384905,0.41519635707149,0.39839083313933005,NA,NA,0.32220452755687,0.2928828355671,0.29324914723634,NA,NA
