experiment,vmd_mean,vmd_sd,vmd_median,fpf_mean,fpf_sd,fpf_median,rf_mean,rf_sd,rf_median,efpf_mean,efpf_sd,efpf_median,vmd_A_median,vmd_B_median,vmd_C_median,vmd_D_median,vmd_F_median,fpf_A_median,fpf_B_median,fpf_C_median,fpf_D_median,fpf_F_median,rf_A_median,rf_B_median,rf_C_median,rf_D_median,rf_F_median,efpf_A_median,efpf_B_median,efpf_C_median,efpf_D_median,efpf_F_median
Exp20-1052,540.0062825507143,29.613669087542206,541.17059326,0.05454494073146676,0.014842411453686892,0.052018919587138,0.06831029591898347,0.018703540949629616,0.065128233758729,0.03958596390364709,0.011426975730947383,0.0378754061646675,586.0645751950001,541.17059326,541.17059326,NA,NA,0.0341290302714395,0.053839413616795,0.050650174785406,NA,NA,0.03999506568071601,0.067668853607015,0.063479585256397,NA,NA,0.0260643531149305,0.038889665808545,0.036579248476738,NA,NA
