experiment,vmd_mean,vmd_sd,vmd_median,fpf_mean,fpf_sd,fpf_median,rf_mean,rf_sd,rf_median,efpf_mean,efpf_sd,efpf_median,vmd_A_median,vmd_B_median,vmd_C_median,vmd_D_median,vmd_F_median,fpf_A_median,fpf_B_median,fpf_C_median,fpf_D_median,fpf_F_median,rf_A_median,rf_B_median,rf_C_median,rf_D_median,rf_F_median,efpf_A_median,efpf_B_median,efpf_C_median,efpf_D_median,efpf_F_median
Exp33-1031,18.584095562489082,4.139595189387685,18.4785347,0.10291358953040748,0.037715372618778005,0.100407235752758,0.23290218603017476,0.06816191410776687,0.233788688369183,0.05723410916670854,0.033356083604747955,0.056180699206884996,NA,18.4785347,18.4785347,18.4785347,21.798724175,NA,0.09667087633170199,0.11031955454499599,0.09246721720464574,0.103361192475978,NA,0.213255154974904,0.2384640086815475,0.23944886239242552,0.193352455031128,NA,0.058156252577905,0.0627026604860975,0.046288113202897,0.056241422425958004
