experiment,vmd_mean,vmd_sd,vmd_median,fpf_mean,fpf_sd,fpf_median,rf_mean,rf_sd,rf_median,efpf_mean,efpf_sd,efpf_median,vmd_A_median,vmd_B_median,vmd_C_median,vmd_D_median,vmd_F_median,fpf_A_median,fpf_B_median,fpf_C_median,fpf_D_median,fpf_F_median,rf_A_median,rf_B_median,rf_C_median,rf_D_median,rf_F_median,efpf_A_median,efpf_B_median,efpf_C_median,efpf_D_median,efpf_F_median
Exp39-1027,20.4247949125,5.065874755116915,21.54438972,0.08365867039835409,0.0385983847061229,0.07980976885185251,0.19454340102799972,0.09735522128942486,0.197438153820159,0.039227360807602585,0.03142663081333343,0.0448848797939875,NA,25.11891365,25.11891365,18.4785347,19.356252195,NA,0.0880171916447465,0.077831957712801,0.108268544673848,0.038582499343874505,NA,0.15771935915569651,0.123433689251501,0.22210570886725,0.1642290988750645,NA,0.050863562133161504,0.041811538711221,0.059500375874346506,3.0059600248949996e-4
