experiment,vmd_mean,vmd_sd,vmd_median,fpf_mean,fpf_sd,fpf_median,rf_mean,rf_sd,rf_median,efpf_mean,efpf_sd,efpf_median,vmd_A_median,vmd_B_median,vmd_C_median,vmd_D_median,vmd_F_median,fpf_A_median,fpf_B_median,fpf_C_median,fpf_D_median,fpf_F_median,rf_A_median,rf_B_median,rf_C_median,rf_D_median,rf_F_median,efpf_A_median,efpf_B_median,efpf_C_median,efpf_D_median,efpf_F_median
Exp29-1045,11.056046788571429,0.9432510900593581,11.65916729,0.1730796878223068,0.04460196617436009,0.157090391572615,0.4066890523537869,0.04348943407017055,0.391501940824054,0.11226071206666957,0.03385691646459269,0.1039999676495905,11.65916729,11.65916729,11.65916729,11.65916729,NA,0.1696856223046435,0.16203973708205818,0.154501838386965,0.1537030324362484,NA,0.4029140673578435,0.395267472174134,0.39032295390458877,0.3885067960829366,NA,0.1147475977241705,0.108780617043375,0.101358981039393,0.10704545132812351,NA
