experiment,vmd_mean,vmd_sd,vmd_median,fpf_mean,fpf_sd,fpf_median,rf_mean,rf_sd,rf_median,efpf_mean,efpf_sd,efpf_median,vmd_A_median,vmd_B_median,vmd_C_median,vmd_D_median,vmd_F_median,fpf_A_median,fpf_B_median,fpf_C_median,fpf_D_median,fpf_F_median,rf_A_median,rf_B_median,rf_C_median,rf_D_median,rf_F_median,efpf_A_median,efpf_B_median,efpf_C_median,efpf_D_median,efpf_F_median
Exp33-1049,149.82120905709678,220.4199697308813,29.28650284,0.06182591257878159,0.02999135885197881,0.05993837771703481,0.14961946311134372,0.07431681004667356,0.15069125711685932,0.03470874072285922,0.02788940279507547,0.034500284157687494,NA,29.28650284,29.28650284,25.11891365,29.28650284,NA,0.070894725620684,0.067651498913759,0.049153722263882996,0.0546220063512267,NA,0.156305173747287,0.1543372206209073,0.14589613476764002,0.1034962868039267,NA,0.04530672106890601,0.040610141940419,0.026406478807346,0.0078571605030467
