experiment,vmd_mean,vmd_sd,vmd_median,fpf_mean,fpf_sd,fpf_median,rf_mean,rf_sd,rf_median,efpf_mean,efpf_sd,efpf_median,vmd_A_median,vmd_B_median,vmd_C_median,vmd_D_median,vmd_F_median,fpf_A_median,fpf_B_median,fpf_C_median,fpf_D_median,fpf_F_median,rf_A_median,rf_B_median,rf_C_median,rf_D_median,rf_F_median,efpf_A_median,efpf_B_median,efpf_C_median,efpf_D_median,efpf_F_median
Exp33-1062,140.27984486266934,212.29657114451146,29.28650284,0.036426092192881135,0.06847795091144467,0.012854985594750002,0.11868884922850167,0.10954754616967326,0.09979398906229,0.007468069910380512,0.03290195339602983,0,NA,29.28650284,29.28650284,25.11891365,29.28650284,NA,0.01792270660399,0.01628827512266,0.009518087115138501,1.6915475949599997e-4,NA,0.10423998206851999,0.11625718832015,0.07275468327109999,0.041220996733746,NA,0,0,0,0
