experiment,vmd_mean,vmd_sd,vmd_median,fpf_mean,fpf_sd,fpf_median,rf_mean,rf_sd,rf_median,efpf_mean,efpf_sd,efpf_median,vmd_A_median,vmd_B_median,vmd_C_median,vmd_D_median,vmd_F_median,fpf_A_median,fpf_B_median,fpf_C_median,fpf_D_median,fpf_F_median,rf_A_median,rf_B_median,rf_C_median,rf_D_median,rf_F_median,efpf_A_median,efpf_B_median,efpf_C_median,efpf_D_median,efpf_F_median
Exp29-1004,140.85670464029556,187.16250335447876,25.11891365,0.06031415751122033,0.013519870050797925,0.058523027785092996,0.1821228457348756,0.03838734201660338,0.18410799236560038,0.039704923939597056,0.010070983031164668,0.038952128030335,34.1455574,29.28650284,21.54438972,25.11891365,287.65807533000003,0.052715689854916176,0.059349979013193,0.056833072318053304,0.06319629040528908,0.06222567829767415,0.15981667371301617,0.173798925764793,0.1861453906539836,0.19464582586655702,0.15176433238662415,0.036956543329388775,0.040556992366897,0.03778432443550237,0.037050818558214876,0.03113711604848665
