experiment,vmd_mean,vmd_sd,vmd_median,fpf_mean,fpf_sd,fpf_median,rf_mean,rf_sd,rf_median,efpf_mean,efpf_sd,efpf_median,vmd_A_median,vmd_B_median,vmd_C_median,vmd_D_median,vmd_F_median,fpf_A_median,fpf_B_median,fpf_C_median,fpf_D_median,fpf_F_median,rf_A_median,rf_B_median,rf_C_median,rf_D_median,rf_F_median,efpf_A_median,efpf_B_median,efpf_C_median,efpf_D_median,efpf_F_median
Exp39-1032,19.78937524882353,5.6335091970579425,21.54438972,0.08723644003299517,0.038125896023037203,0.086997561976309,0.21074864568983637,0.10625106302610873,0.20140517201274702,0.040430176503114715,0.03108635311711237,0.04150049135851752,NA,23.331651685,29.28650284,18.4785347,13.59359074,NA,0.0947203679010245,0.076285909712306,0.107013562321667,0.05300879865882,NA,0.17063263606282447,0.122285788357206,0.232931481823107,0.27502864986642,NA,0.05515507619827449,0.041475705057376,0.059148157890897994,0
