experiment,vmd_mean,vmd_sd,vmd_median,fpf_mean,fpf_sd,fpf_median,rf_mean,rf_sd,rf_median,efpf_mean,efpf_sd,efpf_median,vmd_A_median,vmd_B_median,vmd_C_median,vmd_D_median,vmd_F_median,fpf_A_median,fpf_B_median,fpf_C_median,fpf_D_median,fpf_F_median,rf_A_median,rf_B_median,rf_C_median,rf_D_median,rf_F_median,efpf_A_median,efpf_B_median,efpf_C_median,efpf_D_median,efpf_F_median
Exp20-1008,536.7074759332858,26.146281857497936,541.17059326,0.06766145661517721,0.0164661595962269,0.0651054734364145,0.08013231079315658,0.01977535514223251,0.07660444362087,0.05900894442912851,0.013950403421320617,0.057434400115159004,586.0645751950001,541.17059326,541.17059326,NA,NA,0.045222078929658197,0.065588847286985,0.065114929005511,NA,NA,0.049993340685032694,0.07793965570627699,0.07633747823538099,NA,NA,0.041298339976934995,0.057532174754891,0.057450454458592,NA,NA
