experiment,vmd_mean,vmd_sd,vmd_median,fpf_mean,fpf_sd,fpf_median,rf_mean,rf_sd,rf_median,efpf_mean,efpf_sd,efpf_median,vmd_A_median,vmd_B_median,vmd_C_median,vmd_D_median,vmd_F_median,fpf_A_median,fpf_B_median,fpf_C_median,fpf_D_median,fpf_F_median,rf_A_median,rf_B_median,rf_C_median,rf_D_median,rf_F_median,efpf_A_median,efpf_B_median,efpf_C_median,efpf_D_median,efpf_F_median
Exp33-1060,141.527645237451,211.97758710775787,29.28650284,0.019252730700708993,0.03584956052613262,0.0057410759176118,0.08785337268579589,0.08391745469935061,0.06844789713629,9.873593671762854e-4,0.006349118194085568,0,NA,29.28650284,29.28650284,29.28650284,29.28650284,NA,0.007681425809860001,0.0068971072882329995,0.003406410342224136,0.004025877131784662,NA,0.078323458917456,0.07147200115026,0.051224913559811,0.060786808742819665,NA,0,0,0,0
