experiment,vmd_mean,vmd_sd,vmd_median,fpf_mean,fpf_sd,fpf_median,rf_mean,rf_sd,rf_median,efpf_mean,efpf_sd,efpf_median,vmd_A_median,vmd_B_median,vmd_C_median,vmd_D_median,vmd_F_median,fpf_A_median,fpf_B_median,fpf_C_median,fpf_D_median,fpf_F_median,rf_A_median,rf_B_median,rf_C_median,rf_D_median,rf_F_median,efpf_A_median,efpf_B_median,efpf_C_median,efpf_D_median,efpf_F_median
Exp29-1039,13.515825937810945,1.7291224376160566,13.59359074,0.1072561284343728,0.026516182879566145,0.10378295006119062,0.3050188178291146,0.03431547719913998,0.3020485973912711,0.07255946363630462,0.019374147522700034,0.07016914994666043,13.59359074,13.59359074,13.59359074,13.59359074,NA,0.0957142551383108,0.107107835318947,0.09994182176885394,0.10799320939932301,NA,0.27823424653621076,0.30275624246330834,0.30235761646169657,0.2895756608683141,NA,0.0675922924978718,0.072998752444974,0.06779960486804912,0.07016914994666043,NA
