experiment,vmd_mean,vmd_sd,vmd_median,fpf_mean,fpf_sd,fpf_median,rf_mean,rf_sd,rf_median,efpf_mean,efpf_sd,efpf_median,vmd_A_median,vmd_B_median,vmd_C_median,vmd_D_median,vmd_F_median,fpf_A_median,fpf_B_median,fpf_C_median,fpf_D_median,fpf_F_median,rf_A_median,rf_B_median,rf_C_median,rf_D_median,rf_F_median,efpf_A_median,efpf_B_median,efpf_C_median,efpf_D_median,efpf_F_median
Exp29-1084,13.183423955297028,1.8139988617255058,13.59359074,0.062477390432599415,0.021985025994158428,0.056514694136104354,0.2847392890475822,0.03213770048717821,0.28592240827098614,0.027383468994714916,0.012145326202498552,0.02431185245510011,13.59359074,13.59359074,13.59359074,13.59359074,15.84896278,0.045618304461281386,0.058233273327393836,0.05494067169720629,0.062059939298756,0.14130418032405,0.2540701667963814,0.28207629069676016,0.2872401434033641,0.2764842525870101,0.32072740286584994,0.023378961086301383,0.02640059113503,0.023880911320449998,0.022541518211400012,0.03864495247603
