experiment,vmd_mean,vmd_sd,vmd_median,fpf_mean,fpf_sd,fpf_median,rf_mean,rf_sd,rf_median,efpf_mean,efpf_sd,efpf_median,vmd_A_median,vmd_B_median,vmd_C_median,vmd_D_median,vmd_F_median,fpf_A_median,fpf_B_median,fpf_C_median,fpf_D_median,fpf_F_median,rf_A_median,rf_B_median,rf_C_median,rf_D_median,rf_F_median,efpf_A_median,efpf_B_median,efpf_C_median,efpf_D_median,efpf_F_median
Exp24-1083,15.2027308636714,3.0820050249431654,13.59359074,0.1280312091574162,0.03840447397606931,0.12368127286434999,0.2904334804331809,0.04818100697860625,0.29074003815658,0.07239020436588499,0.03226550673752182,0.06958860456953,21.54438972,15.84896278,13.59359074,13.59359074,13.59359074,0.1624403265118,0.11946129679690999,0.124192563891315,0.13077979505067,0.10154999002813,0.257658175528,0.28319085061563,0.28778906106940505,0.30624317467221,0.3065171867657501,0.1179913759231,0.0675012814999,0.071098408103,0.0672930985689,0.046780672371374996
