experiment,vmd_mean,vmd_sd,vmd_median,fpf_mean,fpf_sd,fpf_median,rf_mean,rf_sd,rf_median,efpf_mean,efpf_sd,efpf_median,vmd_A_median,vmd_B_median,vmd_C_median,vmd_D_median,vmd_F_median,fpf_A_median,fpf_B_median,fpf_C_median,fpf_D_median,fpf_F_median,rf_A_median,rf_B_median,rf_C_median,rf_D_median,rf_F_median,efpf_A_median,efpf_B_median,efpf_C_median,efpf_D_median,efpf_F_median
Exp39-1100,25.51971469117647,19.732572011159544,21.54438972,0.05917351480929754,0.023778481077229834,0.06092180058358,0.16939966342165283,0.09078209174077531,0.16408366195863297,0.007810196790243103,0.008027980948216197,0.006946366168558999,NA,23.331651685,29.28650284,20.01146221,19.356252195,NA,0.068094955682765,0.049038655534339996,0.067854420430995,0.044791067764151496,NA,0.13872866451736499,0.09422156669204,0.19349657982594698,0.1793602948635615,NA,0.01837595701218,0.00260733313859,0.007773640919478,0
