experiment,vmd_mean,vmd_sd,vmd_median,fpf_mean,fpf_sd,fpf_median,rf_mean,rf_sd,rf_median,efpf_mean,efpf_sd,efpf_median,vmd_A_median,vmd_B_median,vmd_C_median,vmd_D_median,vmd_F_median,fpf_A_median,fpf_B_median,fpf_C_median,fpf_D_median,fpf_F_median,rf_A_median,rf_B_median,rf_C_median,rf_D_median,rf_F_median,efpf_A_median,efpf_B_median,efpf_C_median,efpf_D_median,efpf_F_median
Exp39-1022,58.90204209,128.88723391907192,25.11891365,0.060867546698238954,0.0326500487407213,0.0605976132676185,0.14942020341212894,0.08910307878933355,0.158031731317799,0.030835050787825207,0.02254533728338333,0.034815388666478,NA,36.978176115,39.81079483,25.11891365,13.59359074,NA,0.0605976132676185,0.051275590211144,0.06962210036871824,0.043878918141070006,NA,0.1090138567612135,0.08156026318668401,0.16891556897203397,0.28324582144617,NA,0.0349627461657085,0.027473756223914,0.0370787175191853,0
