experiment,vmd_mean,vmd_sd,vmd_median,fpf_mean,fpf_sd,fpf_median,rf_mean,rf_sd,rf_median,efpf_mean,efpf_sd,efpf_median,vmd_A_median,vmd_B_median,vmd_C_median,vmd_D_median,vmd_F_median,fpf_A_median,fpf_B_median,fpf_C_median,fpf_D_median,fpf_F_median,rf_A_median,rf_B_median,rf_C_median,rf_D_median,rf_F_median,efpf_A_median,efpf_B_median,efpf_C_median,efpf_D_median,efpf_F_median
Exp39-1067,72.27209249250001,183.0468749572975,5.026651859999999,0.4210198984190488,0.21643745192887076,0.49856824862769256,0.57719958028643,0.24489442414574011,0.64806111358094,0.25396801244526906,0.1322289371334131,0.2891067501482974,NA,6.83301163,7.35643721,4.64159775,541.17059326,NA,0.45203460514548,0.42558153703824,0.528148618847939,0,NA,0.55424312293533,0.53564227178704,0.6786409434256975,0,NA,0.29069851577288,0.26551702812323996,0.2998599192220235,0
