experiment,vmd_mean,vmd_sd,vmd_median,fpf_mean,fpf_sd,fpf_median,rf_mean,rf_sd,rf_median,efpf_mean,efpf_sd,efpf_median,vmd_A_median,vmd_B_median,vmd_C_median,vmd_D_median,vmd_F_median,fpf_A_median,fpf_B_median,fpf_C_median,fpf_D_median,fpf_F_median,rf_A_median,rf_B_median,rf_C_median,rf_D_median,rf_F_median,efpf_A_median,efpf_B_median,efpf_C_median,efpf_D_median,efpf_F_median
Exp20-1015,536.5362918001952,25.114059893435037,541.17059326,0.0679598838726023,0.01646420472705447,0.065588847286985,0.08033711829436053,0.019697801658771722,0.076778590418369,0.05930682740908342,0.013931926719165311,0.057532174754891,586.0645751950001,541.17059326,541.17059326,NA,NA,0.045222078929658197,0.065588847286985,0.06622622273863149,NA,NA,0.049993340685032694,0.07793965570627699,0.07724470287559901,NA,NA,0.041298339976934995,0.057532174754891,0.0577007243037265,NA,NA
