experiment,vmd_mean,vmd_sd,vmd_median,fpf_mean,fpf_sd,fpf_median,rf_mean,rf_sd,rf_median,efpf_mean,efpf_sd,efpf_median,vmd_A_median,vmd_B_median,vmd_C_median,vmd_D_median,vmd_F_median,fpf_A_median,fpf_B_median,fpf_C_median,fpf_D_median,fpf_F_median,rf_A_median,rf_B_median,rf_C_median,rf_D_median,rf_F_median,efpf_A_median,efpf_B_median,efpf_C_median,efpf_D_median,efpf_F_median
Exp39-1117,34.03234094375,32.76422476694873,13.754065035,0.1907956227869555,0.1280885819473538,0.2262072627618375,0.3223541983799005,0.21452040952245968,0.384396252036025,0.0422874052473305,0.030863425333437913,0.05051892012353,NA,50.266519544999994,39.81079483,10.00002003,100.00019836,NA,0.08088291512804699,0.107346012219719,0.26713305711744,0,NA,0.13565930562095702,0.192361068353019,0.467713878303825,0,NA,0.014264414627111999,0.019593757614489,0.057330519259035,0
