experiment,vmd_mean,vmd_sd,vmd_median,fpf_mean,fpf_sd,fpf_median,rf_mean,rf_sd,rf_median,efpf_mean,efpf_sd,efpf_median,vmd_A_median,vmd_B_median,vmd_C_median,vmd_D_median,vmd_F_median,fpf_A_median,fpf_B_median,fpf_C_median,fpf_D_median,fpf_F_median,rf_A_median,rf_B_median,rf_C_median,rf_D_median,rf_F_median,efpf_A_median,efpf_B_median,efpf_C_median,efpf_D_median,efpf_F_median
Exp33-1014,158.66490121272727,211.45718941286646,29.28650284,0.062394085213779885,0.021076713241698606,0.06446357186886,0.13750327079939664,0.055831744348410636,0.141965181268672,0.03741401699423263,0.014896729453631928,0.038933460228145,NA,29.28650284,34.1455574,NA,NA,NA,0.063676568306982,0.065374207748111507,NA,NA,NA,0.140553349433486,0.142074387399376,NA,NA,NA,0.036858564652507,0.039084852710362994,NA,NA
