experiment,vmd_mean,vmd_sd,vmd_median,fpf_mean,fpf_sd,fpf_median,rf_mean,rf_sd,rf_median,efpf_mean,efpf_sd,efpf_median,vmd_A_median,vmd_B_median,vmd_C_median,vmd_D_median,vmd_F_median,fpf_A_median,fpf_B_median,fpf_C_median,fpf_D_median,fpf_F_median,rf_A_median,rf_B_median,rf_C_median,rf_D_median,rf_F_median,efpf_A_median,efpf_B_median,efpf_C_median,efpf_D_median,efpf_F_median
Exp20-1094,10.309033872857142,1.6234963186650782,11.65916729,0.30700768902652603,0.04899957355216226,0.2931975459890038,0.457339847000487,0.0540939779928761,0.430159371513893,0.27146869249003436,0.06883494852999283,0.2626522159577,10.118071555,11.65916729,10.00002003,NA,NA,0.3689827346244579,0.29197036080055,0.29634906207008693,NA,NA,0.4811184617505869,0.41988789945841,0.47430099293702904,NA,NA,0.34008184611830006,0.2366234779358,0.2828947484498,NA,NA
