experiment,vmd_mean,vmd_sd,vmd_median,fpf_mean,fpf_sd,fpf_median,rf_mean,rf_sd,rf_median,efpf_mean,efpf_sd,efpf_median,vmd_A_median,vmd_B_median,vmd_C_median,vmd_D_median,vmd_F_median,fpf_A_median,fpf_B_median,fpf_C_median,fpf_D_median,fpf_F_median,rf_A_median,rf_B_median,rf_C_median,rf_D_median,rf_F_median,efpf_A_median,efpf_B_median,efpf_C_median,efpf_D_median,efpf_F_median
Exp20-1080,20.41392266257143,3.2368809031883425,21.54438972,0.20333099866460513,0.030685914661638707,0.19935689798562,0.2722063734667045,0.038955130345121276,0.26776486881072503,0.15448397494498142,0.026861139501845516,0.15069967746725,27.202708245,18.4785347,21.54438972,NA,NA,0.2128183655441,0.20232982605685002,0.1951790230302931,NA,NA,0.2608514349162645,0.276821370646486,0.254157443717268,NA,NA,0.1679326218367,0.1510703754424,0.1506077873708,NA,NA
