experiment,vmd_mean,vmd_sd,vmd_median,fpf_mean,fpf_sd,fpf_median,rf_mean,rf_sd,rf_median,efpf_mean,efpf_sd,efpf_median,vmd_A_median,vmd_B_median,vmd_C_median,vmd_D_median,vmd_F_median,fpf_A_median,fpf_B_median,fpf_C_median,fpf_D_median,fpf_F_median,rf_A_median,rf_B_median,rf_C_median,rf_D_median,rf_F_median,efpf_A_median,efpf_B_median,efpf_C_median,efpf_D_median,efpf_F_median
Exp39-1039,21.076318006153848,5.705057554454072,21.54438972,0.087434623272712,0.03476516783391292,0.09227416954931901,0.218073952229312,0.08241610529121264,0.20063523903484998,0.044231299320008764,0.028877593722474917,0.05391827307641,NA,25.11891365,29.28650284,21.54438972,15.84896278,NA,0.08465526109560101,0.06470639996229399,0.10274310812347201,0.05532240986827999,NA,0.161415582355051,0.11586275629699401,0.22141504772012902,0.26185548424718,NA,0.050532470028836,0.037127369120704,0.056722512021642,0
