experiment,vmd_mean,vmd_sd,vmd_median,fpf_mean,fpf_sd,fpf_median,rf_mean,rf_sd,rf_median,efpf_mean,efpf_sd,efpf_median,vmd_A_median,vmd_B_median,vmd_C_median,vmd_D_median,vmd_F_median,fpf_A_median,fpf_B_median,fpf_C_median,fpf_D_median,fpf_F_median,rf_A_median,rf_B_median,rf_C_median,rf_D_median,rf_F_median,efpf_A_median,efpf_B_median,efpf_C_median,efpf_D_median,efpf_F_median
Exp24-1085,15.39512210941057,3.2679976075205697,15.84896278,0.12526775353684735,0.037718189076164164,0.12113825201984,0.28662114118557314,0.049581991424450245,0.28685476735236,0.07111540409802439,0.032017547735049265,0.06742151290176,18.4785347,15.84896278,15.84896278,13.59359074,13.59359074,0.16345970377318,0.11560041189202,0.12158288180819,0.12752876639366,0.09974728077654998,0.25917205557208,0.28204468309891,0.28292445361610497,0.30129214048381503,0.309360676407835,0.11860626578330001,0.06652512907975999,0.06919944345954501,0.066377828419155,0.04593751430508
