experiment,vmd_mean,vmd_sd,vmd_median,fpf_mean,fpf_sd,fpf_median,rf_mean,rf_sd,rf_median,efpf_mean,efpf_sd,efpf_median,vmd_A_median,vmd_B_median,vmd_C_median,vmd_D_median,vmd_F_median,fpf_A_median,fpf_B_median,fpf_C_median,fpf_D_median,fpf_F_median,rf_A_median,rf_B_median,rf_C_median,rf_D_median,rf_F_median,efpf_A_median,efpf_B_median,efpf_C_median,efpf_D_median,efpf_F_median
Exp39-1089,21.760606543846155,5.518250452767674,21.54438972,0.05860904932703196,0.016912438247675576,0.0588133910298,0.1922968691655581,0.07388867407177133,0.18416661977766002,0.015528332666640962,0.009690499180151545,0.01484074607492,NA,25.11891365,29.28650284,21.54438972,15.84896278,NA,0.05972830563782999,0.03914810538291,0.06429514929657,0.05229718193405065,NA,0.13674008935683002,0.09066776216035001,0.2008785110292523,0.25800444588065063,NA,0.02618547484278,0.01190567433833,0.01484074607492,0.0032289457321206454
