experiment,vmd_mean,vmd_sd,vmd_median,fpf_mean,fpf_sd,fpf_median,rf_mean,rf_sd,rf_median,efpf_mean,efpf_sd,efpf_median,vmd_A_median,vmd_B_median,vmd_C_median,vmd_D_median,vmd_F_median,fpf_A_median,fpf_B_median,fpf_C_median,fpf_D_median,fpf_F_median,rf_A_median,rf_B_median,rf_C_median,rf_D_median,rf_F_median,efpf_A_median,efpf_B_median,efpf_C_median,efpf_D_median,efpf_F_median
Exp24-1057,386.000237871171,197.93458766451326,464.15979004,0.06907597187866053,0.055043157856975986,0.05432562273003749,0.13373907858697817,0.07175960586686932,0.1310100191552226,0.03025245544577026,0.058946620777279364,0.002561369007453,541.17059326,464.15979004,464.15979004,464.15979004,40.280769344999996,0.061107824593787,0.04788287669417699,0.0559545051934699,0.0617584418132925,0.045433211074246596,0.069229585826397,0.119540518112628,0.1317264579143714,0.14411608099933,0.11620534946790645,0.05080889493226701,0.0012063725548795,0.0032106749154589996,0.004789756927631,0
