experiment,vmd_mean,vmd_sd,vmd_median,fpf_mean,fpf_sd,fpf_median,rf_mean,rf_sd,rf_median,efpf_mean,efpf_sd,efpf_median,vmd_A_median,vmd_B_median,vmd_C_median,vmd_D_median,vmd_F_median,fpf_A_median,fpf_B_median,fpf_C_median,fpf_D_median,fpf_F_median,rf_A_median,rf_B_median,rf_C_median,rf_D_median,rf_F_median,efpf_A_median,efpf_B_median,efpf_C_median,efpf_D_median,efpf_F_median
Exp24-1052,385.45106339225566,194.86206529234985,464.15979004,0.06250773160860178,0.02627558192875585,0.064625279204922,0.1292584111323436,0.061067246448374246,0.130480505600585,0.03450734346223036,0.023200544618630387,0.035792925637224,541.17059326,398.10794067,464.15979004,464.15979004,23.331651685,0.035416537635019,0.073939890228146,0.066860537305498,0.052099093757572004,0.03869230997744505,0.051505964212109,0.137602235153298,0.13116667129101,0.111601858436996,0.18681211207356224,0.024112469516688998,0.046232142932695994,0.038697011247283,0.016964836400001,0.003197482464603
