experiment,vmd_mean,vmd_sd,vmd_median,fpf_mean,fpf_sd,fpf_median,rf_mean,rf_sd,rf_median,efpf_mean,efpf_sd,efpf_median,vmd_A_median,vmd_B_median,vmd_C_median,vmd_D_median,vmd_F_median,fpf_A_median,fpf_B_median,fpf_C_median,fpf_D_median,fpf_F_median,rf_A_median,rf_B_median,rf_C_median,rf_D_median,rf_F_median,efpf_A_median,efpf_B_median,efpf_C_median,efpf_D_median,efpf_F_median
Exp29-1044,12.913561259081632,1.0378521653465178,13.59359074,0.12104253289934384,0.04117834987925921,0.10830977653149751,0.3176628853135219,0.04287417245418078,0.30184748069146294,0.07948412955833727,0.032352733091448954,0.071264175036924,13.59359074,13.59359074,13.59359074,13.59359074,NA,0.116854143813226,0.112441686503569,0.1039882436255384,0.102127093626207,NA,0.307721496298826,0.305189642664073,0.29719710334673466,0.3062149596927151,NA,0.08154874823985599,0.07759761735797,0.0688207920722338,0.0712054489832372,NA
