experiment,vmd_mean,vmd_sd,vmd_median,fpf_mean,fpf_sd,fpf_median,rf_mean,rf_sd,rf_median,efpf_mean,efpf_sd,efpf_median,vmd_A_median,vmd_B_median,vmd_C_median,vmd_D_median,vmd_F_median,fpf_A_median,fpf_B_median,fpf_C_median,fpf_D_median,fpf_F_median,rf_A_median,rf_B_median,rf_C_median,rf_D_median,rf_F_median,efpf_A_median,efpf_B_median,efpf_C_median,efpf_D_median,efpf_F_median
Exp20-1103,99.30688893033333,7.090222110425477,100.00019836,0.13484799092500996,0.03881486735746907,0.11685695171400001,0.1679032059770261,0.041381042770917004,0.15765705347032105,0.11925377106115578,0.0205766801876919,0.11452569484700104,100.00019836,100.00019836,100.00019836,NA,NA,0.10171884536736593,0.118456249237,0.11401217460600137,NA,NA,0.18937477111806594,0.16358476162,0.1432642853257329,NA,NA,0.10171884536736593,0.11622452735901781,0.11263344764699999,NA,NA
