experiment,vmd_mean,vmd_sd,vmd_median,fpf_mean,fpf_sd,fpf_median,rf_mean,rf_sd,rf_median,efpf_mean,efpf_sd,efpf_median,vmd_A_median,vmd_B_median,vmd_C_median,vmd_D_median,vmd_F_median,fpf_A_median,fpf_B_median,fpf_C_median,fpf_D_median,fpf_F_median,rf_A_median,rf_B_median,rf_C_median,rf_D_median,rf_F_median,efpf_A_median,efpf_B_median,efpf_C_median,efpf_D_median,efpf_F_median
Exp29-1089,14.214996671791045,2.0765348805800827,13.59359074,0.05951677792583889,0.019438008182746436,0.0549659203738012,0.26623675286949156,0.032330909972143045,0.2648102409392534,0.024096344785610686,0.011524081196306109,0.02153882741930047,15.84896278,13.59359074,13.59359074,13.59359074,NA,0.04295712456108006,0.056814830340494,0.05313763493674804,0.06422097146516,NA,0.23250931248078005,0.26224319785828,0.2664875390380901,0.2574293772595915,NA,0.018784383535400052,0.02269143372773,0.021339291781180075,0.02097363576294,NA
