experiment,vmd_mean,vmd_sd,vmd_median,fpf_mean,fpf_sd,fpf_median,rf_mean,rf_sd,rf_median,efpf_mean,efpf_sd,efpf_median,vmd_A_median,vmd_B_median,vmd_C_median,vmd_D_median,vmd_F_median,fpf_A_median,fpf_B_median,fpf_C_median,fpf_D_median,fpf_F_median,rf_A_median,rf_B_median,rf_C_median,rf_D_median,rf_F_median,efpf_A_median,efpf_B_median,efpf_C_median,efpf_D_median,efpf_F_median
Exp33-1095,11.502220927567567,0.48720510036903036,11.65916729,0.12509476183911883,0.03881306655520325,0.120304906517305,0.3826082626938938,0.025502455578278606,0.38227801710359,0.047554568772435246,0.034434288017952806,0.040632681250580005,NA,11.65916729,11.65916729,11.65916729,NA,NA,0.11511119008060999,0.12287958621987,0.11073603391645001,NA,NA,0.37801548868421003,0.38411011159418995,0.380604888796855,NA,NA,0.03747105658054,0.04453111588962,0.032984386384494996,NA
