experiment,vmd_mean,vmd_sd,vmd_median,fpf_mean,fpf_sd,fpf_median,rf_mean,rf_sd,rf_median,efpf_mean,efpf_sd,efpf_median,vmd_A_median,vmd_B_median,vmd_C_median,vmd_D_median,vmd_F_median,fpf_A_median,fpf_B_median,fpf_C_median,fpf_D_median,fpf_F_median,rf_A_median,rf_B_median,rf_C_median,rf_D_median,rf_F_median,efpf_A_median,efpf_B_median,efpf_C_median,efpf_D_median,efpf_F_median
Exp33-1030,19.028868388173915,6.874808647321901,18.4785347,0.10153983930829424,0.037406827413744785,0.09962043547536051,0.2309302451141552,0.0694417118413048,0.2337184059992365,0.05652355318116019,0.03292884757911089,0.055840553641311005,NA,18.4785347,18.4785347,18.4785347,21.798724175,NA,0.096669431328753,0.106802236810348,0.0920359424688095,0.1037087005377125,NA,0.207569783181032,0.23729912824942,0.2396521255374485,0.1936294662952625,NA,0.058170890286571,0.062476925440122004,0.046229301095017,0.0563653976470075
