experiment,vmd_mean,vmd_sd,vmd_median,fpf_mean,fpf_sd,fpf_median,rf_mean,rf_sd,rf_median,efpf_mean,efpf_sd,efpf_median,vmd_A_median,vmd_B_median,vmd_C_median,vmd_D_median,vmd_F_median,fpf_A_median,fpf_B_median,fpf_C_median,fpf_D_median,fpf_F_median,rf_A_median,rf_B_median,rf_C_median,rf_D_median,rf_F_median,efpf_A_median,efpf_B_median,efpf_C_median,efpf_D_median,efpf_F_median
Exp33-1082,19.300013127149125,4.174053243902483,18.4785347,0.06886622724878756,0.02183238805858153,0.06670276254417501,0.20321366795248896,0.06325807062848458,0.20667769990872,0.021237206533634898,0.016603688090945132,0.01878009699285,NA,21.54438972,18.4785347,18.4785347,25.11891365,NA,0.060550260692774,0.07056145340205999,0.06482961922881,0.06855902090671,NA,0.18265218235551,0.19935795888304497,0.21941943809383502,0.12884199872611,NA,0.01803965568543,0.023515499979255,0.013585619553925,0.02155416443944
