experiment,vmd_mean,vmd_sd,vmd_median,fpf_mean,fpf_sd,fpf_median,rf_mean,rf_sd,rf_median,efpf_mean,efpf_sd,efpf_median,vmd_A_median,vmd_B_median,vmd_C_median,vmd_D_median,vmd_F_median,fpf_A_median,fpf_B_median,fpf_C_median,fpf_D_median,fpf_F_median,rf_A_median,rf_B_median,rf_C_median,rf_D_median,rf_F_median,efpf_A_median,efpf_B_median,efpf_C_median,efpf_D_median,efpf_F_median
Exp29-1008,139.19569751705583,184.8709996645289,25.11891365,0.06033858719544954,0.013054764089602197,0.058523027785092996,0.18212283313911004,0.0379954747195743,0.18366112037672847,0.039925140600395065,0.009914618302851473,0.039329615943134,34.1455574,29.28650284,21.54438972,25.11891365,NA,0.052715689854916176,0.059349979013193,0.056833072318053304,0.0682925377518747,NA,0.15981667371301617,0.173798925764793,0.1861453906539836,0.18807493465013397,NA,0.036956543329388775,0.040556992366897,0.03778432443550237,0.039889775860349704,NA
