experiment,vmd_mean,vmd_sd,vmd_median,fpf_mean,fpf_sd,fpf_median,rf_mean,rf_sd,rf_median,efpf_mean,efpf_sd,efpf_median,vmd_A_median,vmd_B_median,vmd_C_median,vmd_D_median,vmd_F_median,fpf_A_median,fpf_B_median,fpf_C_median,fpf_D_median,fpf_F_median,rf_A_median,rf_B_median,rf_C_median,rf_D_median,rf_F_median,efpf_A_median,efpf_B_median,efpf_C_median,efpf_D_median,efpf_F_median
Exp24-1009,378.40228894128154,189.1484327056651,464.15979004,0.0718355870471885,0.024036850604522948,0.07460899502038901,0.13420426620236853,0.055734320131195364,0.13189280051738,0.05218335013188299,0.017494767733951817,0.05419790706829369,541.17059326,398.10794067,464.15979004,464.15979004,NA,0.039853421673175,0.075104665085682,0.074854530505894,0.072758018895999,NA,0.054388052597634996,0.133896362334463,0.133453617654724,0.12992076497982,NA,0.034168025627735,0.05568759124725,0.054302020166061,0.051074694842100005,NA
