experiment,vmd_mean,vmd_sd,vmd_median,fpf_mean,fpf_sd,fpf_median,rf_mean,rf_sd,rf_median,efpf_mean,efpf_sd,efpf_median,vmd_A_median,vmd_B_median,vmd_C_median,vmd_D_median,vmd_F_median,fpf_A_median,fpf_B_median,fpf_C_median,fpf_D_median,fpf_F_median,rf_A_median,rf_B_median,rf_C_median,rf_D_median,rf_F_median,efpf_A_median,efpf_B_median,efpf_C_median,efpf_D_median,efpf_F_median
Exp33-1096,27.945652622880658,24.10635247014564,21.54438972,0.06191835538087003,0.021915605289937412,0.06047440633176,0.18819912171686498,0.06430485310584595,0.18388504192222002,0.020575797888301894,0.019425120901454714,0.01515086844562,NA,21.54438972,21.54438972,18.4785347,23.331651685,NA,0.055886021852559004,0.06345602750773,0.05861339569090052,0.0526822507195365,NA,0.16968772590158,0.18097563028336,0.2009527341462062,0.1087582445144385,NA,0.014189856350430002,0.01923065528274,0.0125263403356,0.0196737484634
