experiment,vmd_mean,vmd_sd,vmd_median,fpf_mean,fpf_sd,fpf_median,rf_mean,rf_sd,rf_median,efpf_mean,efpf_sd,efpf_median,vmd_A_median,vmd_B_median,vmd_C_median,vmd_D_median,vmd_F_median,fpf_A_median,fpf_B_median,fpf_C_median,fpf_D_median,fpf_F_median,rf_A_median,rf_B_median,rf_C_median,rf_D_median,rf_F_median,efpf_A_median,efpf_B_median,efpf_C_median,efpf_D_median,efpf_F_median
Exp20-1100,99.30688893033333,7.090222110425477,100.00019836,0.12546961465645415,0.040763487287146356,0.107654852867,0.1675224697037962,0.03543666344517249,0.16272614151270004,0.112254471533989,0.026703358521093755,0.10462174892450729,100.00019836,100.00019836,100.00019836,NA,NA,0.07873822689055802,0.112579669952,0.101180486679,NA,NA,0.18469959020625804,0.1687341439723404,0.14806344568735,NA,NA,0.07873822689055802,0.10667471885700061,0.10051759719799999,NA,NA
