experiment,vmd_mean,vmd_sd,vmd_median,fpf_mean,fpf_sd,fpf_median,rf_mean,rf_sd,rf_median,efpf_mean,efpf_sd,efpf_median,vmd_A_median,vmd_B_median,vmd_C_median,vmd_D_median,vmd_F_median,fpf_A_median,fpf_B_median,fpf_C_median,fpf_D_median,fpf_F_median,rf_A_median,rf_B_median,rf_C_median,rf_D_median,rf_F_median,efpf_A_median,efpf_B_median,efpf_C_median,efpf_D_median,efpf_F_median
Exp29-1067,44.83343057298507,116.42748839220536,7.35643721,0.41815132183386255,0.08557044101977182,0.43085788875819,0.5140577045650584,0.1029485465218803,0.5238448789718599,0.26470124983871385,0.06596304931878054,0.27867020085444,8.57697582,8.57697582,7.35643721,6.83301163,541.17059326,0.42416701316838,0.42873012766255997,0.43862152535474,0.4477865733206235,0.11026916855944069,0.51141579866418,0.51253771290196,0.53247658189394,0.5485346421972965,0.16450837725774067,0.27897691488268,0.27960780918587,0.281536841317915,0.273101449012645,0.0520671021379607
