experiment,vmd_mean,vmd_sd,vmd_median,fpf_mean,fpf_sd,fpf_median,rf_mean,rf_sd,rf_median,efpf_mean,efpf_sd,efpf_median,vmd_A_median,vmd_B_median,vmd_C_median,vmd_D_median,vmd_F_median,fpf_A_median,fpf_B_median,fpf_C_median,fpf_D_median,fpf_F_median,rf_A_median,rf_B_median,rf_C_median,rf_D_median,rf_F_median,efpf_A_median,efpf_B_median,efpf_C_median,efpf_D_median,efpf_F_median
Exp24-1077,17.71687285137097,12.32281831169319,15.84896278,0.11790229378386836,0.0345859360603239,0.11671144053346501,0.2707420697305329,0.05512550646595071,0.27202259868366996,0.06782579951772956,0.027751792900821835,0.06625112324954499,29.28650284,15.84896278,15.84896278,15.84896278,13.59359074,0.127302854470956,0.11134663701058001,0.11733382403859,0.12531612515452,0.07578164637083,0.204981681518246,0.26525445163261,0.27209178447701,0.28333289265641,0.29475911438443,0.09804779291159998,0.06391746103767999,0.06904726326473,0.06598390400409,0.025193943381300002
