experiment,vmd_mean,vmd_sd,vmd_median,fpf_mean,fpf_sd,fpf_median,rf_mean,rf_sd,rf_median,efpf_mean,efpf_sd,efpf_median,vmd_A_median,vmd_B_median,vmd_C_median,vmd_D_median,vmd_F_median,fpf_A_median,fpf_B_median,fpf_C_median,fpf_D_median,fpf_F_median,rf_A_median,rf_B_median,rf_C_median,rf_D_median,rf_F_median,efpf_A_median,efpf_B_median,efpf_C_median,efpf_D_median,efpf_F_median
Exp33-1016,174.17452022,217.7459182152509,29.28650284,0.06252115782556282,0.01993566500165297,0.064687650725232,0.13473162845133732,0.05216109339632641,0.13940554436296002,0.038370770830527985,0.013515693857510046,0.039236245192580996,NA,29.28650284,34.1455574,NA,NA,NA,0.063676568306982,0.066118838088603,NA,NA,NA,0.140553349433486,0.13918061196807352,NA,NA,NA,0.036858564652507,0.0394243542943265,NA,NA
