experiment,vmd_mean,vmd_sd,vmd_median,fpf_mean,fpf_sd,fpf_median,rf_mean,rf_sd,rf_median,efpf_mean,efpf_sd,efpf_median,vmd_A_median,vmd_B_median,vmd_C_median,vmd_D_median,vmd_F_median,fpf_A_median,fpf_B_median,fpf_C_median,fpf_D_median,fpf_F_median,rf_A_median,rf_B_median,rf_C_median,rf_D_median,rf_F_median,efpf_A_median,efpf_B_median,efpf_C_median,efpf_D_median,efpf_F_median
Exp33-1106,28.5161180034375,25.582198047927555,18.4785347,0.1003676747038962,0.04649364244407671,0.097476234827216,0.20807984421200973,0.06895163084685102,0.205511442422885,0.03521977321546948,0.039845539297449675,0.022608490362757,NA,21.54438972,21.54438972,18.4785347,18.4785347,NA,0.08889480397104,0.09743144527082,0.0919751892343725,0.11823162019247001,NA,0.18667890973398,0.19965831071133,0.21137741353366601,0.25784746214763,NA,0.02146869912743,0.02343162566424,0.022987742125984,0.020810641199350003
