experiment,vmd_mean,vmd_sd,vmd_median,fpf_mean,fpf_sd,fpf_median,rf_mean,rf_sd,rf_median,efpf_mean,efpf_sd,efpf_median,vmd_A_median,vmd_B_median,vmd_C_median,vmd_D_median,vmd_F_median,fpf_A_median,fpf_B_median,fpf_C_median,fpf_D_median,fpf_F_median,rf_A_median,rf_B_median,rf_C_median,rf_D_median,rf_F_median,efpf_A_median,efpf_B_median,efpf_C_median,efpf_D_median,efpf_F_median
Exp33-1002,149.0915852986875,219.4426106768975,29.28650284,0.053810945820925514,0.02663934018308704,0.053344470802691,0.1409133556424796,0.07384292888677435,0.14064698067965148,0.027725087029025954,0.021707487456035745,0.0310825139563615,NA,29.28650284,29.28650284,25.11891365,29.28650284,NA,0.063676568306982,0.065646974109117,0.0485537760040786,0.03622839137908,NA,0.140553349433486,0.14500819586215,0.149775338657191,0.109695264212751,NA,0.036858564652507,0.037519060445011285,0.027204169854511,0.003541195802391
