experiment,vmd_mean,vmd_sd,vmd_median,fpf_mean,fpf_sd,fpf_median,rf_mean,rf_sd,rf_median,efpf_mean,efpf_sd,efpf_median,vmd_A_median,vmd_B_median,vmd_C_median,vmd_D_median,vmd_F_median,fpf_A_median,fpf_B_median,fpf_C_median,fpf_D_median,fpf_F_median,rf_A_median,rf_B_median,rf_C_median,rf_D_median,rf_F_median,efpf_A_median,efpf_B_median,efpf_C_median,efpf_D_median,efpf_F_median
Exp24-1092,13.999275451822033,1.4213755759133613,13.59359074,0.1378069294964056,0.05479077634401453,0.129294191598885,0.3049149606036184,0.04680617721003193,0.29774160802355,0.08090899275019546,0.050683009117586775,0.07335040867326,13.59359074,13.59359074,13.59359074,13.59359074,NA,0.2192604461313,0.12421836227175,0.12943398386238,0.13517328262328,NA,0.3604905846717,0.28668886542326,0.29690824449054,0.31624796330915,NA,0.1650239491464,0.06958157718185,0.07487968921668,0.07255971312519,NA
