experiment,vmd_mean,vmd_sd,vmd_median,fpf_mean,fpf_sd,fpf_median,rf_mean,rf_sd,rf_median,efpf_mean,efpf_sd,efpf_median,vmd_A_median,vmd_B_median,vmd_C_median,vmd_D_median,vmd_F_median,fpf_A_median,fpf_B_median,fpf_C_median,fpf_D_median,fpf_F_median,rf_A_median,rf_B_median,rf_C_median,rf_D_median,rf_F_median,efpf_A_median,efpf_B_median,efpf_C_median,efpf_D_median,efpf_F_median
Exp39-1079,20.60282224375,5.127871251422297,21.54438972,0.06248363177625669,0.01953400255339316,0.06170791409909,0.17870656782162045,0.09017738225080449,0.17218351058674,0.015099179013630254,0.011023525318760967,0.015282975062725,NA,23.331651685,29.28650284,18.4785347,19.356252195,NA,0.068952208012345,0.048915003836139996,0.07060795873412,0.04307055245036108,NA,0.144795234650345,0.09449881225823999,0.19655319869506,0.16956543306706606,NA,0.028326441347605,0.0122977656126,0.0162711918354,0.002088028192519027
