experiment,vmd_mean,vmd_sd,vmd_median,fpf_mean,fpf_sd,fpf_median,rf_mean,rf_sd,rf_median,efpf_mean,efpf_sd,efpf_median,vmd_A_median,vmd_B_median,vmd_C_median,vmd_D_median,vmd_F_median,fpf_A_median,fpf_B_median,fpf_C_median,fpf_D_median,fpf_F_median,rf_A_median,rf_B_median,rf_C_median,rf_D_median,rf_F_median,efpf_A_median,efpf_B_median,efpf_C_median,efpf_D_median,efpf_F_median
Exp33-1012,147.37810223828572,207.73599541233247,29.28650284,0.06203303022050552,0.021590639177236554,0.06446357186886,0.14073306957141182,0.056981153854977575,0.143999109752513,0.03628734594425842,0.015967860475354895,0.037519060445011285,NA,29.28650284,29.28650284,NA,NA,NA,0.063676568306982,0.06536380955950716,NA,NA,NA,0.140553349433486,0.1449014711938895,NA,NA,NA,0.036858564652507,0.037938955797346643,NA,NA
