experiment,vmd_mean,vmd_sd,vmd_median,fpf_mean,fpf_sd,fpf_median,rf_mean,rf_sd,rf_median,efpf_mean,efpf_sd,efpf_median,vmd_A_median,vmd_B_median,vmd_C_median,vmd_D_median,vmd_F_median,fpf_A_median,fpf_B_median,fpf_C_median,fpf_D_median,fpf_F_median,rf_A_median,rf_B_median,rf_C_median,rf_D_median,rf_F_median,efpf_A_median,efpf_B_median,efpf_C_median,efpf_D_median,efpf_F_median
Exp33-1068,140.02634343422727,237.58329209741075,7.35643721,0.32704201418689943,0.23020154262211875,0.4004607259343018,0.4557419012198975,0.2694475057583656,0.55397256627685,0.17433347055875742,0.14456191632773796,0.20322864206504898,NA,6.30958605,7.35643721,7.35643721,319.76776647500003,NA,0.448067431301,0.4246673325451,0.3515534562276702,0.21044851250937502,NA,0.5561909650268,0.55921115636811,0.5489801738784176,0.261226936057075,NA,0.259180643707529,0.242037755027421,0.10236798118960215,0.133605606034375
