experiment,vmd_mean,vmd_sd,vmd_median,fpf_mean,fpf_sd,fpf_median,rf_mean,rf_sd,rf_median,efpf_mean,efpf_sd,efpf_median,vmd_A_median,vmd_B_median,vmd_C_median,vmd_D_median,vmd_F_median,fpf_A_median,fpf_B_median,fpf_C_median,fpf_D_median,fpf_F_median,rf_A_median,rf_B_median,rf_C_median,rf_D_median,rf_F_median,efpf_A_median,efpf_B_median,efpf_C_median,efpf_D_median,efpf_F_median
Exp20-1077,25.173858877190476,8.795822787582338,21.54438972,0.1811544702215511,0.027217332597074474,0.17634187772872,0.23951578051726022,0.035156283733720206,0.2365928926488458,0.14513362302808538,0.02362173982909608,0.14255106031895,44.1313076,21.54438972,25.11891365,NA,NA,0.18042731557978103,0.18239176591870598,0.17174954459064998,NA,NA,0.21628882710825106,0.24438703395421998,0.2229839132819576,NA,NA,0.15586901366715,0.1419770789146,0.1449056565762,NA,NA
