experiment,vmd_mean,vmd_sd,vmd_median,fpf_mean,fpf_sd,fpf_median,rf_mean,rf_sd,rf_median,efpf_mean,efpf_sd,efpf_median,vmd_A_median,vmd_B_median,vmd_C_median,vmd_D_median,vmd_F_median,fpf_A_median,fpf_B_median,fpf_C_median,fpf_D_median,fpf_F_median,rf_A_median,rf_B_median,rf_C_median,rf_D_median,rf_F_median,efpf_A_median,efpf_B_median,efpf_C_median,efpf_D_median,efpf_F_median
Exp33-1018,138.5669811130303,189.2864579364488,29.28650284,0.06596323985929559,0.01627015773440093,0.066060764770991,0.14278522355972711,0.04401569949092791,0.14298727191994198,0.040424954834598535,0.011809560454218269,0.039308473430584995,NA,29.28650284,29.28650284,NA,NA,NA,0.063676568306982,0.06964058580344154,NA,NA,NA,0.140553349433486,0.1434931908362275,NA,NA,NA,0.036858564652507,0.04183268964757505,NA,NA
