experiment,vmd_mean,vmd_sd,vmd_median,fpf_mean,fpf_sd,fpf_median,rf_mean,rf_sd,rf_median,efpf_mean,efpf_sd,efpf_median,vmd_A_median,vmd_B_median,vmd_C_median,vmd_D_median,vmd_F_median,fpf_A_median,fpf_B_median,fpf_C_median,fpf_D_median,fpf_F_median,rf_A_median,rf_B_median,rf_C_median,rf_D_median,rf_F_median,efpf_A_median,efpf_B_median,efpf_C_median,efpf_D_median,efpf_F_median
Exp24-1104,31.457503780990656,30.719944352941013,18.4785347,0.09968767305413366,0.03656354091934801,0.09268759548657,0.2286040120359425,0.05998228863392864,0.23227161765098997,0.03541999748658388,0.041141471680403545,0.02475295200945,100.00019836,18.4785347,18.4785347,18.4785347,13.59359074,0.0856163692474,0.08515461549167,0.09087543025611,0.10344610571861,0.07022832816058056,0.144660397768,0.2260477650165,0.2300845858454,0.24579215377577998,0.282860083430995,0.0856163692474,0.02273351430894,0.02501019030808,0.02781053557992,0.0015990114212
