experiment,vmd_mean,vmd_sd,vmd_median,fpf_mean,fpf_sd,fpf_median,rf_mean,rf_sd,rf_median,efpf_mean,efpf_sd,efpf_median,vmd_A_median,vmd_B_median,vmd_C_median,vmd_D_median,vmd_F_median,fpf_A_median,fpf_B_median,fpf_C_median,fpf_D_median,fpf_F_median,rf_A_median,rf_B_median,rf_C_median,rf_D_median,rf_F_median,efpf_A_median,efpf_B_median,efpf_C_median,efpf_D_median,efpf_F_median
Exp24-1024,90.33399849401961,120.90038205221447,29.28650284,0.11270893667292291,0.035163024792386074,0.115405634976915,0.20799129659834895,0.07706021092785591,0.20692317005251148,0.08126966990696945,0.02605083292660134,0.083414429612447,292.86502075,34.1455574,29.28650284,25.11891365,13.59359074,0.08238656900822301,0.113254537805969,0.11447721339761101,0.122756022997182,0.1109837824490811,0.10930854432284301,0.200959020256934,0.20519280515603,0.2218194731698705,0.32019687716038114,0.069388703033313,0.084395437687654,0.082791296541691,0.086597200948759,0.0710278615180501
