experiment,vmd_mean,vmd_sd,vmd_median,fpf_mean,fpf_sd,fpf_median,rf_mean,rf_sd,rf_median,efpf_mean,efpf_sd,efpf_median,vmd_A_median,vmd_B_median,vmd_C_median,vmd_D_median,vmd_F_median,fpf_A_median,fpf_B_median,fpf_C_median,fpf_D_median,fpf_F_median,rf_A_median,rf_B_median,rf_C_median,rf_D_median,rf_F_median,efpf_A_median,efpf_B_median,efpf_C_median,efpf_D_median,efpf_F_median
Exp20-1039,14.093909127857144,3.467900810074752,13.59359074,0.3492863025736321,0.04809257188627408,0.34761806279405,0.41956426982181255,0.05299507234818108,0.41990453869107003,0.29800621615564055,0.045384357456086453,0.29628513813028,11.602699995,13.59359074,13.59359074,NA,NA,0.411348507702325,0.35022399067876003,0.34529177665718,NA,NA,0.46742178171869,0.42274074420356,0.41439462423313,NA,NA,0.36006756126882,0.295836445391,0.29615037322055,NA,NA
