experiment,vmd_mean,vmd_sd,vmd_median,fpf_mean,fpf_sd,fpf_median,rf_mean,rf_sd,rf_median,efpf_mean,efpf_sd,efpf_median,vmd_A_median,vmd_B_median,vmd_C_median,vmd_D_median,vmd_F_median,fpf_A_median,fpf_B_median,fpf_C_median,fpf_D_median,fpf_F_median,rf_A_median,rf_B_median,rf_C_median,rf_D_median,rf_F_median,efpf_A_median,efpf_B_median,efpf_C_median,efpf_D_median,efpf_F_median
Exp39-1112,29.40417129,25.562897334411268,21.54438972,0.040586566691553264,0.08312152524974963,0,0.12449700898953299,0.15539565004724934,0.06623912692067,0.005538728531252931,0.017112476341887284,0,NA,23.331651685,25.11891365,20.01146221,29.28650284,NA,0.015065411292015,0,0.01124281749128,0,NA,0.128645787201865,0.05432066202159,0.12400360062719999,1.15684652342073e-11,NA,0,0,0,0
