experiment,vmd_mean,vmd_sd,vmd_median,fpf_mean,fpf_sd,fpf_median,rf_mean,rf_sd,rf_median,efpf_mean,efpf_sd,efpf_median,vmd_A_median,vmd_B_median,vmd_C_median,vmd_D_median,vmd_F_median,fpf_A_median,fpf_B_median,fpf_C_median,fpf_D_median,fpf_F_median,rf_A_median,rf_B_median,rf_C_median,rf_D_median,rf_F_median,efpf_A_median,efpf_B_median,efpf_C_median,efpf_D_median,efpf_F_median
Exp29-1071,14.130506114527362,2.0301799829194356,13.59359074,0.06025186961778282,0.020014403962216768,0.053447672761977004,0.2625321021252769,0.03478967096743896,0.26173771575082,0.028428264326275782,0.013664301883649976,0.024616687297854857,13.59359074,13.59359074,13.59359074,13.59359074,NA,0.04261029690502,0.05429201614112,0.05240049600600702,0.05997166544199001,NA,0.22788374632602001,0.25927713170647,0.2651907024160535,0.25920524060729,NA,0.0224601316452,0.02629053592682774,0.024397113323249998,0.0227045828104,NA
