experiment,vmd_mean,vmd_sd,vmd_median,fpf_mean,fpf_sd,fpf_median,rf_mean,rf_sd,rf_median,efpf_mean,efpf_sd,efpf_median,vmd_A_median,vmd_B_median,vmd_C_median,vmd_D_median,vmd_F_median,fpf_A_median,fpf_B_median,fpf_C_median,fpf_D_median,fpf_F_median,rf_A_median,rf_B_median,rf_C_median,rf_D_median,rf_F_median,efpf_A_median,efpf_B_median,efpf_C_median,efpf_D_median,efpf_F_median
Exp29-1102,14.256995099901477,2.0472174407242467,13.59359074,0.06487751332711342,0.022672304070323824,0.061510474383830005,0.2647203584434599,0.03347082105463915,0.264862390700611,0.012830232651253808,0.013112583969778878,0.008605282828229999,13.59359074,13.59359074,13.59359074,13.59359074,15.84896278,0.05920154422521,0.06389780297876001,0.059524549338921,0.06070528998974,0.10197634045040001,0.24976586908110998,0.26173258334385996,0.268276120871221,0.2634066284447533,0.27228723589335,0.01610040143132,0.013464580178259999,0.007550534866750501,0.004561351537707788,0.009487700350585
