experiment,vmd_mean,vmd_sd,vmd_median,fpf_mean,fpf_sd,fpf_median,rf_mean,rf_sd,rf_median,efpf_mean,efpf_sd,efpf_median,vmd_A_median,vmd_B_median,vmd_C_median,vmd_D_median,vmd_F_median,fpf_A_median,fpf_B_median,fpf_C_median,fpf_D_median,fpf_F_median,rf_A_median,rf_B_median,rf_C_median,rf_D_median,rf_F_median,efpf_A_median,efpf_B_median,efpf_C_median,efpf_D_median,efpf_F_median
Exp29-1033,12.475471011386139,1.5742050678998798,11.65916729,0.11198105705551155,0.030446058169493546,0.10672355853256005,0.32491646233466154,0.03407641813722722,0.325610016865283,0.07717234481290813,0.020938565710812256,0.07453966427231645,13.59359074,11.65916729,11.65916729,13.59359074,13.59359074,0.0988643934205553,0.11104258845357434,0.10352466402576255,0.11231441464280399,0.21022475242618,0.3003059842065553,0.325119024217259,0.32704757195991735,0.31313355454577946,0.37909798622137997,0.0728480532951658,0.0770980955427344,0.0717188679808469,0.07398616997395893,0.11253591358659999
