experiment,vmd_mean,vmd_sd,vmd_median,fpf_mean,fpf_sd,fpf_median,rf_mean,rf_sd,rf_median,efpf_mean,efpf_sd,efpf_median,vmd_A_median,vmd_B_median,vmd_C_median,vmd_D_median,vmd_F_median,fpf_A_median,fpf_B_median,fpf_C_median,fpf_D_median,fpf_F_median,rf_A_median,rf_B_median,rf_C_median,rf_D_median,rf_F_median,efpf_A_median,efpf_B_median,efpf_C_median,efpf_D_median,efpf_F_median
Exp39-1049,58.79516786647059,124.65655049907332,25.11891365,0.05343464351504681,0.030034060751592203,0.044514565020812,0.13554334510528446,0.08041149077893438,0.153775792345364,0.024031865841922514,0.026629640057839788,0.0124434660002586,NA,43.11338806,39.81079483,25.11891365,19.356252195,NA,0.056962653538213,0.033161893468362,0.05890372506797053,0.040084154978372505,NA,0.10339970334432799,0.065458334069712,0.16728848865495605,0.1644304499774925,NA,0.031439616894348,0.0034215614013420005,0.0257928095944163,0.0014802833274005001
