experiment,vmd_mean,vmd_sd,vmd_median,fpf_mean,fpf_sd,fpf_median,rf_mean,rf_sd,rf_median,efpf_mean,efpf_sd,efpf_median,vmd_A_median,vmd_B_median,vmd_C_median,vmd_D_median,vmd_F_median,fpf_A_median,fpf_B_median,fpf_C_median,fpf_D_median,fpf_F_median,rf_A_median,rf_B_median,rf_C_median,rf_D_median,rf_F_median,efpf_A_median,efpf_B_median,efpf_C_median,efpf_D_median,efpf_F_median
Exp39-1106,29.418645355789472,25.263788219509753,21.54438972,0.1104195579654224,0.06940681997333871,0.12505143135777,0.19963494624159883,0.08887566413394095,0.2036088209412254,0.043838772318487235,0.05608966076595207,0.03519951283928,NA,23.331651685,29.28650284,20.01146221,25.11891365,NA,0.11241153478613,0.17529103841291468,0.14125393765724603,0.044017410022221995,NA,0.15676560416807,0.17529103841291468,0.22881832092997,0.20700265884400243,NA,0.049236496686915,0.1684668934346,0.025469067431966003,8.12085461802e-4
