experiment,vmd_mean,vmd_sd,vmd_median,fpf_mean,fpf_sd,fpf_median,rf_mean,rf_sd,rf_median,efpf_mean,efpf_sd,efpf_median,vmd_A_median,vmd_B_median,vmd_C_median,vmd_D_median,vmd_F_median,fpf_A_median,fpf_B_median,fpf_C_median,fpf_D_median,fpf_F_median,rf_A_median,rf_B_median,rf_C_median,rf_D_median,rf_F_median,efpf_A_median,efpf_B_median,efpf_C_median,efpf_D_median,efpf_F_median
Exp39-1103,30.054688665,25.86828615149891,25.11891365,0.05971614469178415,0.026324389443785918,0.061566368825719996,0.1727952059019297,0.09015640020222941,0.17556112670350899,0.008468486180319423,0.01606076098566132,0,NA,25.11891365,29.28650284,20.01146221,25.11891365,NA,0.07024807412174999,0.053776697665461,0.0716824393440365,0.044316964987653,NA,0.13646299976857001,0.093694988042121,0.19669398196043,0.223621807098,NA,0.020284476466475,0.006887345165020999,0,0
