experiment,vmd_mean,vmd_sd,vmd_median,fpf_mean,fpf_sd,fpf_median,rf_mean,rf_sd,rf_median,efpf_mean,efpf_sd,efpf_median,vmd_A_median,vmd_B_median,vmd_C_median,vmd_D_median,vmd_F_median,fpf_A_median,fpf_B_median,fpf_C_median,fpf_D_median,fpf_F_median,rf_A_median,rf_B_median,rf_C_median,rf_D_median,rf_F_median,efpf_A_median,efpf_B_median,efpf_C_median,efpf_D_median,efpf_F_median
Exp33-1103,28.476902338221343,24.88113055682221,21.54438972,0.06867061876073136,0.02066800286241025,0.065768093094259,0.19044829415318662,0.06864644841194607,0.190718875378453,0.014173746376097614,0.02480281455303296,0.001437634155159,NA,21.54438972,21.54438972,18.4785347,20.01146221,NA,0.06169411242008001,0.070092435479211,0.065517286807279,0.06463066365697631,NA,0.17476990565661002,0.18708565384151998,0.20690559864031638,0.21217574310479703,NA,0.001437634155159,0.0042577558872268,3.88231575489e-4,4.3273460585619995e-4
