experiment,vmd_mean,vmd_sd,vmd_median,fpf_mean,fpf_sd,fpf_median,rf_mean,rf_sd,rf_median,efpf_mean,efpf_sd,efpf_median,vmd_A_median,vmd_B_median,vmd_C_median,vmd_D_median,vmd_F_median,fpf_A_median,fpf_B_median,fpf_C_median,fpf_D_median,fpf_F_median,rf_A_median,rf_B_median,rf_C_median,rf_D_median,rf_F_median,efpf_A_median,efpf_B_median,efpf_C_median,efpf_D_median,efpf_F_median
Exp20-1046,539.1511590852857,28.23272415688802,541.17059326,0.06349136806589192,0.014598876649203672,0.0620564570650445,0.07715911213410159,0.018727653155754725,0.0753564588353145,0.056317821685251485,0.012545151190144817,0.055547710470852,586.0645751950001,541.17059326,541.17059326,NA,NA,0.0399515848932832,0.061867794357237,0.063952926211042,NA,NA,0.045719535476535705,0.075467762835353,0.075550821423522,NA,NA,0.036919158874082494,0.05459950588642801,0.056751435510833996,NA,NA
