experiment,vmd_mean,vmd_sd,vmd_median,fpf_mean,fpf_sd,fpf_median,rf_mean,rf_sd,rf_median,efpf_mean,efpf_sd,efpf_median,vmd_A_median,vmd_B_median,vmd_C_median,vmd_D_median,vmd_F_median,fpf_A_median,fpf_B_median,fpf_C_median,fpf_D_median,fpf_F_median,rf_A_median,rf_B_median,rf_C_median,rf_D_median,rf_F_median,efpf_A_median,efpf_B_median,efpf_C_median,efpf_D_median,efpf_F_median
Exp39-1034,19.078770128666665,5.627740350152323,18.4785347,0.0921920415656916,0.036497564937120724,0.09290333397458733,0.2276890809632316,0.10150999320585744,0.228711451441183,0.04333537902901209,0.030574912407304245,0.050073379278186,NA,23.331651685,29.28650284,18.4785347,12.626379015,NA,0.0919088496267825,0.073668650537735,0.1088350100256285,0.065430976748445,NA,0.16691823914638249,0.11921432271603499,0.24043923746688514,0.322528522610645,NA,0.053360830098387504,0.039836132079374996,0.0599073182977735,0
