experiment,vmd_mean,vmd_sd,vmd_median,fpf_mean,fpf_sd,fpf_median,rf_mean,rf_sd,rf_median,efpf_mean,efpf_sd,efpf_median,vmd_A_median,vmd_B_median,vmd_C_median,vmd_D_median,vmd_F_median,fpf_A_median,fpf_B_median,fpf_C_median,fpf_D_median,fpf_F_median,rf_A_median,rf_B_median,rf_C_median,rf_D_median,rf_F_median,efpf_A_median,efpf_B_median,efpf_C_median,efpf_D_median,efpf_F_median
Exp20-1102,99.30688893033333,7.090222110425477,100.00019836,0.1316035526493992,0.04297282358687541,0.1110182380675012,0.16923870869439187,0.04059598117213526,0.1616417998076552,0.1122989182780341,0.020842651822928524,0.10741190910356116,100.00019836,100.00019836,100.00019836,NA,NA,0.08914016246795,0.112653713226,0.10546453476,NA,NA,0.1852295958998,0.1693145404104728,0.1426327347756,NA,NA,0.08914016246795,0.1086722850800047,0.105165605545,NA,NA
