experiment,vmd_mean,vmd_sd,vmd_median,fpf_mean,fpf_sd,fpf_median,rf_mean,rf_sd,rf_median,efpf_mean,efpf_sd,efpf_median,vmd_A_median,vmd_B_median,vmd_C_median,vmd_D_median,vmd_F_median,fpf_A_median,fpf_B_median,fpf_C_median,fpf_D_median,fpf_F_median,rf_A_median,rf_B_median,rf_C_median,rf_D_median,rf_F_median,efpf_A_median,efpf_B_median,efpf_C_median,efpf_D_median,efpf_F_median
Exp39-1090,18.171181678181817,4.152080012115083,18.4785347,0.06896432536410575,0.01646968411314323,0.07182569533584,0.22304639183503303,0.06432242064740723,0.22626792877918,0.022410492394236117,0.010352604500395522,0.01961997941136,NA,21.54438972,25.11891365,17.163748740000003,NA,NA,0.068762478083375,0.04770243361593,0.07220698519671714,NA,NA,0.16655507430432498,0.13304227069023,0.23354299280788499,NA,NA,0.032710884213445,0.01961997941136,0.018724712431424997,NA
