experiment,vmd_mean,vmd_sd,vmd_median,fpf_mean,fpf_sd,fpf_median,rf_mean,rf_sd,rf_median,efpf_mean,efpf_sd,efpf_median,vmd_A_median,vmd_B_median,vmd_C_median,vmd_D_median,vmd_F_median,fpf_A_median,fpf_B_median,fpf_C_median,fpf_D_median,fpf_F_median,rf_A_median,rf_B_median,rf_C_median,rf_D_median,rf_F_median,efpf_A_median,efpf_B_median,efpf_C_median,efpf_D_median,efpf_F_median
Exp39-1098,25.51971469117647,19.732572011159544,21.54438972,0.05746065732008435,0.0247073941597936,0.05851898401971,0.17391585609190435,0.08280591558461639,0.16055835247024,0.013060598284116286,0.009478484501182287,0.013289687335489998,NA,23.331651685,29.28650284,20.01146221,19.356252195,NA,0.065703714936955,0.046708055846389,0.07261489287014,0.04037691520760453,NA,0.136785327047105,0.089981359355149,0.191268855109905,0.17463405864547954,NA,0.023140869885690002,0.008599135689439,0.014724876731634999,0.0012094017071674315
