experiment,vmd_mean,vmd_sd,vmd_median,fpf_mean,fpf_sd,fpf_median,rf_mean,rf_sd,rf_median,efpf_mean,efpf_sd,efpf_median,vmd_A_median,vmd_B_median,vmd_C_median,vmd_D_median,vmd_F_median,fpf_A_median,fpf_B_median,fpf_C_median,fpf_D_median,fpf_F_median,rf_A_median,rf_B_median,rf_C_median,rf_D_median,rf_F_median,efpf_A_median,efpf_B_median,efpf_C_median,efpf_D_median,efpf_F_median
Exp20-1079,21.28579125004762,3.5898241676620137,21.54438972,0.19714096816598822,0.029592457717146532,0.194212862253205,0.2636940631469607,0.03779236104336334,0.25934474296862997,0.1513720911911538,0.02580182103636847,0.14680864274505,29.632235525,21.54438972,21.54438972,NA,NA,0.203371150977951,0.19525721885261,0.18975720524792,NA,NA,0.24791458053989401,0.26836156666297,0.2473557688296608,NA,NA,0.16390932679175002,0.145964872837,0.147619537115,NA,NA
