experiment,vmd_mean,vmd_sd,vmd_median,fpf_mean,fpf_sd,fpf_median,rf_mean,rf_sd,rf_median,efpf_mean,efpf_sd,efpf_median,vmd_A_median,vmd_B_median,vmd_C_median,vmd_D_median,vmd_F_median,fpf_A_median,fpf_B_median,fpf_C_median,fpf_D_median,fpf_F_median,rf_A_median,rf_B_median,rf_C_median,rf_D_median,rf_F_median,efpf_A_median,efpf_B_median,efpf_C_median,efpf_D_median,efpf_F_median
Exp33-1006,151.10586674414938,217.83738076549892,29.28650284,0.05743591229876039,0.02480212201113594,0.058866722360262004,0.14613420635218116,0.07110552412598307,0.144794746525629,0.03037931144933124,0.02027484500377125,0.033635447062566,NA,29.28650284,29.28650284,25.11891365,NA,NA,0.063676568306982,0.065646974109117,0.0485537760040786,NA,NA,0.140553349433486,0.14500819586215,0.149775338657191,NA,NA,0.036858564652507,0.037519060445011285,0.027204169854511,NA
