experiment,vmd_mean,vmd_sd,vmd_median,fpf_mean,fpf_sd,fpf_median,rf_mean,rf_sd,rf_median,efpf_mean,efpf_sd,efpf_median,vmd_A_median,vmd_B_median,vmd_C_median,vmd_D_median,vmd_F_median,fpf_A_median,fpf_B_median,fpf_C_median,fpf_D_median,fpf_F_median,rf_A_median,rf_B_median,rf_C_median,rf_D_median,rf_F_median,efpf_A_median,efpf_B_median,efpf_C_median,efpf_D_median,efpf_F_median
Exp29-1028,13.365860623383083,1.8843847072305093,13.59359074,0.10363141855402096,0.028147459855932217,0.09821867079465427,0.3035264289310613,0.03347859199196617,0.3037242737596275,0.07101069957384172,0.019895125984871517,0.06807684770786121,13.59359074,13.59359074,13.59359074,13.59359074,NA,0.08910543018026329,0.10299597932951769,0.0965960317838428,0.1099165900564041,NA,0.27237219386736333,0.29934305565780617,0.3041747183095785,0.3088324509327557,NA,0.0656413750490288,0.07053799732913285,0.06692755090909697,0.06797810591759801,NA
