experiment,vmd_mean,vmd_sd,vmd_median,fpf_mean,fpf_sd,fpf_median,rf_mean,rf_sd,rf_median,efpf_mean,efpf_sd,efpf_median,vmd_A_median,vmd_B_median,vmd_C_median,vmd_D_median,vmd_F_median,fpf_A_median,fpf_B_median,fpf_C_median,fpf_D_median,fpf_F_median,rf_A_median,rf_B_median,rf_C_median,rf_D_median,rf_F_median,efpf_A_median,efpf_B_median,efpf_C_median,efpf_D_median,efpf_F_median
Exp29-1001,159.5235272890909,190.79043640271874,29.28650284,0.0612746362929224,0.013155261361326286,0.05923232930721217,0.17466574001936408,0.03431792326924391,0.17370834871804497,0.041146740082179625,0.008731171156683051,0.0404878551512955,34.1455574,29.28650284,NA,NA,NA,0.052715689854916176,0.059349979013193,NA,NA,NA,0.15981667371301617,0.173798925764793,NA,NA,NA,0.036956543329388775,0.040556992366897,NA,NA,NA
