experiment,vmd_mean,vmd_sd,vmd_median,fpf_mean,fpf_sd,fpf_median,rf_mean,rf_sd,rf_median,efpf_mean,efpf_sd,efpf_median,vmd_A_median,vmd_B_median,vmd_C_median,vmd_D_median,vmd_F_median,fpf_A_median,fpf_B_median,fpf_C_median,fpf_D_median,fpf_F_median,rf_A_median,rf_B_median,rf_C_median,rf_D_median,rf_F_median,efpf_A_median,efpf_B_median,efpf_C_median,efpf_D_median,efpf_F_median
Exp39-1088,24.085678099333332,8.02560657660672,25.11891365,0.05241825788778442,0.01880336608876119,0.05180528670548,0.1799976880407613,0.09507437487689707,0.16231379151338,0.012367976469296894,0.008555210247081769,0.011974847316706864,NA,29.28650284,34.1455574,23.331651685,13.754065035,NA,0.05338815547527,0.03307444095612,0.055302640125175,0.06065533064304609,NA,0.12188299931582,0.07571300566202,0.175026380196175,0.30537795327609607,NA,0.022634488567715,0.00868204474449,0.01247575022278843,0.005634118318561084
