experiment,vmd_mean,vmd_sd,vmd_median,fpf_mean,fpf_sd,fpf_median,rf_mean,rf_sd,rf_median,efpf_mean,efpf_sd,efpf_median,vmd_A_median,vmd_B_median,vmd_C_median,vmd_D_median,vmd_F_median,fpf_A_median,fpf_B_median,fpf_C_median,fpf_D_median,fpf_F_median,rf_A_median,rf_B_median,rf_C_median,rf_D_median,rf_F_median,efpf_A_median,efpf_B_median,efpf_C_median,efpf_D_median,efpf_F_median
Exp33-1050,151.08066455776,218.80006596288916,29.28650284,0.054289508607912124,0.02441496366926646,0.052091250058731345,0.14303956246498428,0.07223306125620937,0.14460055841132452,0.022788732241119138,0.021674568400400676,0.019267308400013,NA,29.28650284,29.28650284,29.28650284,25.11891365,NA,0.062044468633819995,0.0548926762654851,0.045893225939941,0.06055605277744758,NA,0.1429147247109287,0.1457564598147432,0.14298268528664,0.107289051711571,NA,0.031139585534105004,0.023470926210279002,0.014524685287621802,0.0034039919078339997
