experiment,vmd_mean,vmd_sd,vmd_median,fpf_mean,fpf_sd,fpf_median,rf_mean,rf_sd,rf_median,efpf_mean,efpf_sd,efpf_median,vmd_A_median,vmd_B_median,vmd_C_median,vmd_D_median,vmd_F_median,fpf_A_median,fpf_B_median,fpf_C_median,fpf_D_median,fpf_F_median,rf_A_median,rf_B_median,rf_C_median,rf_D_median,rf_F_median,efpf_A_median,efpf_B_median,efpf_C_median,efpf_D_median,efpf_F_median
Exp33-1100,28.65030419404,25.372757827317105,21.54438972,0.06714144460538593,0.02408945048794177,0.064744521491162,0.18855647473273446,0.06797022301007413,0.1871912898168815,0.014934382354559314,0.01959039488452355,0.0094036037288675,NA,21.54438972,21.54438972,18.4785347,25.11891365,NA,0.06193587362763,0.06956958740951999,0.06240026161074,0.06224527075891,NA,0.17541341841213998,0.18519298044962898,0.204625449981522,0.138965214118493,NA,0.008833739161495,0.013310231193899999,0.0051211114227800005,0.0013995905220490002
