experiment,vmd_mean,vmd_sd,vmd_median,fpf_mean,fpf_sd,fpf_median,rf_mean,rf_sd,rf_median,efpf_mean,efpf_sd,efpf_median,vmd_A_median,vmd_B_median,vmd_C_median,vmd_D_median,vmd_F_median,fpf_A_median,fpf_B_median,fpf_C_median,fpf_D_median,fpf_F_median,rf_A_median,rf_B_median,rf_C_median,rf_D_median,rf_F_median,efpf_A_median,efpf_B_median,efpf_C_median,efpf_D_median,efpf_F_median
Exp29-1041,14.856659053084577,1.3059020855161882,15.84896278,0.10563666428942936,0.034876677993673444,0.09796284790138741,0.2789929499124866,0.03903221445746402,0.274412659201734,0.06565212062578442,0.02799462721625047,0.059110195897529,15.84896278,15.84896278,15.84896278,13.59359074,NA,0.093316073603914,0.10158354284247301,0.09429269923131985,0.1051214454951427,NA,0.255551042743114,0.277084633931456,0.2708021739811467,0.2976355574908427,NA,0.059928109385064,0.06247611688887095,0.057160529401161,0.059564511850481,NA
