experiment,vmd_mean,vmd_sd,vmd_median,fpf_mean,fpf_sd,fpf_median,rf_mean,rf_sd,rf_median,efpf_mean,efpf_sd,efpf_median,vmd_A_median,vmd_B_median,vmd_C_median,vmd_D_median,vmd_F_median,fpf_A_median,fpf_B_median,fpf_C_median,fpf_D_median,fpf_F_median,rf_A_median,rf_B_median,rf_C_median,rf_D_median,rf_F_median,efpf_A_median,efpf_B_median,efpf_C_median,efpf_D_median,efpf_F_median
Exp33-1025,33.05071529982533,55.531784149290694,18.4785347,0.08732057602624399,0.034087225822594096,0.08947420708831799,0.2079403928616201,0.07592614888578202,0.212740142419882,0.04723343809910694,0.02892979190260258,0.05162469983099299,NA,21.54438972,21.54438972,18.4785347,25.11891365,NA,0.085001216828827,0.09639912398529599,0.07785525986079372,0.0487345051765,NA,0.190260669663481,0.20722049959016,0.220449130497786,0.053877780623727,NA,0.051888610087324,0.056663028597836,0.04201372727751,0.004303843565287
