experiment,vmd_mean,vmd_sd,vmd_median,fpf_mean,fpf_sd,fpf_median,rf_mean,rf_sd,rf_median,efpf_mean,efpf_sd,efpf_median,vmd_A_median,vmd_B_median,vmd_C_median,vmd_D_median,vmd_F_median,fpf_A_median,fpf_B_median,fpf_C_median,fpf_D_median,fpf_F_median,rf_A_median,rf_B_median,rf_C_median,rf_D_median,rf_F_median,efpf_A_median,efpf_B_median,efpf_C_median,efpf_D_median,efpf_F_median
Exp20-1112,21.899794074095237,38.56448105497982,2.92865038,0.5260567020564811,0.2623571787330545,0.6599017986200062,0.5370562639753713,0.26531332345425923,0.6645857986029908,0.0876334100217696,0.0730078557597984,0.08191493304384401,100.00019836,2.92865038,2.51189137,NA,NA,0,0.660773761382816,0.6567006170580018,NA,NA,0,0.665940062971834,0.662198014631565,NA,NA,0,0.07741689155233106,0.09055917330470135,NA,NA
