experiment,vmd_mean,vmd_sd,vmd_median,fpf_mean,fpf_sd,fpf_median,rf_mean,rf_sd,rf_median,efpf_mean,efpf_sd,efpf_median,vmd_A_median,vmd_B_median,vmd_C_median,vmd_D_median,vmd_F_median,fpf_A_median,fpf_B_median,fpf_C_median,fpf_D_median,fpf_F_median,rf_A_median,rf_B_median,rf_C_median,rf_D_median,rf_F_median,efpf_A_median,efpf_B_median,efpf_C_median,efpf_D_median,efpf_F_median
Exp29-1025,15.126438502089552,3.4217407874437185,13.59359074,0.091027988987185,0.024781969470223077,0.08708007100093151,0.26838148387807026,0.03916403767508574,0.2636685661344247,0.06230436087803984,0.017269758141657484,0.059618714970683474,15.84896278,15.84896278,13.59359074,13.59359074,NA,0.0778722546669336,0.088218075297773,0.08603800803375677,0.09722687637433401,NA,0.23819942456213358,0.255800481736706,0.26537112446944044,0.27761530674996,NA,0.0573628869420134,0.06190477019814753,0.058619657604888374,0.060429965555645,NA
