experiment,vmd_mean,vmd_sd,vmd_median,fpf_mean,fpf_sd,fpf_median,rf_mean,rf_sd,rf_median,efpf_mean,efpf_sd,efpf_median,vmd_A_median,vmd_B_median,vmd_C_median,vmd_D_median,vmd_F_median,fpf_A_median,fpf_B_median,fpf_C_median,fpf_D_median,fpf_F_median,rf_A_median,rf_B_median,rf_C_median,rf_D_median,rf_F_median,efpf_A_median,efpf_B_median,efpf_C_median,efpf_D_median,efpf_F_median
Exp39-1069,81.94166237666667,186.73154475131093,10.00002003,0.2889139166942866,0.2334305754650395,0.335709915496335,0.43141636669874417,0.2698500881248594,0.444642865992935,0.15502454661541687,0.1466963931832587,0.189790830947435,NA,13.59359074,6.30958605,10.00002003,541.17059326,NA,0.33801908696078253,0.45471329659211,0.2617198847030677,0,NA,0.4411404558458325,0.56467128247011,0.48997695118179996,0,NA,0.1981999977864825,0.28979192942371,0.0695490691019823,0
