experiment,vmd_mean,vmd_sd,vmd_median,fpf_mean,fpf_sd,fpf_median,rf_mean,rf_sd,rf_median,efpf_mean,efpf_sd,efpf_median,vmd_A_median,vmd_B_median,vmd_C_median,vmd_D_median,vmd_F_median,fpf_A_median,fpf_B_median,fpf_C_median,fpf_D_median,fpf_F_median,rf_A_median,rf_B_median,rf_C_median,rf_D_median,rf_F_median,efpf_A_median,efpf_B_median,efpf_C_median,efpf_D_median,efpf_F_median
Exp29-1094,13.654356176071428,0.7128180562925766,13.59359074,0.07554530274371217,0.027629637124050654,0.07122812848536,0.29020482394028363,0.03080362682319995,0.292378955967785,0.027783030180326594,0.020794403282115317,0.022419003397225,13.59359074,13.59359074,13.59359074,13.59359074,NA,0.066590326949946,0.07232757799334,0.070356889106285,0.07377144396301,NA,0.289545181915146,0.29425039418039,0.29116748742755,0.29372796889388997,NA,0.020421262234439998,0.02435821264982,0.021969515085215004,0.02398960068822,NA
