experiment,vmd_mean,vmd_sd,vmd_median,fpf_mean,fpf_sd,fpf_median,rf_mean,rf_sd,rf_median,efpf_mean,efpf_sd,efpf_median,vmd_A_median,vmd_B_median,vmd_C_median,vmd_D_median,vmd_F_median,fpf_A_median,fpf_B_median,fpf_C_median,fpf_D_median,fpf_F_median,rf_A_median,rf_B_median,rf_C_median,rf_D_median,rf_F_median,efpf_A_median,efpf_B_median,efpf_C_median,efpf_D_median,efpf_F_median
Exp24-1110,24.761537773320896,26.79616034066789,15.84896278,0.025505970635470752,0.04925168159144294,0.002175356149675,0.24665752560067,0.1988789667143535,0.186918051242875,0.0010630176902252388,0.00617885909656449,0,100.00019836,15.84896278,18.4785347,15.84896278,16.03606272,0,0.0029386174678799996,0.0025297343730900004,9.45942625403e-4,5.09305000305e-4,0.45812301635700003,0.18545089274642,0.17070517405867,0.27177135407928,0.20703091934547246,0,0,0,0,0
