experiment,vmd_mean,vmd_sd,vmd_median,fpf_mean,fpf_sd,fpf_median,rf_mean,rf_sd,rf_median,efpf_mean,efpf_sd,efpf_median,vmd_A_median,vmd_B_median,vmd_C_median,vmd_D_median,vmd_F_median,fpf_A_median,fpf_B_median,fpf_C_median,fpf_D_median,fpf_F_median,rf_A_median,rf_B_median,rf_C_median,rf_D_median,rf_F_median,efpf_A_median,efpf_B_median,efpf_C_median,efpf_D_median,efpf_F_median
Exp20-1051,540.0671261728572,30.725526843970172,541.17059326,0.06268494185577006,0.016731000890444173,0.060727666579183,0.07576845077417338,0.02066277096999814,0.072930447962143,0.05011082516213742,0.013473177382672999,0.048145538978293004,586.0645751950001,541.17059326,541.17059326,NA,NA,0.039903976279306,0.062100444622367995,0.057551371306192006,NA,NA,0.0451175397029115,0.075585989393289,0.070291269496092,NA,NA,0.0333631361788105,0.050289255976682004,0.046398277450338005,NA,NA
