experiment,vmd_mean,vmd_sd,vmd_median,fpf_mean,fpf_sd,fpf_median,rf_mean,rf_sd,rf_median,efpf_mean,efpf_sd,efpf_median,vmd_A_median,vmd_B_median,vmd_C_median,vmd_D_median,vmd_F_median,fpf_A_median,fpf_B_median,fpf_C_median,fpf_D_median,fpf_F_median,rf_A_median,rf_B_median,rf_C_median,rf_D_median,rf_F_median,efpf_A_median,efpf_B_median,efpf_C_median,efpf_D_median,efpf_F_median
Exp20-1018,536.9733769328847,24.442877138467786,541.17059326,0.06794426715622398,0.016803138712087367,0.06506362941115501,0.08050344571948484,0.020568827352138188,0.07669949192550951,0.059160087059930824,0.014057350716992816,0.0574752602633085,586.0645751950001,541.17059326,541.17059326,NA,NA,0.045222078929658197,0.065588847286985,0.065031240954992,NA,NA,0.049993340685032694,0.07793965570627699,0.074725297130638,NA,NA,0.041298339976934995,0.057532174754891,0.05907200962305201,NA,NA
