experiment,vmd_mean,vmd_sd,vmd_median,fpf_mean,fpf_sd,fpf_median,rf_mean,rf_sd,rf_median,efpf_mean,efpf_sd,efpf_median,vmd_A_median,vmd_B_median,vmd_C_median,vmd_D_median,vmd_F_median,fpf_A_median,fpf_B_median,fpf_C_median,fpf_D_median,fpf_F_median,rf_A_median,rf_B_median,rf_C_median,rf_D_median,rf_F_median,efpf_A_median,efpf_B_median,efpf_C_median,efpf_D_median,efpf_F_median
Exp24-1079,16.580787542413795,9.485144465170745,15.84896278,0.1225028832613266,0.036434592384623786,0.11962930351494,0.27930822430259966,0.05313627992420856,0.28108026146883,0.06997414876861402,0.02999239374953955,0.06761211574067999,25.11891365,15.84896278,15.84896278,13.59359074,13.59359074,0.14036491267388,0.114820718318075,0.12071601346128999,0.128332734406005,0.08509354799987501,0.22558442346758,0.27312620192763,0.280964174568705,0.29254066050056005,0.29998207812783917,0.10532474040989999,0.065432645082485,0.06980833262205499,0.06711531430483,0.036459911763705
