experiment,vmd_mean,vmd_sd,vmd_median,fpf_mean,fpf_sd,fpf_median,rf_mean,rf_sd,rf_median,efpf_mean,efpf_sd,efpf_median,vmd_A_median,vmd_B_median,vmd_C_median,vmd_D_median,vmd_F_median,fpf_A_median,fpf_B_median,fpf_C_median,fpf_D_median,fpf_F_median,rf_A_median,rf_B_median,rf_C_median,rf_D_median,rf_F_median,efpf_A_median,efpf_B_median,efpf_C_median,efpf_D_median,efpf_F_median
Exp39-1105,29.85610400222222,25.922070258842748,23.331651685,0.08884598557998713,0.041809313858938456,0.09880718845875949,0.18457529153110158,0.0813910428796697,0.18551149383189003,0.036769273108218085,0.0426771748243849,0.026065929159509997,NA,25.11891365,29.28650284,20.01146221,25.11891365,NA,0.10004434242849,0.12175558090199999,0.09880718845875949,0.052470193505307995,NA,0.14014937698844998,0.12314988002170998,0.20448726639153003,0.223460845947,NA,0.044808410704125,0.12175558090199999,0.0114966987445945,0
