experiment,vmd_mean,vmd_sd,vmd_median,fpf_mean,fpf_sd,fpf_median,rf_mean,rf_sd,rf_median,efpf_mean,efpf_sd,efpf_median,vmd_A_median,vmd_B_median,vmd_C_median,vmd_D_median,vmd_F_median,fpf_A_median,fpf_B_median,fpf_C_median,fpf_D_median,fpf_F_median,rf_A_median,rf_B_median,rf_C_median,rf_D_median,rf_F_median,efpf_A_median,efpf_B_median,efpf_C_median,efpf_D_median,efpf_F_median
Exp24-1082,15.227482745395537,3.0924971379481487,13.59359074,0.12749304325990515,0.037734333922564534,0.12381360262627,0.28928289167600196,0.0478023681131869,0.28983016103522,0.07210881913821371,0.03179759386130171,0.06916184425355,21.54438972,15.84896278,13.59359074,13.59359074,13.59359074,0.15707413390289,0.11944093257178,0.124082657545765,0.13045753717436,0.101844251900895,0.25025087550279,0.28208301961411,0.286521600633875,0.30319967687134997,0.30680101832695106,0.11481069684039999,0.06697858750812,0.07096745669843499,0.06741319417947,0.046622394323345
