experiment,vmd_mean,vmd_sd,vmd_median,fpf_mean,fpf_sd,fpf_median,rf_mean,rf_sd,rf_median,efpf_mean,efpf_sd,efpf_median,vmd_A_median,vmd_B_median,vmd_C_median,vmd_D_median,vmd_F_median,fpf_A_median,fpf_B_median,fpf_C_median,fpf_D_median,fpf_F_median,rf_A_median,rf_B_median,rf_C_median,rf_D_median,rf_F_median,efpf_A_median,efpf_B_median,efpf_C_median,efpf_D_median,efpf_F_median
Exp20-1066,532.348729595619,37.5691110018144,541.17059326,0.13349007722384523,0.057928477443578895,0.13869907742015283,0.15662900198807048,0.06503788950202387,0.1605442534193237,0.08849548548095068,0.04186498719320362,0.08950220678217247,586.0645751950001,541.17059326,541.17059326,NA,NA,0.057284709439850666,0.1478916696692135,0.115183919221169,NA,NA,0.11224744442980165,0.169595519462588,0.143389698900278,NA,NA,0.042179495022865554,0.094730206839731,0.074426367059322,NA,NA
