experiment,vmd_mean,vmd_sd,vmd_median,fpf_mean,fpf_sd,fpf_median,rf_mean,rf_sd,rf_median,efpf_mean,efpf_sd,efpf_median,vmd_A_median,vmd_B_median,vmd_C_median,vmd_D_median,vmd_F_median,fpf_A_median,fpf_B_median,fpf_C_median,fpf_D_median,fpf_F_median,rf_A_median,rf_B_median,rf_C_median,rf_D_median,rf_F_median,efpf_A_median,efpf_B_median,efpf_C_median,efpf_D_median,efpf_F_median
Exp20-1033,14.388069598142858,3.0085801452014365,13.59359074,0.3447182182023981,0.04325007124045962,0.33963837191477,0.412345856912172,0.04670937141004464,0.406124109253335,0.2938469601656753,0.041051728837989826,0.290582414418445,15.84896278,13.59359074,15.84896278,NA,NA,0.36055875793082,0.34191416472211,0.33480656892044003,NA,NA,0.41008466973881996,0.41265378281482,0.39845842450867996,NA,NA,0.314862610399565,0.29047313272953,0.29069169610736,NA,NA
