experiment,vmd_mean,vmd_sd,vmd_median,fpf_mean,fpf_sd,fpf_median,rf_mean,rf_sd,rf_median,efpf_mean,efpf_sd,efpf_median,vmd_A_median,vmd_B_median,vmd_C_median,vmd_D_median,vmd_F_median,fpf_A_median,fpf_B_median,fpf_C_median,fpf_D_median,fpf_F_median,rf_A_median,rf_B_median,rf_C_median,rf_D_median,rf_F_median,efpf_A_median,efpf_B_median,efpf_C_median,efpf_D_median,efpf_F_median
Exp29-1111,9.26245616906404,3.543561989827999,8.57697582,0.27953270078700543,0.1266270816979503,0.2968206214904,0.5057466193328627,0.14897348037298058,0.5411765527725,0.0581814447591319,0.0387169045159982,0.05441079854961,7.35643721,8.57697582,8.57697582,10.00002003,16.03606272,0.32180935829878005,0.30400421649206,0.31095525830981496,0.22727710872886997,0.05946428149942,0.5692323395609801,0.54631046473972,0.55059197843074,0.4589720320701,0.24298278421171998,0.056053862273680005,0.05356192767622,0.059709072113055,0.03848409265279,0
