experiment,vmd_mean,vmd_sd,vmd_median,fpf_mean,fpf_sd,fpf_median,rf_mean,rf_sd,rf_median,efpf_mean,efpf_sd,efpf_median,vmd_A_median,vmd_B_median,vmd_C_median,vmd_D_median,vmd_F_median,fpf_A_median,fpf_B_median,fpf_C_median,fpf_D_median,fpf_F_median,rf_A_median,rf_B_median,rf_C_median,rf_D_median,rf_F_median,efpf_A_median,efpf_B_median,efpf_C_median,efpf_D_median,efpf_F_median
Exp29-1026,14.415663085024876,2.620368477836226,13.59359074,0.09544162192459806,0.025078613197309807,0.0916318288328705,0.2810685752073606,0.03653441281443888,0.27728676579892,0.06538452692627214,0.01761698269740343,0.062548108324409,15.84896278,13.59359074,13.59359074,13.59359074,NA,0.0814104911405623,0.09281310357151,0.08999846388663618,0.10418747009285974,NA,0.2489081212599623,0.2693767580902196,0.2812410895584081,0.28676554501062,NA,0.0599611599603512,0.06447062314459376,0.06177736508515459,0.06222250517111274,NA
