experiment,vmd_mean,vmd_sd,vmd_median,fpf_mean,fpf_sd,fpf_median,rf_mean,rf_sd,rf_median,efpf_mean,efpf_sd,efpf_median,vmd_A_median,vmd_B_median,vmd_C_median,vmd_D_median,vmd_F_median,fpf_A_median,fpf_B_median,fpf_C_median,fpf_D_median,fpf_F_median,rf_A_median,rf_B_median,rf_C_median,rf_D_median,rf_F_median,efpf_A_median,efpf_B_median,efpf_C_median,efpf_D_median,efpf_F_median
Exp29-1064,24.361166595940595,92.46374704812305,4.64159775,0.482076316352567,0.11342326390419925,0.505729506090115,0.5764855035752268,0.11335141210021486,0.5964443347603601,0.31317096797531413,0.08727629156530278,0.3404330357909,5.41170597,5.41170597,4.64159775,4.64159775,15.84896278,0.47736749291416,0.4872387860717,0.52137557461857,0.51606615781762,0.40575496375562004,0.56382339119906,0.57364836394788,0.621214015781805,0.59952857643363,0.46783022344122005,0.32292518973345996,0.32992866843942004,0.34780607007428,0.33751396805043,0.27958810508252
