experiment,vmd_mean,vmd_sd,vmd_median,fpf_mean,fpf_sd,fpf_median,rf_mean,rf_sd,rf_median,efpf_mean,efpf_sd,efpf_median,vmd_A_median,vmd_B_median,vmd_C_median,vmd_D_median,vmd_F_median,fpf_A_median,fpf_B_median,fpf_C_median,fpf_D_median,fpf_F_median,rf_A_median,rf_B_median,rf_C_median,rf_D_median,rf_F_median,efpf_A_median,efpf_B_median,efpf_C_median,efpf_D_median,efpf_F_median
Exp33-1064,112.37563557065845,200.49965426043468,18.4785347,0.2129073646889877,0.15128637553279767,0.195806338684669,0.32893780723086863,0.17318743547649318,0.3208258751144589,0.10337602928860855,0.10143742078050881,0.08215949093453209,NA,21.54438972,18.4785347,18.4785347,18.4785347,NA,0.195806338684669,0.21328752286424799,0.19429721415092294,0.069051381777954,NA,0.312314045326869,0.3263430239825316,0.319125367712716,0.21476122779775403,NA,0.08290220937453639,0.08215949093453209,0.0833540716237241,0.002780853938314
