experiment,vmd_mean,vmd_sd,vmd_median,fpf_mean,fpf_sd,fpf_median,rf_mean,rf_sd,rf_median,efpf_mean,efpf_sd,efpf_median,vmd_A_median,vmd_B_median,vmd_C_median,vmd_D_median,vmd_F_median,fpf_A_median,fpf_B_median,fpf_C_median,fpf_D_median,fpf_F_median,rf_A_median,rf_B_median,rf_C_median,rf_D_median,rf_F_median,efpf_A_median,efpf_B_median,efpf_C_median,efpf_D_median,efpf_F_median
Exp24-1037,15.335615257520493,4.47366485628264,13.59359074,0.18397665163735738,0.04925259313714902,0.17891944415869998,0.331595759087013,0.06120774319330944,0.33224858403209,0.1346777401521015,0.04432595627856457,0.128902627788485,18.4785347,13.59359074,13.59359074,13.59359074,11.65916729,0.26299921259294,0.17523330770430298,0.1809193795547175,0.18037985056636,0.1136563661228794,0.34916576132183996,0.33006523452706,0.32996759489171,0.35206325173380004,0.345470899939603,0.2220364622773,0.12871286146343,0.129714983254675,0.12444840170443,0.0754293571691984
