experiment,vmd_mean,vmd_sd,vmd_median,fpf_mean,fpf_sd,fpf_median,rf_mean,rf_sd,rf_median,efpf_mean,efpf_sd,efpf_median,vmd_A_median,vmd_B_median,vmd_C_median,vmd_D_median,vmd_F_median,fpf_A_median,fpf_B_median,fpf_C_median,fpf_D_median,fpf_F_median,rf_A_median,rf_B_median,rf_C_median,rf_D_median,rf_F_median,efpf_A_median,efpf_B_median,efpf_C_median,efpf_D_median,efpf_F_median
Exp20-1096,99.60597226766667,4.05379840050459,100.00019836,0.08906382306969324,0.020578800189870412,0.08525417327885,0.16458182504779226,0.03358907115823603,0.159178282767416,0.08789238318328946,0.017827054531851183,0.08525417327885,100.00019836,100.00019836,100.00019836,NA,NA,0.0594532775879,0.08269492149350001,0.08917492866519999,NA,NA,0.19390268325799997,0.16474027320773,0.1486094649135,NA,NA,0.0594532775879,0.08269492149350001,0.08917492866519999,NA,NA
