experiment,vmd_mean,vmd_sd,vmd_median,fpf_mean,fpf_sd,fpf_median,rf_mean,rf_sd,rf_median,efpf_mean,efpf_sd,efpf_median,vmd_A_median,vmd_B_median,vmd_C_median,vmd_D_median,vmd_F_median,fpf_A_median,fpf_B_median,fpf_C_median,fpf_D_median,fpf_F_median,rf_A_median,rf_B_median,rf_C_median,rf_D_median,rf_F_median,efpf_A_median,efpf_B_median,efpf_C_median,efpf_D_median,efpf_F_median
Exp24-1113,16.405408643841806,32.40839470190743,3.41455555,0.625663465030004,0.2861280231429055,0.7799123693413645,0.7001779935381318,0.29066745140225086,0.8266789053918427,0.06116605475877367,0.06920147198705551,0.038878023540624904,100.00019836,3.98107958,3.41455555,3.98107958,21.54438972,0,0.7615517496390919,0.7925913647150294,0.7474602809076802,0,0,0.8295736549323017,0.8279310849590167,0.821741431820982,0.07356834620239999,0,0.0400528079061688,0.04060838227436731,0.03119823440911,0
