experiment,vmd_mean,vmd_sd,vmd_median,fpf_mean,fpf_sd,fpf_median,rf_mean,rf_sd,rf_median,efpf_mean,efpf_sd,efpf_median,vmd_A_median,vmd_B_median,vmd_C_median,vmd_D_median,vmd_F_median,fpf_A_median,fpf_B_median,fpf_C_median,fpf_D_median,fpf_F_median,rf_A_median,rf_B_median,rf_C_median,rf_D_median,rf_F_median,efpf_A_median,efpf_B_median,efpf_C_median,efpf_D_median,efpf_F_median
Exp33-1071,27.643213258838173,23.798712536121503,18.4785347,0.06219630111218202,0.022618528781110724,0.06017044633627,0.1877964429021398,0.06415268010123984,0.18420134648685,0.02280487488486847,0.01994546546371721,0.01775036022066,NA,21.54438972,21.54438972,18.4785347,NA,NA,0.055603780150419994,0.06359591186045,0.05751003488904107,NA,NA,0.16578894257547,0.17812345370654,0.199056225568,NA,NA,0.017938943654300002,0.022041738331310002,0.01329739615321,NA
