experiment,vmd_mean,vmd_sd,vmd_median,fpf_mean,fpf_sd,fpf_median,rf_mean,rf_sd,rf_median,efpf_mean,efpf_sd,efpf_median,vmd_A_median,vmd_B_median,vmd_C_median,vmd_D_median,vmd_F_median,fpf_A_median,fpf_B_median,fpf_C_median,fpf_D_median,fpf_F_median,rf_A_median,rf_B_median,rf_C_median,rf_D_median,rf_F_median,efpf_A_median,efpf_B_median,efpf_C_median,efpf_D_median,efpf_F_median
Exp20-1085,19.034570710761905,2.9141118378065647,18.4785347,0.21717610734253884,0.03292003034174596,0.2129535654186705,0.28964217774468637,0.042477280973205744,0.283826507627965,0.1637656626658869,0.030955131207724196,0.1605074673891,21.54438972,18.4785347,18.4785347,NA,NA,0.24501553118228,0.21779192522171,0.20498347587874702,NA,NA,0.296742739230355,0.29300349205745,0.27549182161687996,NA,NA,0.19705580294129998,0.1611703813076,0.1593064928055,NA,NA
