experiment,vmd_mean,vmd_sd,vmd_median,fpf_mean,fpf_sd,fpf_median,rf_mean,rf_sd,rf_median,efpf_mean,efpf_sd,efpf_median,vmd_A_median,vmd_B_median,vmd_C_median,vmd_D_median,vmd_F_median,fpf_A_median,fpf_B_median,fpf_C_median,fpf_D_median,fpf_F_median,rf_A_median,rf_B_median,rf_C_median,rf_D_median,rf_F_median,efpf_A_median,efpf_B_median,efpf_C_median,efpf_D_median,efpf_F_median
Exp24-1041,12.910119827653277,1.8192141449285946,13.59359074,0.20576428331055527,0.06692782667969692,0.19538439296196,0.36307203980204794,0.057065933489300474,0.35434049107133,0.15053575377821377,0.061255030616820236,0.14162833780048,10.00002003,13.59359074,13.59359074,11.65916729,NA,0.35159170091146996,0.19145517706871001,0.195062980614605,0.20047209426765,NA,0.47775782287117,0.34514037296186006,0.35352355893696,0.37723596006625004,NA,0.30037476658817,0.13903877541423001,0.1418251606077125,0.14009443648174,NA
