experiment,vmd_mean,vmd_sd,vmd_median,fpf_mean,fpf_sd,fpf_median,rf_mean,rf_sd,rf_median,efpf_mean,efpf_sd,efpf_median,vmd_A_median,vmd_B_median,vmd_C_median,vmd_D_median,vmd_F_median,fpf_A_median,fpf_B_median,fpf_C_median,fpf_D_median,fpf_F_median,rf_A_median,rf_B_median,rf_C_median,rf_D_median,rf_F_median,efpf_A_median,efpf_B_median,efpf_C_median,efpf_D_median,efpf_F_median
Exp29-1097,14.153212559154229,2.042493013824005,13.59359074,0.06145461043862801,0.02061418564789462,0.05697486549615,0.2613087721742693,0.03427870783742635,0.261268448457033,0.028696088668941168,0.012946649846788304,0.025473146438600002,15.84896278,13.59359074,13.59359074,13.59359074,NA,0.040903527885671,0.060056084599361,0.053532865485177494,0.063401643782874,NA,0.22015850797297098,0.2583309881389502,0.263184646163083,0.263985892906734,NA,0.022233891487099998,0.026306381821640003,0.024960626363771193,0.022400996685,NA
