experiment,vmd_mean,vmd_sd,vmd_median,fpf_mean,fpf_sd,fpf_median,rf_mean,rf_sd,rf_median,efpf_mean,efpf_sd,efpf_median,vmd_A_median,vmd_B_median,vmd_C_median,vmd_D_median,vmd_F_median,fpf_A_median,fpf_B_median,fpf_C_median,fpf_D_median,fpf_F_median,rf_A_median,rf_B_median,rf_C_median,rf_D_median,rf_F_median,efpf_A_median,efpf_B_median,efpf_C_median,efpf_D_median,efpf_F_median
Exp20-1064,522.6331842320476,35.37253040148118,541.17059326,0.17375670242539024,0.03123474250390078,0.174752212576571,0.200575500244592,0.03218150425918405,0.19994585615579502,0.11661476198800245,0.02724529356102818,0.1174418379272905,541.17059326,541.17059326,541.17059326,NA,NA,0.1907040484062808,0.18435070657161698,0.156726417820895,NA,NA,0.2009049978572308,0.2089469447917824,0.185158694386488,NA,NA,0.1419511189870008,0.123579193986939,0.102709932196876,NA,NA
