experiment,vmd_mean,vmd_sd,vmd_median,fpf_mean,fpf_sd,fpf_median,rf_mean,rf_sd,rf_median,efpf_mean,efpf_sd,efpf_median,vmd_A_median,vmd_B_median,vmd_C_median,vmd_D_median,vmd_F_median,fpf_A_median,fpf_B_median,fpf_C_median,fpf_D_median,fpf_F_median,rf_A_median,rf_B_median,rf_C_median,rf_D_median,rf_F_median,efpf_A_median,efpf_B_median,efpf_C_median,efpf_D_median,efpf_F_median
Exp20-1061,543.120901924,35.7550638785986,541.17059326,0.006578231601619944,0.004537249118441573,0.00569920189679,0.033721194505114564,0.011899455409141281,0.031519502419975,3.253745521599809e-5,3.3387341664217973e-4,0,586.0645751950001,541.17059326,541.17059326,NA,NA,0.005391833225767299,0.0061643413826890005,0.004861149117348,NA,NA,0.0220157273509973,0.03463329717521,0.0290347776562,NA,NA,0,0,0,NA,NA
