experiment,vmd_mean,vmd_sd,vmd_median,fpf_mean,fpf_sd,fpf_median,rf_mean,rf_sd,rf_median,efpf_mean,efpf_sd,efpf_median,vmd_A_median,vmd_B_median,vmd_C_median,vmd_D_median,vmd_F_median,fpf_A_median,fpf_B_median,fpf_C_median,fpf_D_median,fpf_F_median,rf_A_median,rf_B_median,rf_C_median,rf_D_median,rf_F_median,efpf_A_median,efpf_B_median,efpf_C_median,efpf_D_median,efpf_F_median
Exp33-1042,13.688225849494382,1.3845448810443701,13.59359074,0.1328982226990038,0.051346121024282605,0.12072517681635245,0.3160570389522179,0.04816954503522508,0.304750696122766,0.08230543122231368,0.0476644225772801,0.07349188975989901,NA,13.59359074,13.59359074,13.59359074,NA,NA,0.1164296970051485,0.12642055138952,0.11430326410572525,NA,NA,0.3042703165043694,0.3041332029558567,0.30795667233999435,NA,NA,0.07213011533021199,0.07772508107198672,0.0634394225105695,NA
