experiment,vmd_mean,vmd_sd,vmd_median,fpf_mean,fpf_sd,fpf_median,rf_mean,rf_sd,rf_median,efpf_mean,efpf_sd,efpf_median,vmd_A_median,vmd_B_median,vmd_C_median,vmd_D_median,vmd_F_median,fpf_A_median,fpf_B_median,fpf_C_median,fpf_D_median,fpf_F_median,rf_A_median,rf_B_median,rf_C_median,rf_D_median,rf_F_median,efpf_A_median,efpf_B_median,efpf_C_median,efpf_D_median,efpf_F_median
Exp20-1053,540.7397187718572,28.659940641933844,541.17059326,0.05083633995276853,0.014807833890986668,0.0480289423465895,0.06508720358890302,0.01781816238086815,0.061264446079729,0.03427677359552344,0.012221344119377302,0.032320929449049504,586.0645751950001,541.17059326,541.17059326,NA,NA,0.034009702191681,0.049593483991931996,0.047896795216927995,NA,NA,0.0399651418859055,0.063205997822813,0.060672762952749,NA,NA,0.025344824143676496,0.033560842443263,0.031612293794744,NA,NA
