experiment,vmd_mean,vmd_sd,vmd_median,fpf_mean,fpf_sd,fpf_median,rf_mean,rf_sd,rf_median,efpf_mean,efpf_sd,efpf_median,vmd_A_median,vmd_B_median,vmd_C_median,vmd_D_median,vmd_F_median,fpf_A_median,fpf_B_median,fpf_C_median,fpf_D_median,fpf_F_median,rf_A_median,rf_B_median,rf_C_median,rf_D_median,rf_F_median,efpf_A_median,efpf_B_median,efpf_C_median,efpf_D_median,efpf_F_median
Exp33-1110,25.41477790411765,20.1124345160921,21.54438972,0.015534285133936171,0.03535521911156994,1.4514691532e-15,0.12760494353609733,0.13198723339419569,0.09219434440141,7.304904177229178e-4,0.004267829880913524,0,NA,21.54438972,21.54438972,18.4785347,21.54438972,NA,0,0,2.35891202465e-6,0,NA,0.10087872385981,0.10027232214804,0.092952204495693,0.059056978654105,NA,0,0,0,0
