experiment,vmd_mean,vmd_sd,vmd_median,fpf_mean,fpf_sd,fpf_median,rf_mean,rf_sd,rf_median,efpf_mean,efpf_sd,efpf_median,vmd_A_median,vmd_B_median,vmd_C_median,vmd_D_median,vmd_F_median,fpf_A_median,fpf_B_median,fpf_C_median,fpf_D_median,fpf_F_median,rf_A_median,rf_B_median,rf_C_median,rf_D_median,rf_F_median,efpf_A_median,efpf_B_median,efpf_C_median,efpf_D_median,efpf_F_median
Exp20-1083,18.863442955714287,2.8719447278522185,18.4785347,0.21831767140268185,0.0323747758658358,0.21496305532762,0.29070960145266234,0.041291028189027544,0.287559707313805,0.16415598431655667,0.02983985697718334,0.15994694948194998,21.54438972,18.4785347,18.4785347,NA,NA,0.2391528560222,0.21899287313222002,0.208827010244061,NA,NA,0.291485509574475,0.2915484371781,0.2732567781907321,NA,NA,0.1883255809546,0.1617803621292,0.158158866167,NA,NA
