experiment,vmd_mean,vmd_sd,vmd_median,fpf_mean,fpf_sd,fpf_median,rf_mean,rf_sd,rf_median,efpf_mean,efpf_sd,efpf_median,vmd_A_median,vmd_B_median,vmd_C_median,vmd_D_median,vmd_F_median,fpf_A_median,fpf_B_median,fpf_C_median,fpf_D_median,fpf_F_median,rf_A_median,rf_B_median,rf_C_median,rf_D_median,rf_F_median,efpf_A_median,efpf_B_median,efpf_C_median,efpf_D_median,efpf_F_median
Exp29-1017,143.60830727084905,181.98055908042124,25.11891365,0.059685627814610655,0.011841510625188734,0.05791624616138391,0.17692179098094696,0.03224521237483361,0.17967591502235755,0.039763949622361516,0.008658799804893884,0.03943015460738565,34.1455574,29.28650284,25.11891365,NA,NA,0.052715689854916176,0.059349979013193,0.05564013142646646,NA,NA,0.15981667371301617,0.173798925764793,0.18418593216343898,NA,NA,0.036956543329388775,0.040556992366897,0.03763599864021387,NA,NA
