experiment,vmd_mean,vmd_sd,vmd_median,fpf_mean,fpf_sd,fpf_median,rf_mean,rf_sd,rf_median,efpf_mean,efpf_sd,efpf_median,vmd_A_median,vmd_B_median,vmd_C_median,vmd_D_median,vmd_F_median,fpf_A_median,fpf_B_median,fpf_C_median,fpf_D_median,fpf_F_median,rf_A_median,rf_B_median,rf_C_median,rf_D_median,rf_F_median,efpf_A_median,efpf_B_median,efpf_C_median,efpf_D_median,efpf_F_median
Exp24-1080,15.718212861771894,5.934232784473983,15.84896278,0.12487375842531351,0.03639981589545599,0.1213109225035,0.28444644690884574,0.04803746448129514,0.28523007124671,0.0709762082794122,0.030519768294361798,0.068299677372,21.54438972,15.84896278,15.84896278,13.59359074,13.59359074,0.14572055011986002,0.117235914468695,0.12178168222318,0.12952084153885002,0.10180883988744,0.23375897914166,0.276574897021055,0.28424061179167504,0.296640221700075,0.29783553085442066,0.10831071615219999,0.066217662990115,0.07023187547918,0.06740301042802,0.04681303441525
