experiment,vmd_mean,vmd_sd,vmd_median,fpf_mean,fpf_sd,fpf_median,rf_mean,rf_sd,rf_median,efpf_mean,efpf_sd,efpf_median,vmd_A_median,vmd_B_median,vmd_C_median,vmd_D_median,vmd_F_median,fpf_A_median,fpf_B_median,fpf_C_median,fpf_D_median,fpf_F_median,rf_A_median,rf_B_median,rf_C_median,rf_D_median,rf_F_median,efpf_A_median,efpf_B_median,efpf_C_median,efpf_D_median,efpf_F_median
Exp39-1074,20.60282224375,5.127871251422297,21.54438972,0.0609236150648328,0.019288300320573673,0.06035056844354501,0.1764198254834659,0.08950596689379586,0.17168102860454498,0.014744001077487025,0.011263791740493183,0.015346560254685001,NA,23.331651685,29.28650284,18.4785347,19.356252195,NA,0.06628697961569001,0.04728566899897,0.07029806137083999,0.0398168361195842,NA,0.13911431640379002,0.09103436306122,0.19655190557240998,0.1740385109195092,NA,0.02784726917744,0.01228079125287,0.016348288059230002,2.500012144445e-4
