experiment,vmd_mean,vmd_sd,vmd_median,fpf_mean,fpf_sd,fpf_median,rf_mean,rf_sd,rf_median,efpf_mean,efpf_sd,efpf_median,vmd_A_median,vmd_B_median,vmd_C_median,vmd_D_median,vmd_F_median,fpf_A_median,fpf_B_median,fpf_C_median,fpf_D_median,fpf_F_median,rf_A_median,rf_B_median,rf_C_median,rf_D_median,rf_F_median,efpf_A_median,efpf_B_median,efpf_C_median,efpf_D_median,efpf_F_median
Exp24-1046,370.2386826920913,201.524235002753,464.15979004,0.07628647972044285,0.03050482523228667,0.0784099120088005,0.14055838040968696,0.06797360637543073,0.136156079154456,0.0568815855239243,0.022954457246219497,0.05892340496182501,541.17059326,398.10794067,464.15979004,464.15979004,NA,0.03851069126279,0.07560349650681,0.079323923550557,0.078836322836598,NA,0.05451990816743,0.136690440997478,0.138796433806442,0.13166922986500398,NA,0.033425194360326003,0.056827265694738005,0.059597001560022005,0.060060016810896004,NA
