experiment,vmd_mean,vmd_sd,vmd_median,fpf_mean,fpf_sd,fpf_median,rf_mean,rf_sd,rf_median,efpf_mean,efpf_sd,efpf_median,vmd_A_median,vmd_B_median,vmd_C_median,vmd_D_median,vmd_F_median,fpf_A_median,fpf_B_median,fpf_C_median,fpf_D_median,fpf_F_median,rf_A_median,rf_B_median,rf_C_median,rf_D_median,rf_F_median,efpf_A_median,efpf_B_median,efpf_C_median,efpf_D_median,efpf_F_median
Exp24-1068,385.60282485902303,228.7223603063269,502.66519165,0.10306789487299174,0.13159271644362097,0.0286218296969395,0.15646880084287873,0.17139634752796154,0.07733173883925874,0.0533541119829354,0.08035695234656552,0.0022006467345618546,541.17059326,464.15979004,464.15979004,541.17059326,630.95855713,0,0.06375392482152929,0.05384974241260299,8.309364068034025e-15,0,0,0.1172446493852293,0.105611463431391,0.022886977642773,0,0,0.012748441472651,0.008869597651064,0,0
