experiment,vmd_mean,vmd_sd,vmd_median,fpf_mean,fpf_sd,fpf_median,rf_mean,rf_sd,rf_median,efpf_mean,efpf_sd,efpf_median,vmd_A_median,vmd_B_median,vmd_C_median,vmd_D_median,vmd_F_median,fpf_A_median,fpf_B_median,fpf_C_median,fpf_D_median,fpf_F_median,rf_A_median,rf_B_median,rf_C_median,rf_D_median,rf_F_median,efpf_A_median,efpf_B_median,efpf_C_median,efpf_D_median,efpf_F_median
Exp33-1078,19.57981769140351,5.1192585107949755,18.4785347,0.06776588903279536,0.02119101520505804,0.064895277321385,0.20144152175498248,0.06371656839495576,0.2047302068025,0.020815624139002613,0.0162427529867122,0.017938248366115,NA,21.54438972,18.4785347,18.4785347,25.11891365,NA,0.060057494938375,0.07079439699644001,0.06308761052789,0.0570293695851945,NA,0.18214367069312998,0.19664169073084,0.2187561693043435,0.1173005747422785,NA,0.01810184001922,0.02272711902857,0.01271565042436,0.015154558233918498
