experiment,vmd_mean,vmd_sd,vmd_median,fpf_mean,fpf_sd,fpf_median,rf_mean,rf_sd,rf_median,efpf_mean,efpf_sd,efpf_median,vmd_A_median,vmd_B_median,vmd_C_median,vmd_D_median,vmd_F_median,fpf_A_median,fpf_B_median,fpf_C_median,fpf_D_median,fpf_F_median,rf_A_median,rf_B_median,rf_C_median,rf_D_median,rf_F_median,efpf_A_median,efpf_B_median,efpf_C_median,efpf_D_median,efpf_F_median
Exp24-1016,371.8904035782301,179.94398953787658,398.10794067,0.07363156628373499,0.02295783657012805,0.0750678845867555,0.13461823934750472,0.051944899829356204,0.13346977807577798,0.054035868202530916,0.016490727844405445,0.055610686242576,541.17059326,398.10794067,464.15979004,NA,NA,0.039853421673175,0.075104665085682,0.07513108242303501,NA,NA,0.054388052597634996,0.133896362334463,0.1332860731519475,NA,NA,0.034168025627735,0.05568759124725,0.055501645058403,NA,NA
