experiment,vmd_mean,vmd_sd,vmd_median,fpf_mean,fpf_sd,fpf_median,rf_mean,rf_sd,rf_median,efpf_mean,efpf_sd,efpf_median,vmd_A_median,vmd_B_median,vmd_C_median,vmd_D_median,vmd_F_median,fpf_A_median,fpf_B_median,fpf_C_median,fpf_D_median,fpf_F_median,rf_A_median,rf_B_median,rf_C_median,rf_D_median,rf_F_median,efpf_A_median,efpf_B_median,efpf_C_median,efpf_D_median,efpf_F_median
Exp33-1098,28.843881640734693,25.623494426794483,18.4785347,0.06485742758544663,0.023970443981610013,0.0629527074099,0.18905479662559432,0.06476796235092133,0.18558287382134,0.020266172664991554,0.02030143999682088,0.01469618469477,NA,21.54438972,21.54438972,18.4785347,23.331651685,NA,0.05959926120943,0.0665917995572,0.06072138682011,0.05424446627494,NA,0.17410287097085997,0.18247549742461,0.201604215242027,0.11443443221969599,NA,0.014635702073570001,0.018377150297170002,0.012094075903298999,0.015705583319065002
