experiment,vmd_mean,vmd_sd,vmd_median,fpf_mean,fpf_sd,fpf_median,rf_mean,rf_sd,rf_median,efpf_mean,efpf_sd,efpf_median,vmd_A_median,vmd_B_median,vmd_C_median,vmd_D_median,vmd_F_median,fpf_A_median,fpf_B_median,fpf_C_median,fpf_D_median,fpf_F_median,rf_A_median,rf_B_median,rf_C_median,rf_D_median,rf_F_median,efpf_A_median,efpf_B_median,efpf_C_median,efpf_D_median,efpf_F_median
Exp29-1016,136.90409588104347,178.4183658045801,25.11891365,0.05992565269523906,0.011792994702424071,0.05818352688874317,0.17869239489360472,0.03297576655303924,0.1821494782016761,0.039955982647624094,0.008527367832238984,0.039454598318850884,34.1455574,29.28650284,25.11891365,NA,NA,0.052715689854916176,0.059349979013193,0.056812337719460614,NA,NA,0.15981667371301617,0.173798925764793,0.1842491818298606,NA,NA,0.036956543329388775,0.040556992366897,0.03771257612480174,NA,NA
