experiment,vmd_mean,vmd_sd,vmd_median,fpf_mean,fpf_sd,fpf_median,rf_mean,rf_sd,rf_median,efpf_mean,efpf_sd,efpf_median,vmd_A_median,vmd_B_median,vmd_C_median,vmd_D_median,vmd_F_median,fpf_A_median,fpf_B_median,fpf_C_median,fpf_D_median,fpf_F_median,rf_A_median,rf_B_median,rf_C_median,rf_D_median,rf_F_median,efpf_A_median,efpf_B_median,efpf_C_median,efpf_D_median,efpf_F_median
Exp29-1009,137.8305355237629,182.53274204629741,25.11891365,0.06027940608271327,0.012694213333483624,0.05846162073780055,0.1814951456647175,0.03619272745029543,0.1838845563711644,0.03997889618931664,0.009278508037210961,0.03935715478370905,34.1455574,29.28650284,21.54438972,25.11891365,NA,0.052715689854916176,0.059349979013193,0.056833072318053304,0.06574441407858189,NA,0.15981667371301617,0.173798925764793,0.1861453906539836,0.1913603802583455,NA,0.036956543329388775,0.040556992366897,0.03778432443550237,0.040563325943071854,NA
