experiment,vmd_mean,vmd_sd,vmd_median,fpf_mean,fpf_sd,fpf_median,rf_mean,rf_sd,rf_median,efpf_mean,efpf_sd,efpf_median,vmd_A_median,vmd_B_median,vmd_C_median,vmd_D_median,vmd_F_median,fpf_A_median,fpf_B_median,fpf_C_median,fpf_D_median,fpf_F_median,rf_A_median,rf_B_median,rf_C_median,rf_D_median,rf_F_median,efpf_A_median,efpf_B_median,efpf_C_median,efpf_D_median,efpf_F_median
Exp20-1050,540.5555315277143,32.41025915706295,541.17059326,0.0668243847092432,0.016825392782104643,0.06523416526616149,0.08002598813168442,0.0210495259308988,0.07802788848054851,0.056664046897552695,0.013983298750559734,0.055446146540348,586.0645751950001,541.17059326,541.17059326,NA,NA,0.0417581605166185,0.066161247827116,0.062861578650774,NA,NA,0.0471164382435375,0.079495433159182,0.075481973588459,NA,NA,0.0366357465088385,0.057136947438113,0.054168278872965,NA,NA
