experiment,vmd_mean,vmd_sd,vmd_median,fpf_mean,fpf_sd,fpf_median,rf_mean,rf_sd,rf_median,efpf_mean,efpf_sd,efpf_median,vmd_A_median,vmd_B_median,vmd_C_median,vmd_D_median,vmd_F_median,fpf_A_median,fpf_B_median,fpf_C_median,fpf_D_median,fpf_F_median,rf_A_median,rf_B_median,rf_C_median,rf_D_median,rf_F_median,efpf_A_median,efpf_B_median,efpf_C_median,efpf_D_median,efpf_F_median
Exp29-1076,13.56557945482587,1.7485863892849076,13.59359074,0.06257836539506954,0.018867239025041834,0.05909918010238042,0.2820051145153671,0.029448516511485643,0.2811638909629194,0.027012690871882846,0.011893040524396261,0.024261808395410766,13.59359074,13.59359074,13.59359074,13.59359074,NA,0.049500364959259996,0.06016214236616405,0.05782264287201588,0.063100036634221,NA,0.25756444424396,0.2802430640160641,0.2859222459303782,0.27799812823538,NA,0.0231828951836,0.02586024016142,0.024249690538280785,0.022495666961179,NA
