experiment,vmd_mean,vmd_sd,vmd_median,fpf_mean,fpf_sd,fpf_median,rf_mean,rf_sd,rf_median,efpf_mean,efpf_sd,efpf_median,vmd_A_median,vmd_B_median,vmd_C_median,vmd_D_median,vmd_F_median,fpf_A_median,fpf_B_median,fpf_C_median,fpf_D_median,fpf_F_median,rf_A_median,rf_B_median,rf_C_median,rf_D_median,rf_F_median,efpf_A_median,efpf_B_median,efpf_C_median,efpf_D_median,efpf_F_median
Exp29-1115,6.283458403168317,13.738674166578335,3.41455555,0.7840063825761475,0.24603100435628955,0.8905433262959098,0.8663391646539977,0.19054474978822117,0.9086549313354348,0.0519564400851887,0.09499345062931386,6.298503263268437e-4,2.92865038,3.41455555,3.41455555,3.41455555,2.92865038,0.8798312833651619,0.8906502934906301,0.8945015191583472,0.8806655536823979,0.874167755026991,0.9055483466365607,0.9028937180342033,0.9132336082028618,0.9156016064104844,0.88058129229494,0.04229064730286194,0.0012965015887024009,6.298503263268437e-4,2.8864189455573476e-5,0.07602691449649104
