experiment,vmd_mean,vmd_sd,vmd_median,fpf_mean,fpf_sd,fpf_median,rf_mean,rf_sd,rf_median,efpf_mean,efpf_sd,efpf_median,vmd_A_median,vmd_B_median,vmd_C_median,vmd_D_median,vmd_F_median,fpf_A_median,fpf_B_median,fpf_C_median,fpf_D_median,fpf_F_median,rf_A_median,rf_B_median,rf_C_median,rf_D_median,rf_F_median,efpf_A_median,efpf_B_median,efpf_C_median,efpf_D_median,efpf_F_median
Exp33-1108,27.169066207734375,22.72363259956504,21.54438972,0.05364211547978293,0.05728854033073898,0.03260022245766855,0.17207152242090157,0.10773280832772411,0.16085207790132,0.010229060064308279,0.01833617908249316,0,NA,21.54438972,21.54438972,18.4785347,21.54438972,NA,0.02099619269372,0.02522409617899,0.04101836204530002,0.058330221287921,NA,0.14439251884817,0.15437333911662,0.17884061336524,0.137524667829215,NA,0,0,0,0.007349603082989999
