experiment,vmd_mean,vmd_sd,vmd_median,fpf_mean,fpf_sd,fpf_median,rf_mean,rf_sd,rf_median,efpf_mean,efpf_sd,efpf_median,vmd_A_median,vmd_B_median,vmd_C_median,vmd_D_median,vmd_F_median,fpf_A_median,fpf_B_median,fpf_C_median,fpf_D_median,fpf_F_median,rf_A_median,rf_B_median,rf_C_median,rf_D_median,rf_F_median,efpf_A_median,efpf_B_median,efpf_C_median,efpf_D_median,efpf_F_median
Exp29-1040,14.07918989960199,1.2296683765347167,13.59359074,0.10762859763173017,0.02939710420148348,0.1025070539838163,0.29182602336726104,0.03390563756737644,0.290746897086462,0.06967232747836875,0.022832142028206555,0.065177927762275,15.84896278,13.59359074,13.59359074,13.59359074,NA,0.094596857307434,0.105551498588176,0.09890672205847251,0.10563640621324655,NA,0.263528150794934,0.2900543834711625,0.28811764653764127,0.29861685805019,NA,0.063939581168802,0.068376895776024,0.0634043259778895,0.06632717632687381,NA
