experiment,vmd_mean,vmd_sd,vmd_median,fpf_mean,fpf_sd,fpf_median,rf_mean,rf_sd,rf_median,efpf_mean,efpf_sd,efpf_median,vmd_A_median,vmd_B_median,vmd_C_median,vmd_D_median,vmd_F_median,fpf_A_median,fpf_B_median,fpf_C_median,fpf_D_median,fpf_F_median,rf_A_median,rf_B_median,rf_C_median,rf_D_median,rf_F_median,efpf_A_median,efpf_B_median,efpf_C_median,efpf_D_median,efpf_F_median
Exp24-1045,8.947484382623657,1.4804640828601303,8.57697582,0.2996148470647749,0.0814390171015163,0.29051516175275,0.5105618383340799,0.057367467267195785,0.5054244703055,0.21148191070684547,0.07527347237165181,0.19995587527744,7.35643721,8.57697582,8.57697582,10.00002003,NA,0.43779478088017,0.29579892553376,0.29552559681235,0.272271013781365,NA,0.59758281722657,0.50805050358167,0.5088508903608,0.48754425741726,NA,0.36634844675655004,0.203730847239425,0.205916331931925,0.18758244283487002,NA
