experiment,vmd_mean,vmd_sd,vmd_median,fpf_mean,fpf_sd,fpf_median,rf_mean,rf_sd,rf_median,efpf_mean,efpf_sd,efpf_median,vmd_A_median,vmd_B_median,vmd_C_median,vmd_D_median,vmd_F_median,fpf_A_median,fpf_B_median,fpf_C_median,fpf_D_median,fpf_F_median,rf_A_median,rf_B_median,rf_C_median,rf_D_median,rf_F_median,efpf_A_median,efpf_B_median,efpf_C_median,efpf_D_median,efpf_F_median
Exp24-1097,31.206794358979206,30.756262834580856,18.4785347,0.10346515092441552,0.037635239127662014,0.10451666653166,0.23352923804111198,0.05719871508005678,0.23782336115842,0.06403858489600557,0.030293609421521858,0.06136885166172,100.00019836,18.4785347,18.4785347,18.4785347,13.59359074,0.0720147800446,0.0972657114267,0.10513617157938,0.10970032364128,0.03501820117241151,0.15307161331178,0.23488661915078002,0.23536516577019,0.244313871636868,0.29214642271399,0.0720147800446,0.05877864181997,0.06219292521466999,0.06136885166172,0.014538013935101504
