experiment,vmd_mean,vmd_sd,vmd_median,fpf_mean,fpf_sd,fpf_median,rf_mean,rf_sd,rf_median,efpf_mean,efpf_sd,efpf_median,vmd_A_median,vmd_B_median,vmd_C_median,vmd_D_median,vmd_F_median,fpf_A_median,fpf_B_median,fpf_C_median,fpf_D_median,fpf_F_median,rf_A_median,rf_B_median,rf_C_median,rf_D_median,rf_F_median,efpf_A_median,efpf_B_median,efpf_C_median,efpf_D_median,efpf_F_median
Exp33-1115,18.392661310585773,29.752295762117793,6.30958605,0.36032271661899645,0.2745512420990419,0.36511769175538,0.5680313305735927,0.30328013346214566,0.62645006835447,0.0606641558155369,0.06110360261515955,0.06630302548413,NA,6.30958605,6.30958605,8.57697582,10.00002003,NA,0.39291410684583,0.42512837350384997,0.30056125834582004,0.28889639437196,NA,0.68938489079478,0.6743591398,0.53634300447995,0.49805705308902,NA,0.03642266518167996,0.08936900705096001,0.051650838553865,0.06927116930476
