experiment,vmd_mean,vmd_sd,vmd_median,fpf_mean,fpf_sd,fpf_median,rf_mean,rf_sd,rf_median,efpf_mean,efpf_sd,efpf_median,vmd_A_median,vmd_B_median,vmd_C_median,vmd_D_median,vmd_F_median,fpf_A_median,fpf_B_median,fpf_C_median,fpf_D_median,fpf_F_median,rf_A_median,rf_B_median,rf_C_median,rf_D_median,rf_F_median,efpf_A_median,efpf_B_median,efpf_C_median,efpf_D_median,efpf_F_median
Exp33-1033,18.567508238800002,4.181777157699634,18.4785347,0.10413379165816544,0.03838522047808197,0.10124469938279212,0.23555730913751755,0.06791015030262838,0.239922988898982,0.05746523846257104,0.03426493311937037,0.057807013727722005,NA,18.4785347,18.4785347,18.4785347,15.84896278,NA,0.097339643537999,0.110966357495639,0.09313183113927,0.1272303565090231,NA,0.213682782277454,0.2411022238433505,0.24020171567804202,0.2905697281903231,NA,0.059338577799497,0.062777715213614,0.04639683216813,0.0760798326379181
