experiment,vmd_mean,vmd_sd,vmd_median,fpf_mean,fpf_sd,fpf_median,rf_mean,rf_sd,rf_median,efpf_mean,efpf_sd,efpf_median,vmd_A_median,vmd_B_median,vmd_C_median,vmd_D_median,vmd_F_median,fpf_A_median,fpf_B_median,fpf_C_median,fpf_D_median,fpf_F_median,rf_A_median,rf_B_median,rf_C_median,rf_D_median,rf_F_median,efpf_A_median,efpf_B_median,efpf_C_median,efpf_D_median,efpf_F_median
Exp39-1096,25.54476475625,20.379433569561876,21.54438972,0.059618178733370955,0.020307022770772926,0.062782805655145,0.17918227128379158,0.0818194607622331,0.17001653306184,0.01506508063291623,0.009659742421629876,0.016642897650580003,NA,23.331651685,29.28650284,20.01146221,13.59359074,NA,0.059964086636894995,0.0449952442944,0.071103765591975,0.05114704261015095,NA,0.132762360796345,0.08744624868034,0.18996572867032002,0.2903076113242509,NA,0.022106369063255,0.010876338034870002,0.016642897650580003,0.0033813145756722506
