experiment,vmd_mean,vmd_sd,vmd_median,fpf_mean,fpf_sd,fpf_median,rf_mean,rf_sd,rf_median,efpf_mean,efpf_sd,efpf_median,vmd_A_median,vmd_B_median,vmd_C_median,vmd_D_median,vmd_F_median,fpf_A_median,fpf_B_median,fpf_C_median,fpf_D_median,fpf_F_median,rf_A_median,rf_B_median,rf_C_median,rf_D_median,rf_F_median,efpf_A_median,efpf_B_median,efpf_C_median,efpf_D_median,efpf_F_median
Exp24-1035,14.228840093394309,3.3625603210933765,13.59359074,0.19316545455939974,0.050515024550471736,0.18787902928895,0.34543282325822783,0.05757025887736809,0.346678120829105,0.14089444541901366,0.045739165735901165,0.1348642149567875,18.4785347,13.59359074,13.59359074,13.59359074,11.65916729,0.26422018691881,0.18307025618858097,0.18976039357485752,0.18888334613295,0.1385618071350825,0.34972126767021,0.34429983228441,0.34460460506400503,0.367018706463245,0.34337900333096694,0.22289946719988,0.13474397711452998,0.1365192744881045,0.13136422708630352,0.07948977933265751
