experiment,vmd_mean,vmd_sd,vmd_median,fpf_mean,fpf_sd,fpf_median,rf_mean,rf_sd,rf_median,efpf_mean,efpf_sd,efpf_median,vmd_A_median,vmd_B_median,vmd_C_median,vmd_D_median,vmd_F_median,fpf_A_median,fpf_B_median,fpf_C_median,fpf_D_median,fpf_F_median,rf_A_median,rf_B_median,rf_C_median,rf_D_median,rf_F_median,efpf_A_median,efpf_B_median,efpf_C_median,efpf_D_median,efpf_F_median
Exp24-1054,388.5420976813271,196.17322801372364,464.15979004,0.04591263687597328,0.022693301947599297,0.04552253253756001,0.11813169526964094,0.058760103815287554,0.110062386020986,0.0077972870519130676,0.021300837222564237,0.00114820107818,541.17059326,464.15979004,464.15979004,464.15979004,29.28650284,0.0173393659479896,0.043824035860636004,0.046351544484433994,0.04536000017083,0.039859554674481996,0.0346166370995296,0.11116001259535499,0.111147122271412,0.10678963057693,0.18003770940009,0.0027237431891296,0.00105614759028,0.0012214870750909999,0.0012489076273079702,2.8130710125000002e-5
