experiment,vmd_mean,vmd_sd,vmd_median,fpf_mean,fpf_sd,fpf_median,rf_mean,rf_sd,rf_median,efpf_mean,efpf_sd,efpf_median,vmd_A_median,vmd_B_median,vmd_C_median,vmd_D_median,vmd_F_median,fpf_A_median,fpf_B_median,fpf_C_median,fpf_D_median,fpf_F_median,rf_A_median,rf_B_median,rf_C_median,rf_D_median,rf_F_median,efpf_A_median,efpf_B_median,efpf_C_median,efpf_D_median,efpf_F_median
Exp24-1042,12.603445011927965,1.6732271806177144,13.59359074,0.20940880677920184,0.07396283979669598,0.19776099562643,0.36845072123921585,0.061260220299593514,0.35641492415219156,0.15279714551703755,0.06730566058289765,0.142445243634331,10.00002003,13.59359074,13.59359074,11.65916729,NA,0.3574163502455,0.19534542113553002,0.197084085047277,0.200752768218455,NA,0.4855242151023,0.35023007497189,0.356559835523353,0.37492918696260397,NA,0.30471719384192,0.14004237160086,0.14203980460762,0.14330172061918,NA
