experiment,vmd_mean,vmd_sd,vmd_median,fpf_mean,fpf_sd,fpf_median,rf_mean,rf_sd,rf_median,efpf_mean,efpf_sd,efpf_median,vmd_A_median,vmd_B_median,vmd_C_median,vmd_D_median,vmd_F_median,fpf_A_median,fpf_B_median,fpf_C_median,fpf_D_median,fpf_F_median,rf_A_median,rf_B_median,rf_C_median,rf_D_median,rf_F_median,efpf_A_median,efpf_B_median,efpf_C_median,efpf_D_median,efpf_F_median
Exp29-1091,15.542228364079604,0.9260718243957509,15.84896278,0.061956649493171895,0.023713890872004553,0.056694514760986525,0.24185451247438333,0.03002263074917886,0.23871410481641298,0.02231374537069335,0.016899294981582512,0.01799778074025,15.84896278,15.84896278,15.84896278,15.84896278,NA,0.046139730755217,0.05722294107085,0.05617578286673601,0.060852891355769996,NA,0.214041950050717,0.23807231351734998,0.23638213446736647,0.257266968637676,NA,0.01593962728977,0.0190361866355,0.0178193581104355,0.0187982404232,NA
