experiment,vmd_mean,vmd_sd,vmd_median,fpf_mean,fpf_sd,fpf_median,rf_mean,rf_sd,rf_median,efpf_mean,efpf_sd,efpf_median,vmd_A_median,vmd_B_median,vmd_C_median,vmd_D_median,vmd_F_median,fpf_A_median,fpf_B_median,fpf_C_median,fpf_D_median,fpf_F_median,rf_A_median,rf_B_median,rf_C_median,rf_D_median,rf_F_median,efpf_A_median,efpf_B_median,efpf_C_median,efpf_D_median,efpf_F_median
Exp29-1080,13.237214647524752,1.7582345541036533,13.59359074,0.06372912295716764,0.0211233817436804,0.0594481338493819,0.2872090843559774,0.0296112474032491,0.2871284803242927,0.027377216741787728,0.0122920589750541,0.024474716819820004,13.59359074,13.59359074,13.59359074,13.59359074,15.84896278,0.04948562380999922,0.06119791974205697,0.05796473023128296,0.065638123583076,0.1459805631637,0.26264740941259923,0.2853325366282511,0.29011299752277275,0.28026003032925,0.3278581237793,0.023438310596689226,0.02627427875995,0.024216916994192064,0.02284906089306,0.03921362280847
