experiment,vmd_mean,vmd_sd,vmd_median,fpf_mean,fpf_sd,fpf_median,rf_mean,rf_sd,rf_median,efpf_mean,efpf_sd,efpf_median,vmd_A_median,vmd_B_median,vmd_C_median,vmd_D_median,vmd_F_median,fpf_A_median,fpf_B_median,fpf_C_median,fpf_D_median,fpf_F_median,rf_A_median,rf_B_median,rf_C_median,rf_D_median,rf_F_median,efpf_A_median,efpf_B_median,efpf_C_median,efpf_D_median,efpf_F_median
Exp39-1056,84.4925078831579,177.54079564072555,25.11891365,0.1338711542781046,0.13726431040331985,0.11134939990919399,0.183137415122018,0.1447879760195806,0.2247651432060087,0.10404692291252575,0.14310754768642842,0.004119709916410999,NA,34.1455574,25.11891365,23.331651685,25.11891365,NA,0.18871043736000437,0.342336089387575,0.11632142184286265,2.4010705664946667e-6,NA,0.20515498807540936,0.342336089387575,0.2505301443300401,1.6514331266704465e-4,NA,0.1803844470484345,0.33917712479834,0.016326722763481148,0
