experiment,vmd_mean,vmd_sd,vmd_median,fpf_mean,fpf_sd,fpf_median,rf_mean,rf_sd,rf_median,efpf_mean,efpf_sd,efpf_median,vmd_A_median,vmd_B_median,vmd_C_median,vmd_D_median,vmd_F_median,fpf_A_median,fpf_B_median,fpf_C_median,fpf_D_median,fpf_F_median,rf_A_median,rf_B_median,rf_C_median,rf_D_median,rf_F_median,efpf_A_median,efpf_B_median,efpf_C_median,efpf_D_median,efpf_F_median
Exp24-1106,32.27196093249071,31.07557024245417,18.4785347,0.07417690468850255,0.04086518618410168,0.06876464918251449,0.21468519043080486,0.06477362231339714,0.2115942861390822,0.019649202623494975,0.03243316797980835,0.006186915487045501,100.00019836,18.4785347,18.4785347,18.4785347,16.03606272,0.034175019264199996,0.05301020383829,0.06592562794687801,0.09381544232361999,0.0745080894603915,0.034175019264200315,0.202381611689908,0.20912929542360498,0.227174028530629,0.276809162795675,0.034175019264199996,0.002063408494,0.005663604531433,0.0155097162724,0
