experiment,vmd_mean,vmd_sd,vmd_median,fpf_mean,fpf_sd,fpf_median,rf_mean,rf_sd,rf_median,efpf_mean,efpf_sd,efpf_median,vmd_A_median,vmd_B_median,vmd_C_median,vmd_D_median,vmd_F_median,fpf_A_median,fpf_B_median,fpf_C_median,fpf_D_median,fpf_F_median,rf_A_median,rf_B_median,rf_C_median,rf_D_median,rf_F_median,efpf_A_median,efpf_B_median,efpf_C_median,efpf_D_median,efpf_F_median
Exp29-1043,13.8356271432,1.0701594270102945,13.59359074,0.10316990078814513,0.04039891685928584,0.0930634865769879,0.28254225289352664,0.04255522660450819,0.27501182449044004,0.06435757856880484,0.03231517816496986,0.056044006142771496,13.59359074,13.59359074,13.59359074,13.59359074,NA,0.09569134983111591,0.0997268418548794,0.09044851973401455,0.09300170434636701,NA,0.2731587127118159,0.282898980062402,0.2711031560972095,0.28512182340016046,NA,0.0637511705129659,0.061307588219662,0.0539829710684735,0.053861471801053,NA
