experiment,vmd_mean,vmd_sd,vmd_median,fpf_mean,fpf_sd,fpf_median,rf_mean,rf_sd,rf_median,efpf_mean,efpf_sd,efpf_median,vmd_A_median,vmd_B_median,vmd_C_median,vmd_D_median,vmd_F_median,fpf_A_median,fpf_B_median,fpf_C_median,fpf_D_median,fpf_F_median,rf_A_median,rf_B_median,rf_C_median,rf_D_median,rf_F_median,efpf_A_median,efpf_B_median,efpf_C_median,efpf_D_median,efpf_F_median
Exp20-1019,96.3227707861435,16.713067170130127,100.00019836,0.11555820844134285,0.09207787167077522,0.10229604721100503,0.17689785470337213,0.09565104223167038,0.16037740051749005,0.11265572319575594,0.09134497812993622,0.101969203949,100.00019836,100.00019836,100.00019836,NA,25.11891365,0.07784955739975,0.10463237762500001,0.0994898319244,NA,0.095465965271,0.18961404442789997,0.16452121257782001,0.15002970963755,NA,0.24696528717873,0.07784955739975,0.10463237762500001,0.0994898319244,NA,0.028204594701529997
