experiment,vmd_mean,vmd_sd,vmd_median,fpf_mean,fpf_sd,fpf_median,rf_mean,rf_sd,rf_median,efpf_mean,efpf_sd,efpf_median,vmd_A_median,vmd_B_median,vmd_C_median,vmd_D_median,vmd_F_median,fpf_A_median,fpf_B_median,fpf_C_median,fpf_D_median,fpf_F_median,rf_A_median,rf_B_median,rf_C_median,rf_D_median,rf_F_median,efpf_A_median,efpf_B_median,efpf_C_median,efpf_D_median,efpf_F_median
Exp29-1062,61.62808906762376,145.6392072968132,10.00002003,0.3318557566208626,0.12346003557045314,0.366883290521695,0.4413918811682931,0.13181600631363893,0.47545229658494,0.19374169082304535,0.08692073494540532,0.21559664800760497,13.59359074,13.59359074,10.00002003,11.65916729,541.17059326,0.32655926883222897,0.34456019528223003,0.3857792675867495,0.368307791277727,0.11671075248153401,0.430228564143229,0.44262462556342,0.494928329438035,0.4688895848859027,0.199190049404234,0.188678287863829,0.20632566153996,0.225949394330415,0.193284359574272,0.035880473488934
