experiment,vmd_mean,vmd_sd,vmd_median,fpf_mean,fpf_sd,fpf_median,rf_mean,rf_sd,rf_median,efpf_mean,efpf_sd,efpf_median,vmd_A_median,vmd_B_median,vmd_C_median,vmd_D_median,vmd_F_median,fpf_A_median,fpf_B_median,fpf_C_median,fpf_D_median,fpf_F_median,rf_A_median,rf_B_median,rf_C_median,rf_D_median,rf_F_median,efpf_A_median,efpf_B_median,efpf_C_median,efpf_D_median,efpf_F_median
Exp33-1023,66.33441523578261,122.5277748232544,21.54438972,0.07346902726669262,0.030945085851730093,0.0760696369222975,0.18245630532924112,0.07665904925130722,0.1860484662760204,0.03869221002859865,0.025672880297290927,0.043189992737028504,NA,25.11891365,25.11891365,18.4785347,25.11891365,NA,0.071973074860908,0.08410031244153898,0.06295263221488401,0.04869975164936155,NA,0.17042282000185502,0.180395065397101,0.201254464499634,0.048759482837591746,NA,0.044510568976393,0.048824199214595,0.03353481667411783,0
