experiment,vmd_mean,vmd_sd,vmd_median,fpf_mean,fpf_sd,fpf_median,rf_mean,rf_sd,rf_median,efpf_mean,efpf_sd,efpf_median,vmd_A_median,vmd_B_median,vmd_C_median,vmd_D_median,vmd_F_median,fpf_A_median,fpf_B_median,fpf_C_median,fpf_D_median,fpf_F_median,rf_A_median,rf_B_median,rf_C_median,rf_D_median,rf_F_median,efpf_A_median,efpf_B_median,efpf_C_median,efpf_D_median,efpf_F_median
Exp20-1028,32.86843262509524,17.63285057034298,29.28650284,0.2394635844593284,0.03341558830627486,0.23304945953181,0.28555662553046113,0.038310914105120664,0.27990257292995,0.2035193342098129,0.030301807262511322,0.200415795892475,73.208089825,29.28650284,29.28650284,NA,NA,0.21694414064288498,0.238507063239821,0.22850324884054,NA,NA,0.24553077355028,0.28709150150413,0.27343761906045,NA,NA,0.188583454638725,0.20044580131766998,0.19464123621589,NA,NA
