experiment,vmd_mean,vmd_sd,vmd_median,fpf_mean,fpf_sd,fpf_median,rf_mean,rf_sd,rf_median,efpf_mean,efpf_sd,efpf_median,vmd_A_median,vmd_B_median,vmd_C_median,vmd_D_median,vmd_F_median,fpf_A_median,fpf_B_median,fpf_C_median,fpf_D_median,fpf_F_median,rf_A_median,rf_B_median,rf_C_median,rf_D_median,rf_F_median,efpf_A_median,efpf_B_median,efpf_C_median,efpf_D_median,efpf_F_median
Exp39-1094,13.317244532857142,0.7311433398559415,13.59359074,0.08790566492157514,0.0282185032391441,0.08842344671485,0.30007960844114656,0.036310512957709644,0.30657633155592,0.03818579373613143,0.02011613547143442,0.04157510399815,NA,12.626379015,13.59359074,13.59359074,NA,NA,0.118827389627645,0.05796745999713,0.0797311592474235,NA,NA,0.326711955219445,0.23117693408383,0.3067190215363635,NA,NA,0.05917543709274,0.04157510399815,0.02271559819579,NA
