experiment,vmd_mean,vmd_sd,vmd_median,fpf_mean,fpf_sd,fpf_median,rf_mean,rf_sd,rf_median,efpf_mean,efpf_sd,efpf_median,vmd_A_median,vmd_B_median,vmd_C_median,vmd_D_median,vmd_F_median,fpf_A_median,fpf_B_median,fpf_C_median,fpf_D_median,fpf_F_median,rf_A_median,rf_B_median,rf_C_median,rf_D_median,rf_F_median,efpf_A_median,efpf_B_median,efpf_C_median,efpf_D_median,efpf_F_median
Exp33-1022,108.38240052017095,176.2713839655283,25.11891365,0.06412912070252869,0.02685481847584241,0.0658007010444845,0.1614964906156113,0.07430387489674405,0.161367221958934,0.03361630961909119,0.021888123332410487,0.038066038247205,NA,29.28650284,29.28650284,25.11891365,25.11891365,NA,0.06577646788205001,0.07281880231108011,0.055716008190032,0.04852961267923279,NA,0.148361646979988,0.153543981127461,0.17550317123538,0.048615237591986486,NA,0.038849444836369006,0.040453222654755,0.033421905897556,6.78228456733e-43
