experiment,vmd_mean,vmd_sd,vmd_median,fpf_mean,fpf_sd,fpf_median,rf_mean,rf_sd,rf_median,efpf_mean,efpf_sd,efpf_median,vmd_A_median,vmd_B_median,vmd_C_median,vmd_D_median,vmd_F_median,fpf_A_median,fpf_B_median,fpf_C_median,fpf_D_median,fpf_F_median,rf_A_median,rf_B_median,rf_C_median,rf_D_median,rf_F_median,efpf_A_median,efpf_B_median,efpf_C_median,efpf_D_median,efpf_F_median
Exp24-1044,10.9450049451606,1.433360865262364,11.65916729,0.23544134058939867,0.07714689320004256,0.22547143228343,0.4189283751328209,0.057902885899472456,0.412621736601044,0.1715615638270295,0.07026558361758072,0.16033653125164002,8.57697582,11.65916729,11.65916729,11.65916729,NA,0.3650598949193,0.22659224927412,0.22766174472873998,0.20994545176629298,NA,0.5052256149052,0.41460532840333,0.415245042145195,0.40471737008550956,NA,0.31229626059524,0.16094911448660001,0.163696307167515,0.1482487468048575,NA
