experiment,vmd_mean,vmd_sd,vmd_median,fpf_mean,fpf_sd,fpf_median,rf_mean,rf_sd,rf_median,efpf_mean,efpf_sd,efpf_median,vmd_A_median,vmd_B_median,vmd_C_median,vmd_D_median,vmd_F_median,fpf_A_median,fpf_B_median,fpf_C_median,fpf_D_median,fpf_F_median,rf_A_median,rf_B_median,rf_C_median,rf_D_median,rf_F_median,efpf_A_median,efpf_B_median,efpf_C_median,efpf_D_median,efpf_F_median
Exp20-1093,10.643976429999999,1.589812452512799,11.65916729,0.29937468996655886,0.04757378326536757,0.288024968206881,0.44419432465335634,0.05528464029167146,0.42086535330869146,0.259114736592976,0.06863438109549866,0.24183769941330002,10.118071555,11.65916729,10.00002003,NA,NA,0.35896554379637635,0.288157799244004,0.28760143399366067,NA,NA,0.4726203295858913,0.416994618401004,0.4459272200998518,NA,NA,0.32515679597845004,0.2265472507477,0.2658449566365,NA,NA
