experiment,vmd_mean,vmd_sd,vmd_median,fpf_mean,fpf_sd,fpf_median,rf_mean,rf_sd,rf_median,efpf_mean,efpf_sd,efpf_median,vmd_A_median,vmd_B_median,vmd_C_median,vmd_D_median,vmd_F_median,fpf_A_median,fpf_B_median,fpf_C_median,fpf_D_median,fpf_F_median,rf_A_median,rf_B_median,rf_C_median,rf_D_median,rf_F_median,efpf_A_median,efpf_B_median,efpf_C_median,efpf_D_median,efpf_F_median
Exp20-1076,32.61730279785714,18.669131474357712,25.11891365,0.17057500476338552,0.026053656073333598,0.1663788017933616,0.22191208533937334,0.035217606250881425,0.21827455338739862,0.14238190313706098,0.022174821988950627,0.14279977083197498,73.208089825,25.11891365,29.28650284,NA,NA,0.16354077817990237,0.169740329347506,0.16109645591579969,NA,NA,0.18141834606983162,0.22416123598817003,0.20884054295714002,NA,NA,0.145807031393075,0.14326434850689998,0.1418484842777,NA,NA
