experiment,vmd_mean,vmd_sd,vmd_median,fpf_mean,fpf_sd,fpf_median,rf_mean,rf_sd,rf_median,efpf_mean,efpf_sd,efpf_median,vmd_A_median,vmd_B_median,vmd_C_median,vmd_D_median,vmd_F_median,fpf_A_median,fpf_B_median,fpf_C_median,fpf_D_median,fpf_F_median,rf_A_median,rf_B_median,rf_C_median,rf_D_median,rf_F_median,efpf_A_median,efpf_B_median,efpf_C_median,efpf_D_median,efpf_F_median
Exp24-1096,31.21144963287072,30.862044216076995,18.4785347,0.09821653402103653,0.035514099705267387,0.09823625408118,0.2351116726334536,0.05849392398518805,0.23898275554181503,0.058763146265559056,0.02919177955910018,0.05474846631292,100.00019836,18.4785347,18.4785347,18.4785347,NA,0.0548889303207,0.0879403665662,0.09908883512016001,0.10769427776334001,NA,0.164796999208634,0.23990339726198,0.23650758728378998,0.24425217270848001,NA,0.0548889303207,0.047865091562220005,0.05600023746481,0.056650285720889995,NA
