experiment,vmd_mean,vmd_sd,vmd_median,fpf_mean,fpf_sd,fpf_median,rf_mean,rf_sd,rf_median,efpf_mean,efpf_sd,efpf_median,vmd_A_median,vmd_B_median,vmd_C_median,vmd_D_median,vmd_F_median,fpf_A_median,fpf_B_median,fpf_C_median,fpf_D_median,fpf_F_median,rf_A_median,rf_B_median,rf_C_median,rf_D_median,rf_F_median,efpf_A_median,efpf_B_median,efpf_C_median,efpf_D_median,efpf_F_median
Exp33-1105,28.880054199137255,25.49753410925691,21.54438972,0.08573472556334559,0.03063324718278703,0.08231244206437999,0.1944043136176608,0.06495998064645138,0.19081256464115998,0.02822985186920722,0.03694111230680278,0.013961981683969999,NA,21.54438972,21.54438972,18.4785347,20.01146221,NA,0.06958103612064,0.080855064168596,0.08391793005165998,0.0905814189836785,NA,0.16825187981129702,0.1856644774787521,0.20387976469471802,0.219490574989476,NA,0.01476870939136,0.01658719271421,0.009576809883154664,0.0061245037242735
