experiment,vmd_mean,vmd_sd,vmd_median,fpf_mean,fpf_sd,fpf_median,rf_mean,rf_sd,rf_median,efpf_mean,efpf_sd,efpf_median,vmd_A_median,vmd_B_median,vmd_C_median,vmd_D_median,vmd_F_median,fpf_A_median,fpf_B_median,fpf_C_median,fpf_D_median,fpf_F_median,rf_A_median,rf_B_median,rf_C_median,rf_D_median,rf_F_median,efpf_A_median,efpf_B_median,efpf_C_median,efpf_D_median,efpf_F_median
Exp39-1019,31.287351790097087,29.14756034477033,21.54438972,0.05427218104964901,0.08013900928455288,0.04361677619281695,0.18935243076740627,0.1603696104223389,0.15742703318597,0.008546731616890233,0.019842140090570625,0,NA,25.11891365,29.28650284,20.01146221,21.54438972,NA,0.062278516590594996,0.05458798781036,0.07085179038344,0.041600747108506475,NA,0.130231562852875,0.1007039238513,0.188736406043205,0.15819067984829002,NA,0.027198484539995002,0.01573800757527,0.015515381842855001,0
