experiment,vmd_mean,vmd_sd,vmd_median,fpf_mean,fpf_sd,fpf_median,rf_mean,rf_sd,rf_median,efpf_mean,efpf_sd,efpf_median,vmd_A_median,vmd_B_median,vmd_C_median,vmd_D_median,vmd_F_median,fpf_A_median,fpf_B_median,fpf_C_median,fpf_D_median,fpf_F_median,rf_A_median,rf_B_median,rf_C_median,rf_D_median,rf_F_median,efpf_A_median,efpf_B_median,efpf_C_median,efpf_D_median,efpf_F_median
Exp24-1006,374.78278357488597,196.98623172001723,464.15979004,0.07182038316775269,0.027630141045790004,0.074293329920619,0.13482893262412302,0.06428035182422566,0.130979308597664,0.05187395421255986,0.020100302219887175,0.0540731754340205,541.17059326,398.10794067,464.15979004,464.15979004,NA,0.039853421673175,0.075104665085682,0.074854530505894,0.07233131833375,NA,0.054388052597634996,0.133896362334463,0.133453617654724,0.124785319268669,NA,0.034168025627735,0.05568759124725,0.054302020166061,0.050768188536162,NA
