experiment,vmd_mean,vmd_sd,vmd_median,fpf_mean,fpf_sd,fpf_median,rf_mean,rf_sd,rf_median,efpf_mean,efpf_sd,efpf_median,vmd_A_median,vmd_B_median,vmd_C_median,vmd_D_median,vmd_F_median,fpf_A_median,fpf_B_median,fpf_C_median,fpf_D_median,fpf_F_median,rf_A_median,rf_B_median,rf_C_median,rf_D_median,rf_F_median,efpf_A_median,efpf_B_median,efpf_C_median,efpf_D_median,efpf_F_median
Exp39-1070,103.6036006123077,215.1818183398554,15.84896278,0.2809840605580392,0.3068877260623987,0.249445782750816,0.3385839069480474,0.3367738605942012,0.338837267011516,0.12252153064196185,0.13934381471443033,0.118813258558522,NA,23.331651685,7.35643721,13.59359074,541.17059326,NA,0.2650000543892765,0.41940958768143,0.221816095262722,0,NA,0.3563022370637265,0.52749749451893,0.307234729677422,0,NA,0.15187080338597647,0.26311657220133,0,0
