experiment,vmd_mean,vmd_sd,vmd_median,fpf_mean,fpf_sd,fpf_median,rf_mean,rf_sd,rf_median,efpf_mean,efpf_sd,efpf_median,vmd_A_median,vmd_B_median,vmd_C_median,vmd_D_median,vmd_F_median,fpf_A_median,fpf_B_median,fpf_C_median,fpf_D_median,fpf_F_median,rf_A_median,rf_B_median,rf_C_median,rf_D_median,rf_F_median,efpf_A_median,efpf_B_median,efpf_C_median,efpf_D_median,efpf_F_median
Exp20-1060,539.3945335738572,32.646817784717115,541.17059326,0.005451196053109577,0.0044043432922847865,0.0044591960124705,0.029222668508600242,0.012414380729414816,0.026258564144373497,8.703508591716667e-6,8.671744947963536e-5,0,586.0645751950001,541.17059326,541.17059326,NA,NA,0.0020540507440447,0.004685692302880001,0.0038464791700199997,NA,NA,0.0142625361238597,0.028436897089711102,0.02446790051646,NA,NA,0,0,0,NA,NA
