experiment,vmd_mean,vmd_sd,vmd_median,fpf_mean,fpf_sd,fpf_median,rf_mean,rf_sd,rf_median,efpf_mean,efpf_sd,efpf_median,vmd_A_median,vmd_B_median,vmd_C_median,vmd_D_median,vmd_F_median,fpf_A_median,fpf_B_median,fpf_C_median,fpf_D_median,fpf_F_median,rf_A_median,rf_B_median,rf_C_median,rf_D_median,rf_F_median,efpf_A_median,efpf_B_median,efpf_C_median,efpf_D_median,efpf_F_median
Exp29-1073,13.893855586318407,1.8861369705778523,13.59359074,0.05987767235619829,0.017379587371860787,0.056300032967739944,0.2703710621957613,0.030859104937188013,0.26867461713181645,0.026493549265949455,0.011308399658650011,0.023935286842884325,13.59359074,13.59359074,13.59359074,13.59359074,NA,0.04650931358344418,0.056728183862681435,0.05561566402105511,0.058999988008223994,NA,0.24507156610494418,0.26563651502142,0.2732652508115574,0.26552331402892,NA,0.02295414447787418,0.02535826683048922,0.02393101922824429,0.022324640750902743,NA
