experiment,vmd_mean,vmd_sd,vmd_median,fpf_mean,fpf_sd,fpf_median,rf_mean,rf_sd,rf_median,efpf_mean,efpf_sd,efpf_median,vmd_A_median,vmd_B_median,vmd_C_median,vmd_D_median,vmd_F_median,fpf_A_median,fpf_B_median,fpf_C_median,fpf_D_median,fpf_F_median,rf_A_median,rf_B_median,rf_C_median,rf_D_median,rf_F_median,efpf_A_median,efpf_B_median,efpf_C_median,efpf_D_median,efpf_F_median
Exp24-1090,15.002753023109245,2.201539717480766,15.84896278,0.12756905531763418,0.04351366918068089,0.121457709223025,0.2908833776696049,0.04445545963341025,0.2860634213313,0.07322447787879902,0.03872008168369009,0.06910089224582,15.84896278,15.84896278,15.84896278,13.59359074,11.65916729,0.19704735383396,0.11836645811797,0.12145834848278,0.12818713009355,0.032571272924598375,0.32008009538056004,0.27621419012549997,0.28433434382079503,0.31184849441053997,0.2913959241659984,0.1469039916992,0.06687767088411001,0.07061140358443,0.06392928361895,0.01037364721300038
