experiment,vmd_mean,vmd_sd,vmd_median,fpf_mean,fpf_sd,fpf_median,rf_mean,rf_sd,rf_median,efpf_mean,efpf_sd,efpf_median,vmd_A_median,vmd_B_median,vmd_C_median,vmd_D_median,vmd_F_median,fpf_A_median,fpf_B_median,fpf_C_median,fpf_D_median,fpf_F_median,rf_A_median,rf_B_median,rf_C_median,rf_D_median,rf_F_median,efpf_A_median,efpf_B_median,efpf_C_median,efpf_D_median,efpf_F_median
Exp33-1044,12.11173408171779,1.1076282092204695,11.65916729,0.15359354798362354,0.055863049754476236,0.146129969358514,0.3591856816899573,0.04796425562504502,0.358797560408667,0.10041454810690965,0.04942686743595962,0.090915812961728,NA,13.59359074,11.65916729,11.65916729,NA,NA,0.12900815125327258,0.15449165299534,0.129982515070568,NA,NA,0.32126194830747257,0.366074595674981,0.35476770233827226,NA,NA,0.08974077057095001,0.09636546283962,0.084828094616527,NA
