experiment,vmd_mean,vmd_sd,vmd_median,fpf_mean,fpf_sd,fpf_median,rf_mean,rf_sd,rf_median,efpf_mean,efpf_sd,efpf_median,vmd_A_median,vmd_B_median,vmd_C_median,vmd_D_median,vmd_F_median,fpf_A_median,fpf_B_median,fpf_C_median,fpf_D_median,fpf_F_median,rf_A_median,rf_B_median,rf_C_median,rf_D_median,rf_F_median,efpf_A_median,efpf_B_median,efpf_C_median,efpf_D_median,efpf_F_median
Exp24-1105,32.483462112048414,30.849954813354604,18.4785347,0.08997188780770025,0.0390643256839334,0.08172980785372,0.21438519360589464,0.06072578288027807,0.2139297107344541,0.03163408981781134,0.04161762501492948,0.01749147117138,100.00019836,18.4785347,18.4785347,18.4785347,13.59359074,0.0791544246674,0.06719331711531,0.07875494658949,0.09795836085453301,0.06986379414784,0.12705760896208,0.202813679426769,0.21207545064383002,0.23209775090221002,0.28976693972971196,0.0791544246674,0.01488687679172,0.017613039165740002,0.01969853803516,0
