experiment,vmd_mean,vmd_sd,vmd_median,fpf_mean,fpf_sd,fpf_median,rf_mean,rf_sd,rf_median,efpf_mean,efpf_sd,efpf_median,vmd_A_median,vmd_B_median,vmd_C_median,vmd_D_median,vmd_F_median,fpf_A_median,fpf_B_median,fpf_C_median,fpf_D_median,fpf_F_median,rf_A_median,rf_B_median,rf_C_median,rf_D_median,rf_F_median,efpf_A_median,efpf_B_median,efpf_C_median,efpf_D_median,efpf_F_median
Exp33-1039,19.87061250898058,4.459441595625524,18.4785347,0.09693063716614979,0.035053893293047055,0.0935435526259055,0.22802861388342008,0.059923504163723475,0.22671839384599374,0.05444925528328713,0.0317873370925059,0.052898222086426756,NA,21.54438972,21.54438972,18.4785347,NA,NA,0.088761462047685,0.100950427800388,0.0832023992668845,NA,NA,0.20228833025319498,0.22140003349624948,0.234396587163201,NA,NA,0.054167859666047,0.058551155674231456,0.043475214540951,NA
