experiment,vmd_mean,vmd_sd,vmd_median,fpf_mean,fpf_sd,fpf_median,rf_mean,rf_sd,rf_median,efpf_mean,efpf_sd,efpf_median,vmd_A_median,vmd_B_median,vmd_C_median,vmd_D_median,vmd_F_median,fpf_A_median,fpf_B_median,fpf_C_median,fpf_D_median,fpf_F_median,rf_A_median,rf_B_median,rf_C_median,rf_D_median,rf_F_median,efpf_A_median,efpf_B_median,efpf_C_median,efpf_D_median,efpf_F_median
Exp29-1047,126.869651959602,178.3789803568638,25.11891365,0.08259284426779297,0.017956556614483303,0.08316123153746807,0.201227788351477,0.040043966686313055,0.2041943349620352,0.0638262083814679,0.016734512673559424,0.065702242292449,34.1455574,25.11891365,21.54438972,25.11891365,NA,0.07090418521838268,0.0827564653801,0.0845661377959823,0.08379406698955824,NA,0.17551250402398266,0.19479621309666442,0.2089566934980582,0.19971060872075,NA,0.05546338070707268,0.06517067785227407,0.06665681328274925,0.06608129066612184,NA
