experiment,vmd_mean,vmd_sd,vmd_median,fpf_mean,fpf_sd,fpf_median,rf_mean,rf_sd,rf_median,efpf_mean,efpf_sd,efpf_median,vmd_A_median,vmd_B_median,vmd_C_median,vmd_D_median,vmd_F_median,fpf_A_median,fpf_B_median,fpf_C_median,fpf_D_median,fpf_F_median,rf_A_median,rf_B_median,rf_C_median,rf_D_median,rf_F_median,efpf_A_median,efpf_B_median,efpf_C_median,efpf_D_median,efpf_F_median
Exp39-1044,12.211859704285713,0.9439019929841769,11.65916729,0.13537105055693363,0.03840761128801528,0.129481690246705,0.33800218826859074,0.04405469795175297,0.355880846604596,0.08771625120359777,0.028488163806823348,0.09492092724889802,NA,11.65916729,13.59359074,11.65916729,NA,NA,0.1773846432194185,0.115528202708861,0.11678570674561803,NA,NA,0.3787615188583685,0.28860159462326096,0.34223619507446806,NA,NA,0.1163782342896185,0.09492092724889802,0.06198378506872415,NA
