experiment,vmd_mean,vmd_sd,vmd_median,fpf_mean,fpf_sd,fpf_median,rf_mean,rf_sd,rf_median,efpf_mean,efpf_sd,efpf_median,vmd_A_median,vmd_B_median,vmd_C_median,vmd_D_median,vmd_F_median,fpf_A_median,fpf_B_median,fpf_C_median,fpf_D_median,fpf_F_median,rf_A_median,rf_B_median,rf_C_median,rf_D_median,rf_F_median,efpf_A_median,efpf_B_median,efpf_C_median,efpf_D_median,efpf_F_median
Exp39-1023,22.46392045642857,6.742973644226516,21.54438972,0.07677736143167274,0.03893974515794407,0.06917546440848299,0.1902599299085713,0.09120618163094336,0.20849833412096624,0.03813802367325485,0.029140719714978894,0.039773598713803,NA,31.71603012,34.1455574,20.01146221,13.59359074,NA,0.068814515797428,0.060020065344882995,0.08889072690158076,0.0438603653014,NA,0.123872630028113,0.095282024182393,0.21563198518003374,0.28298053160319997,NA,0.039773598713803,0.032243096120673,0.050714306533327,0
