experiment,vmd_mean,vmd_sd,vmd_median,fpf_mean,fpf_sd,fpf_median,rf_mean,rf_sd,rf_median,efpf_mean,efpf_sd,efpf_median,vmd_A_median,vmd_B_median,vmd_C_median,vmd_D_median,vmd_F_median,fpf_A_median,fpf_B_median,fpf_C_median,fpf_D_median,fpf_F_median,rf_A_median,rf_B_median,rf_C_median,rf_D_median,rf_F_median,efpf_A_median,efpf_B_median,efpf_C_median,efpf_D_median,efpf_F_median
Exp39-1062,81.27130252421053,162.22901422047437,29.28650284,0.033061478701797924,0.05329045097848177,0.00385474890471,0.10209954455722865,0.1090747302948909,0.05746840804683518,0.007509173932232283,0.0192222835688941,0,NA,36.978176115,34.1455574,27.202708245,29.28650284,NA,0.0019028167799109998,0,0.01883860570408178,0.028546278283970987,NA,0.061079416610326,0.03805686861278,0.08683079696284678,0.02873420405440612,NA,0,0,0,3.3784263181570103e-4
