experiment,vmd_mean,vmd_sd,vmd_median,fpf_mean,fpf_sd,fpf_median,rf_mean,rf_sd,rf_median,efpf_mean,efpf_sd,efpf_median,vmd_A_median,vmd_B_median,vmd_C_median,vmd_D_median,vmd_F_median,fpf_A_median,fpf_B_median,fpf_C_median,fpf_D_median,fpf_F_median,rf_A_median,rf_B_median,rf_C_median,rf_D_median,rf_F_median,efpf_A_median,efpf_B_median,efpf_C_median,efpf_D_median,efpf_F_median
Exp29-1050,119.76261707261084,176.29950217441052,21.54438972,0.09898728251084728,0.03633251847182378,0.1111919739883517,0.21742851787080963,0.047927132079583906,0.2222842529456517,0.08081428734273181,0.037853572090760075,0.09321711014473082,25.11891365,25.11891365,21.54438972,21.54438972,290.490694045,0.10243722705888651,0.10675109135233127,0.11667085356591202,0.0843228476960598,0.06008333581170862,0.20914665608458652,0.21949281322083128,0.2355489462838572,0.1945959394891598,0.14683558630432864,0.08672858631956651,0.08972948665082833,0.09870167070204608,0.05386071744476146,0.025850111568792123
