experiment,vmd_mean,vmd_sd,vmd_median,fpf_mean,fpf_sd,fpf_median,rf_mean,rf_sd,rf_median,efpf_mean,efpf_sd,efpf_median,vmd_A_median,vmd_B_median,vmd_C_median,vmd_D_median,vmd_F_median,fpf_A_median,fpf_B_median,fpf_C_median,fpf_D_median,fpf_F_median,rf_A_median,rf_B_median,rf_C_median,rf_D_median,rf_F_median,efpf_A_median,efpf_B_median,efpf_C_median,efpf_D_median,efpf_F_median
Exp29-1069,198.8693226156784,229.35117229935193,39.81079483,0.16526455447054164,0.13268781799287155,0.170317709110744,0.24846670188613926,0.16169955054400983,0.265466501880314,0.08517106937694767,0.08087373390967366,0.079164240639632,85.76976013,39.81079483,39.81079483,46.963926314999995,541.17059326,0.164820931646931,0.18971325505526898,0.17670986344104,0.04465727779393565,0,0.24161394068963102,0.271394504196969,0.2723078669513545,0.19885788150134778,0.00881112456322,0.080534461233731,0.096538941748369,0.081174924271155,0.0014289127600756514,0
