experiment,vmd_mean,vmd_sd,vmd_median,fpf_mean,fpf_sd,fpf_median,rf_mean,rf_sd,rf_median,efpf_mean,efpf_sd,efpf_median,vmd_A_median,vmd_B_median,vmd_C_median,vmd_D_median,vmd_F_median,fpf_A_median,fpf_B_median,fpf_C_median,fpf_D_median,fpf_F_median,rf_A_median,rf_B_median,rf_C_median,rf_D_median,rf_F_median,efpf_A_median,efpf_B_median,efpf_C_median,efpf_D_median,efpf_F_median
Exp24-1029,17.42686201060852,15.09398837078091,15.84896278,0.17771741979963687,0.04107522239045573,0.17811379462474,0.3175834509222627,0.0581399341797425,0.318009552285024,0.12899526138168524,0.036023570257770525,0.127550452575084,29.28650284,15.84896278,15.84896278,13.59359074,12.626379015,0.1937514515221,0.169447970408892,0.178865457922296,0.18192363783714,0.13194033390615306,0.2552758796513,0.31394315332170497,0.31680334217861,0.33476399049152,0.3200185300666796,0.16301676228641,0.128465709611772,0.12897326707838,0.1247807437181945,0.08108441071009378
