experiment,vmd_mean,vmd_sd,vmd_median,fpf_mean,fpf_sd,fpf_median,rf_mean,rf_sd,rf_median,efpf_mean,efpf_sd,efpf_median,vmd_A_median,vmd_B_median,vmd_C_median,vmd_D_median,vmd_F_median,fpf_A_median,fpf_B_median,fpf_C_median,fpf_D_median,fpf_F_median,rf_A_median,rf_B_median,rf_C_median,rf_D_median,rf_F_median,efpf_A_median,efpf_B_median,efpf_C_median,efpf_D_median,efpf_F_median
Exp33-1084,19.453451480762332,4.2824699087371165,18.4785347,0.06755611254533374,0.021437764226840055,0.06545955568551,0.20249535911939925,0.06161180481862174,0.20481793999669,0.02114073825196726,0.0164030663940972,0.01839730352163,NA,21.54438972,18.4785347,18.4785347,17.163748740000003,NA,0.059358354955899,0.068205322418399,0.06382827091962351,0.07522282317281201,NA,0.17888332538307,0.19608290314670002,0.21693900132550847,0.247116477042462,NA,0.017597033977509998,0.02278231933713,0.01380396157503,0.015443341806533
