experiment,vmd_mean,vmd_sd,vmd_median,fpf_mean,fpf_sd,fpf_median,rf_mean,rf_sd,rf_median,efpf_mean,efpf_sd,efpf_median,vmd_A_median,vmd_B_median,vmd_C_median,vmd_D_median,vmd_F_median,fpf_A_median,fpf_B_median,fpf_C_median,fpf_D_median,fpf_F_median,rf_A_median,rf_B_median,rf_C_median,rf_D_median,rf_F_median,efpf_A_median,efpf_B_median,efpf_C_median,efpf_D_median,efpf_F_median
Exp39-1097,25.768172501875,20.352230773134657,21.54438972,0.05768375320593307,0.02535755649069545,0.063952150922294,0.1778875267342912,0.08204924783529528,0.16888246014720001,0.014642282428689068,0.009764376416477342,0.014268518537285,NA,25.11891365,29.28650284,20.01146221,13.59359074,NA,0.06278019532562,0.045713512524960004,0.07102354479491399,0.05082606752405408,NA,0.12930029824379,0.08723999165004001,0.18950569711629,0.29050210674295407,NA,0.02529155597091,0.01035158269107,0.014268518537285,0.003033120036130085
