experiment,vmd_mean,vmd_sd,vmd_median,fpf_mean,fpf_sd,fpf_median,rf_mean,rf_sd,rf_median,efpf_mean,efpf_sd,efpf_median,vmd_A_median,vmd_B_median,vmd_C_median,vmd_D_median,vmd_F_median,fpf_A_median,fpf_B_median,fpf_C_median,fpf_D_median,fpf_F_median,rf_A_median,rf_B_median,rf_C_median,rf_D_median,rf_F_median,efpf_A_median,efpf_B_median,efpf_C_median,efpf_D_median,efpf_F_median
Exp33-1027,22.51407499226087,23.082391531767776,18.4785347,0.09473363844013176,0.03527142437026076,0.0950066249771315,0.2204745785238397,0.07159619948322271,0.222838346194492,0.05162343253679669,0.031085014537082855,0.0544895052723615,NA,18.4785347,18.4785347,18.4785347,25.11891365,NA,0.09541321940717501,0.105738698467585,0.085821828069197,0.06164042801933227,NA,0.207533034495877,0.221624341905079,0.23234048359097298,0.13362361138566226,NA,0.054874845519656,0.06244064233864802,0.04415434921162767,0.008642931387149515
