experiment,vmd_mean,vmd_sd,vmd_median,fpf_mean,fpf_sd,fpf_median,rf_mean,rf_sd,rf_median,efpf_mean,efpf_sd,efpf_median,vmd_A_median,vmd_B_median,vmd_C_median,vmd_D_median,vmd_F_median,fpf_A_median,fpf_B_median,fpf_C_median,fpf_D_median,fpf_F_median,rf_A_median,rf_B_median,rf_C_median,rf_D_median,rf_F_median,efpf_A_median,efpf_B_median,efpf_C_median,efpf_D_median,efpf_F_median
Exp20-1054,540.3730006612858,29.14302528634947,541.17059326,0.05005149658561744,0.015786224541623137,0.047704709898677505,0.06441392989986312,0.017291844595527205,0.061715311221751,0.033764742692575254,0.015442526166645348,0.032218536632143496,586.0645751950001,541.17059326,541.17059326,NA,NA,0.033603525634388745,0.047683718167244,0.048981437832158,NA,NA,0.03882498848019025,0.06218723941592699,0.061359220128496005,NA,NA,0.02623300655512425,0.032170178908855596,0.033649108726534,NA,NA
