experiment,vmd_mean,vmd_sd,vmd_median,fpf_mean,fpf_sd,fpf_median,rf_mean,rf_sd,rf_median,efpf_mean,efpf_sd,efpf_median,vmd_A_median,vmd_B_median,vmd_C_median,vmd_D_median,vmd_F_median,fpf_A_median,fpf_B_median,fpf_C_median,fpf_D_median,fpf_F_median,rf_A_median,rf_B_median,rf_C_median,rf_D_median,rf_F_median,efpf_A_median,efpf_B_median,efpf_C_median,efpf_D_median,efpf_F_median
Exp39-1114,20.923620250555555,29.36330777649248,9.288497925,0.26512886625335463,0.23292719069681844,0.293449860215245,0.42510105400176196,0.2845587443739901,0.50337048694495,0.041519342614747254,0.04030527736828765,0.034893299192199995,NA,6.38407159,6.30958605,9.288497925,25.11891365,NA,0.38353571727871,0.39337730526900005,0.30406821861869,6.030289550261171e-16,NA,0.63922950103871,0.6138733303544001,0.50337048694495,3.207995545593984e-7,NA,0.08151347234846,0.08581681370729999,0.038199977874775,0
