experiment,vmd_mean,vmd_sd,vmd_median,fpf_mean,fpf_sd,fpf_median,rf_mean,rf_sd,rf_median,efpf_mean,efpf_sd,efpf_median,vmd_A_median,vmd_B_median,vmd_C_median,vmd_D_median,vmd_F_median,fpf_A_median,fpf_B_median,fpf_C_median,fpf_D_median,fpf_F_median,rf_A_median,rf_B_median,rf_C_median,rf_D_median,rf_F_median,efpf_A_median,efpf_B_median,efpf_C_median,efpf_D_median,efpf_F_median
Exp24-1039,14.566911452328483,3.324454979442067,13.59359074,0.18991329655882658,0.053434724678310695,0.18463212564577,0.33966054021749903,0.05771306306464865,0.338683521766176,0.13866851256068966,0.04839331652854852,0.132643881067671,13.59359074,13.59359074,13.59359074,13.59359074,11.65916729,0.29236617535343,0.17953975260249,0.1853146317228685,0.187988052889695,0.1114014191180334,0.38837128370993,0.33350638777016,0.335458609871476,0.358529398282958,0.31413792580365,0.24690384834998,0.132643881067671,0.133873867392515,0.13010020788759652,0.0669306886196364
