experiment,vmd_mean,vmd_sd,vmd_median,fpf_mean,fpf_sd,fpf_median,rf_mean,rf_sd,rf_median,efpf_mean,efpf_sd,efpf_median,vmd_A_median,vmd_B_median,vmd_C_median,vmd_D_median,vmd_F_median,fpf_A_median,fpf_B_median,fpf_C_median,fpf_D_median,fpf_F_median,rf_A_median,rf_B_median,rf_C_median,rf_D_median,rf_F_median,efpf_A_median,efpf_B_median,efpf_C_median,efpf_D_median,efpf_F_median
Exp20-1088,21.185632309000002,3.633923886468525,21.54438972,0.20122669960699902,0.03416934156188504,0.19591416771063136,0.27102709237228356,0.045821880311120916,0.26586436592028995,0.1521446240714549,0.03247842346176219,0.1486509346962,20.483938215000002,21.54438972,21.54438972,NA,NA,0.24410092983387,0.20333895623677,0.19212192792458901,NA,NA,0.2987019718437525,0.27259174704546,0.25724096879367,NA,NA,0.20705386281005,0.14961678504940001,0.1464925575257,NA,NA
