experiment,vmd_mean,vmd_sd,vmd_median,fpf_mean,fpf_sd,fpf_median,rf_mean,rf_sd,rf_median,efpf_mean,efpf_sd,efpf_median,vmd_A_median,vmd_B_median,vmd_C_median,vmd_D_median,vmd_F_median,fpf_A_median,fpf_B_median,fpf_C_median,fpf_D_median,fpf_F_median,rf_A_median,rf_B_median,rf_C_median,rf_D_median,rf_F_median,efpf_A_median,efpf_B_median,efpf_C_median,efpf_D_median,efpf_F_median
Exp24-1070,468.12482356759153,175.54144398050656,541.17059326,0.03427943139152097,0.07428520657198467,0,0.06149579801384235,0.10346452588008757,0.010484525300565999,0.015127409447192952,0.040367704824363186,0,541.17059326,541.17059326,541.17059326,541.17059326,630.95855713,0,0.00632126465439,0,0,0,0,0.05109391823407,0.01867296367883,0,0,0,0,0,0,0
