experiment,vmd_mean,vmd_sd,vmd_median,fpf_mean,fpf_sd,fpf_median,rf_mean,rf_sd,rf_median,efpf_mean,efpf_sd,efpf_median,vmd_A_median,vmd_B_median,vmd_C_median,vmd_D_median,vmd_F_median,fpf_A_median,fpf_B_median,fpf_C_median,fpf_D_median,fpf_F_median,rf_A_median,rf_B_median,rf_C_median,rf_D_median,rf_F_median,efpf_A_median,efpf_B_median,efpf_C_median,efpf_D_median,efpf_F_median
Exp20-1025,190.7501986542381,63.24517776280462,215.44389343,0.1519311150342931,0.029004914466835043,0.145137105844895,0.18168496016030838,0.03406883238372341,0.176207765154565,0.129094880431537,0.025155925297715567,0.12586959350855498,272.02707671999997,215.44389343,215.44389343,NA,NA,0.121215013377381,0.14891809649765,0.14288283370435098,NA,NA,0.137953189499686,0.18072036601603,0.17279505915944998,NA,NA,0.105177610479306,0.12720404289663,0.12416218914090998,NA,NA
