experiment,vmd_mean,vmd_sd,vmd_median,fpf_mean,fpf_sd,fpf_median,rf_mean,rf_sd,rf_median,efpf_mean,efpf_sd,efpf_median,vmd_A_median,vmd_B_median,vmd_C_median,vmd_D_median,vmd_F_median,fpf_A_median,fpf_B_median,fpf_C_median,fpf_D_median,fpf_F_median,rf_A_median,rf_B_median,rf_C_median,rf_D_median,rf_F_median,efpf_A_median,efpf_B_median,efpf_C_median,efpf_D_median,efpf_F_median
Exp33-1037,22.525826940930234,6.157868769410359,21.54438972,0.08777761361579212,0.033533249860583064,0.08565603554242401,0.20992044268743998,0.06427066112886774,0.209398018494385,0.04873326191486648,0.030000151921956437,0.048838058859110994,NA,25.11891365,21.54438972,21.54438972,18.4785347,NA,0.081048441566491,0.0915762497415119,0.078468116298291,0.1107213147891948,NA,0.186219417233828,0.20415769003330203,0.216795674115485,0.2568892821086948,NA,0.049436651170256994,0.054036602489642496,0.03990675364621,0.06708156838080499
