experiment,vmd_mean,vmd_sd,vmd_median,fpf_mean,fpf_sd,fpf_median,rf_mean,rf_sd,rf_median,efpf_mean,efpf_sd,efpf_median,vmd_A_median,vmd_B_median,vmd_C_median,vmd_D_median,vmd_F_median,fpf_A_median,fpf_B_median,fpf_C_median,fpf_D_median,fpf_F_median,rf_A_median,rf_B_median,rf_C_median,rf_D_median,rf_F_median,efpf_A_median,efpf_B_median,efpf_C_median,efpf_D_median,efpf_F_median
Exp39-1063,81.63031371333334,167.33281382695233,23.331651685,0.052061447882215804,0.09637352107944044,0.014633967429405,0.1403149886096782,0.12296699777970622,0.120311138145653,0.0200729161642138,0.05423949241770333,0,NA,36.978176115,34.1455574,21.54438972,25.11891365,NA,0.009219058603050001,0.0010527843982,0.016339303813897997,0.00981303572655,NA,0.092915444821105,0.06424297757451,0.1422286686626527,0.0628248795800034,NA,0,0,0,0
