experiment,vmd_mean,vmd_sd,vmd_median,fpf_mean,fpf_sd,fpf_median,rf_mean,rf_sd,rf_median,efpf_mean,efpf_sd,efpf_median,vmd_A_median,vmd_B_median,vmd_C_median,vmd_D_median,vmd_F_median,fpf_A_median,fpf_B_median,fpf_C_median,fpf_D_median,fpf_F_median,rf_A_median,rf_B_median,rf_C_median,rf_D_median,rf_F_median,efpf_A_median,efpf_B_median,efpf_C_median,efpf_D_median,efpf_F_median
Exp24-1025,46.25994725122772,75.31021364986097,21.54438972,0.13282768070300205,0.03715964012874482,0.13520653876362332,0.2427915842649175,0.07546242442392394,0.24423835888516401,0.09586135874576834,0.028595363608650674,0.098271951675411,215.44389343,21.54438972,21.54438972,21.54438972,12.626379015,0.10580411009489799,0.134227352179561,0.134415391609075,0.141677732542184,0.0668381218751797,0.13986090950664798,0.238424949720441,0.24132677014916448,0.257181787565484,0.3141824834186797,0.088967111930238,0.098909404203295,0.0976737152784935,0.09946429110946195,0.0354754405049697
