experiment,vmd_mean,vmd_sd,vmd_median,fpf_mean,fpf_sd,fpf_median,rf_mean,rf_sd,rf_median,efpf_mean,efpf_sd,efpf_median,vmd_A_median,vmd_B_median,vmd_C_median,vmd_D_median,vmd_F_median,fpf_A_median,fpf_B_median,fpf_C_median,fpf_D_median,fpf_F_median,rf_A_median,rf_B_median,rf_C_median,rf_D_median,rf_F_median,efpf_A_median,efpf_B_median,efpf_C_median,efpf_D_median,efpf_F_median
Exp29-1074,13.789228683930348,1.847420528531373,13.59359074,0.06054041070958657,0.0178649038298427,0.05696148153040177,0.274175758669596,0.030561689393327693,0.2731422407853977,0.026543876079736663,0.011454308645781001,0.02405729532240002,13.59359074,13.59359074,13.59359074,13.59359074,NA,0.04751619116443935,0.057802496887723,0.0556382301729251,0.060482893427810006,NA,0.24942068831103936,0.27132446944717,0.27659653589119515,0.26875857502228,NA,0.02299416781446935,0.02550303302866528,0.024009105993420196,0.02238345108812279,NA
