experiment,vmd_mean,vmd_sd,vmd_median,fpf_mean,fpf_sd,fpf_median,rf_mean,rf_sd,rf_median,efpf_mean,efpf_sd,efpf_median,vmd_A_median,vmd_B_median,vmd_C_median,vmd_D_median,vmd_F_median,fpf_A_median,fpf_B_median,fpf_C_median,fpf_D_median,fpf_F_median,rf_A_median,rf_B_median,rf_C_median,rf_D_median,rf_F_median,efpf_A_median,efpf_B_median,efpf_C_median,efpf_D_median,efpf_F_median
Exp20-1089,18.97923615209524,3.246273049232475,18.4785347,0.21584350952026246,0.035310349740988484,0.21218898021391366,0.2905753548529637,0.04685253130458707,0.2850150170735985,0.16459961587900523,0.03607743362663522,0.16023273468025,17.56899023,18.4785347,18.4785347,NA,NA,0.2612438120507095,0.21684409767397997,0.2070695606340198,NA,NA,0.3234642954357875,0.29142656669023004,0.278392591960601,NA,NA,0.22624241352085,0.1610445058346,0.1595657658577,NA,NA
