experiment,vmd_mean,vmd_sd,vmd_median,fpf_mean,fpf_sd,fpf_median,rf_mean,rf_sd,rf_median,efpf_mean,efpf_sd,efpf_median,vmd_A_median,vmd_B_median,vmd_C_median,vmd_D_median,vmd_F_median,fpf_A_median,fpf_B_median,fpf_C_median,fpf_D_median,fpf_F_median,rf_A_median,rf_B_median,rf_C_median,rf_D_median,rf_F_median,efpf_A_median,efpf_B_median,efpf_C_median,efpf_D_median,efpf_F_median
Exp39-1041,14.506098487272727,2.062379779241814,13.59359074,0.12112948959110846,0.027305145502714148,0.125602467823761,0.2954503688987721,0.055560528606447925,0.295141299441397,0.07239753118513108,0.018584888133231878,0.07371734961868599,NA,17.163748740000003,15.84896278,13.59359074,NA,NA,0.11140542669223999,0.1035508126300232,0.13516206179316917,NA,NA,0.23726635558533998,0.2491797751468232,0.31544341587457847,NA,NA,0.071566909980045,0.07371734961868599,0.07378004879958072,NA
