experiment,vmd_mean,vmd_sd,vmd_median,fpf_mean,fpf_sd,fpf_median,rf_mean,rf_sd,rf_median,efpf_mean,efpf_sd,efpf_median,vmd_A_median,vmd_B_median,vmd_C_median,vmd_D_median,vmd_F_median,fpf_A_median,fpf_B_median,fpf_C_median,fpf_D_median,fpf_F_median,rf_A_median,rf_B_median,rf_C_median,rf_D_median,rf_F_median,efpf_A_median,efpf_B_median,efpf_C_median,efpf_D_median,efpf_F_median
Exp33-1052,155.66911363359685,222.43967071644917,29.28650284,0.04668406385581896,0.017899592032696823,0.0471359873982306,0.13512118131642115,0.0683628641370208,0.131578169167059,0.003289916750329826,0.004559190160149918,0.001677116304636,NA,29.28650284,29.28650284,29.28650284,27.202708245,NA,0.04457766592499499,0.04598558041288399,0.047399085601808,0.054352287579827206,NA,0.127052258923665,0.129797522751784,0.14320548988877202,0.121282194806158,NA,0.0021718134544790003,0.002211936181407,0.0011947428015995,0.0018787396093834499
