experiment,vmd_mean,vmd_sd,vmd_median,fpf_mean,fpf_sd,fpf_median,rf_mean,rf_sd,rf_median,efpf_mean,efpf_sd,efpf_median,vmd_A_median,vmd_B_median,vmd_C_median,vmd_D_median,vmd_F_median,fpf_A_median,fpf_B_median,fpf_C_median,fpf_D_median,fpf_F_median,rf_A_median,rf_B_median,rf_C_median,rf_D_median,rf_F_median,efpf_A_median,efpf_B_median,efpf_C_median,efpf_D_median,efpf_F_median
Exp20-1037,15.82682945804762,3.7798346243210403,15.84896278,0.32896451983520736,0.04670906640703962,0.32753281593320005,0.39567125293243277,0.0527850592979258,0.39317157626140997,0.28094790146038257,0.04352658109425012,0.278559238761555,14.239277365,15.84896278,15.84896278,NA,NA,0.38505642265089,0.33126668155182004,0.32104211363935,NA,NA,0.437784700691745,0.39878504127254,0.39071457877747,NA,NA,0.337430854737875,0.27922525465496,0.27779996007682,NA,NA
