experiment,vmd_mean,vmd_sd,vmd_median,fpf_mean,fpf_sd,fpf_median,rf_mean,rf_sd,rf_median,efpf_mean,efpf_sd,efpf_median,vmd_A_median,vmd_B_median,vmd_C_median,vmd_D_median,vmd_F_median,fpf_A_median,fpf_B_median,fpf_C_median,fpf_D_median,fpf_F_median,rf_A_median,rf_B_median,rf_C_median,rf_D_median,rf_F_median,efpf_A_median,efpf_B_median,efpf_C_median,efpf_D_median,efpf_F_median
Exp20-1081,19.76612273919048,3.006177675061301,18.4785347,0.20983190295331824,0.03150252895057644,0.206282740458795,0.2804687037581419,0.040096847383176606,0.27574963770796,0.15862997114090238,0.028075474488628648,0.15488472938535,23.331651685,18.4785347,21.54438972,NA,NA,0.223840256705925,0.2085594451426,0.200401441156882,NA,NA,0.273964459523575,0.28381135821333,0.26268717624248,NA,NA,0.17592528939250002,0.1555831074713,0.1537236571311,NA,NA
