experiment,vmd_mean,vmd_sd,vmd_median,fpf_mean,fpf_sd,fpf_median,rf_mean,rf_sd,rf_median,efpf_mean,efpf_sd,efpf_median,vmd_A_median,vmd_B_median,vmd_C_median,vmd_D_median,vmd_F_median,fpf_A_median,fpf_B_median,fpf_C_median,fpf_D_median,fpf_F_median,rf_A_median,rf_B_median,rf_C_median,rf_D_median,rf_F_median,efpf_A_median,efpf_B_median,efpf_C_median,efpf_D_median,efpf_F_median
Exp29-1000,148.18318835037346,197.65944919397404,25.11891365,0.05900344885116132,0.03154523834379179,0.05707012894780049,0.1731746332540946,0.06814172915104152,0.179098652415109,0.03652973241572665,0.0180760229884077,0.03771257612480174,34.1455574,29.28650284,21.54438972,25.11891365,29.632235525,0.052715689854916176,0.059349979013193,0.056833072318053304,0.06319629040528908,0.030631366204487497,0.15981667371301617,0.173798925764793,0.1861453906539836,0.19464582586655702,0.08929307247514764,0.036956543329388775,0.040556992366897,0.03778432443550237,0.037050818558214876,0
