experiment,vmd_mean,vmd_sd,vmd_median,fpf_mean,fpf_sd,fpf_median,rf_mean,rf_sd,rf_median,efpf_mean,efpf_sd,efpf_median,vmd_A_median,vmd_B_median,vmd_C_median,vmd_D_median,vmd_F_median,fpf_A_median,fpf_B_median,fpf_C_median,fpf_D_median,fpf_F_median,rf_A_median,rf_B_median,rf_C_median,rf_D_median,rf_F_median,efpf_A_median,efpf_B_median,efpf_C_median,efpf_D_median,efpf_F_median
Exp33-1087,22.418835634418606,5.742245121679627,21.54438972,0.058479646652291224,0.01884092139417323,0.055666180402060006,0.18631520856539996,0.058803586724781365,0.18493866145613003,0.018148258152521773,0.014083820957984985,0.01560055032372,NA,25.11891365,21.54438972,21.54438972,18.4785347,NA,0.04968764767052,0.057727489471440005,0.055305689424229997,0.06474408715964,NA,0.163799536637907,0.17375899761910002,0.1966074909270544,0.22042405933144,NA,0.01526151433586,0.018707599565385,0.011511630266899999,0.01918224900961
