experiment,vmd_mean,vmd_sd,vmd_median,fpf_mean,fpf_sd,fpf_median,rf_mean,rf_sd,rf_median,efpf_mean,efpf_sd,efpf_median,vmd_A_median,vmd_B_median,vmd_C_median,vmd_D_median,vmd_F_median,fpf_A_median,fpf_B_median,fpf_C_median,fpf_D_median,fpf_F_median,rf_A_median,rf_B_median,rf_C_median,rf_D_median,rf_F_median,efpf_A_median,efpf_B_median,efpf_C_median,efpf_D_median,efpf_F_median
Exp33-1013,157.43609889806453,212.71369217221667,29.28650284,0.061311799183106086,0.022289066828406926,0.06373221103106799,0.13834398350312505,0.058527037986364425,0.143356804475234,0.03619949541690658,0.016222942471281667,0.0369493122352356,NA,29.28650284,34.1455574,NA,NA,NA,0.063676568306982,0.064575611297046,NA,NA,NA,0.140553349433486,0.1436779571138735,NA,NA,NA,0.036858564652507,0.037234186340123446,NA,NA
