experiment,vmd_mean,vmd_sd,vmd_median,fpf_mean,fpf_sd,fpf_median,rf_mean,rf_sd,rf_median,efpf_mean,efpf_sd,efpf_median,vmd_A_median,vmd_B_median,vmd_C_median,vmd_D_median,vmd_F_median,fpf_A_median,fpf_B_median,fpf_C_median,fpf_D_median,fpf_F_median,rf_A_median,rf_B_median,rf_C_median,rf_D_median,rf_F_median,efpf_A_median,efpf_B_median,efpf_C_median,efpf_D_median,efpf_F_median
Exp20-1032,15.609464811142857,3.284033569796023,15.84896278,0.33142062559714686,0.04290884409792764,0.328094061166055,0.39636588595603617,0.04646899560231079,0.39358702823523495,0.2825106321268076,0.04026991474778928,0.2784996182472,18.4785347,15.84896278,15.84896278,NA,NA,0.3383339828996,0.32877039581542,0.32524856507791,NA,NA,0.38472754366683,0.39952463716287,0.38480778098111995,NA,NA,0.29546575359981997,0.27862336814398,0.27837586835042,NA,NA
