experiment,vmd_mean,vmd_sd,vmd_median,fpf_mean,fpf_sd,fpf_median,rf_mean,rf_sd,rf_median,efpf_mean,efpf_sd,efpf_median,vmd_A_median,vmd_B_median,vmd_C_median,vmd_D_median,vmd_F_median,fpf_A_median,fpf_B_median,fpf_C_median,fpf_D_median,fpf_F_median,rf_A_median,rf_B_median,rf_C_median,rf_D_median,rf_F_median,efpf_A_median,efpf_B_median,efpf_C_median,efpf_D_median,efpf_F_median
Exp39-1115,17.92957903470588,30.976269285408055,6.30958605,0.36570532406173295,0.2599098944543885,0.36594550728796,0.5685149006098917,0.2690795004287436,0.61083025634271,0.052620079752472466,0.04435573667359294,0.05502985715861,NA,4.8620708,5.41170597,6.83301163,55.829682825,NA,0.4559829090380385,0.44948466360559003,0.37293857440355505,0.10555361114444001,NA,0.8779396055483385,0.67374474108209,0.593784720003535,0.20297863803809002,NA,4.620711442252062e-15,0.11358515322209,0.07392432883382499,0.020415432676690003
