experiment,vmd_mean,vmd_sd,vmd_median,fpf_mean,fpf_sd,fpf_median,rf_mean,rf_sd,rf_median,efpf_mean,efpf_sd,efpf_median,vmd_A_median,vmd_B_median,vmd_C_median,vmd_D_median,vmd_F_median,fpf_A_median,fpf_B_median,fpf_C_median,fpf_D_median,fpf_F_median,rf_A_median,rf_B_median,rf_C_median,rf_D_median,rf_F_median,efpf_A_median,efpf_B_median,efpf_C_median,efpf_D_median,efpf_F_median
Exp24-1047,362.91954471707,202.12290785699557,464.15979004,0.08791188545184472,0.03516420190348988,0.090203445479266,0.14961029742140788,0.07088077788827551,0.147008639574038,0.0711369058675551,0.028702758599981865,0.073323913123473,541.17059326,398.10794067,464.15979004,464.15979004,15.84896278,0.054577243551609006,0.09016207166018,0.09070714005037621,0.089335725456477,0.0093986433139045,0.068916906341909,0.149258010536413,0.148818756639958,0.138660600483435,0.2006689613452045,0.049978749305003005,0.074690403491249,0.07380013093354801,0.072170561775588,0
