experiment,vmd_mean,vmd_sd,vmd_median,fpf_mean,fpf_sd,fpf_median,rf_mean,rf_sd,rf_median,efpf_mean,efpf_sd,efpf_median,vmd_A_median,vmd_B_median,vmd_C_median,vmd_D_median,vmd_F_median,fpf_A_median,fpf_B_median,fpf_C_median,fpf_D_median,fpf_F_median,rf_A_median,rf_B_median,rf_C_median,rf_D_median,rf_F_median,efpf_A_median,efpf_B_median,efpf_C_median,efpf_D_median,efpf_F_median
Exp39-1008,31.825664710999998,9.007073404676127,29.28650284,0.06474971931871142,0.021034025439246835,0.0610835948120713,0.14694087046081342,0.054126202209862195,0.1481736099068195,0.03442663206417476,0.01698041184181702,0.034746349267656504,NA,43.11338806,39.81079483,25.11891365,NA,NA,0.05563525329343699,0.050411958284685005,0.0722751958749224,NA,NA,0.100163130862582,0.080130678005515,0.16576721686856602,NA,NA,0.032069626701997,0.027023367472005,0.0371353823027894,NA
