experiment,vmd_mean,vmd_sd,vmd_median,fpf_mean,fpf_sd,fpf_median,rf_mean,rf_sd,rf_median,efpf_mean,efpf_sd,efpf_median,vmd_A_median,vmd_B_median,vmd_C_median,vmd_D_median,vmd_F_median,fpf_A_median,fpf_B_median,fpf_C_median,fpf_D_median,fpf_F_median,rf_A_median,rf_B_median,rf_C_median,rf_D_median,rf_F_median,efpf_A_median,efpf_B_median,efpf_C_median,efpf_D_median,efpf_F_median
Exp20-1017,536.8911982292983,24.02850072416476,541.17059326,0.06804980427473398,0.016684557922776618,0.065096017867318,0.08055493308525016,0.02035642586166546,0.07793965570627699,0.05925176345501284,0.013971292019778892,0.057450454458592,586.0645751950001,541.17059326,541.17059326,NA,NA,0.045222078929658197,0.065588847286985,0.0665669337473705,NA,NA,0.049993340685032694,0.07793965570627699,0.0792378766462095,NA,NA,0.041298339976934995,0.057532174754891,0.05826123204082201,NA,NA
