experiment,vmd_mean,vmd_sd,vmd_median,fpf_mean,fpf_sd,fpf_median,rf_mean,rf_sd,rf_median,efpf_mean,efpf_sd,efpf_median,vmd_A_median,vmd_B_median,vmd_C_median,vmd_D_median,vmd_F_median,fpf_A_median,fpf_B_median,fpf_C_median,fpf_D_median,fpf_F_median,rf_A_median,rf_B_median,rf_C_median,rf_D_median,rf_F_median,efpf_A_median,efpf_B_median,efpf_C_median,efpf_D_median,efpf_F_median
Exp24-1074,23.219365863509804,22.43646650479149,15.84896278,0.10598820681868432,0.032800220297609754,0.10734259873631,0.24583522912321276,0.06805865340623425,0.251562669574965,0.06330955704150076,0.02698258979452687,0.062762563228605,100.00019836,15.84896278,15.84896278,15.84896278,13.59359074,0.10267569838188217,0.10143316507333999,0.10745609253652001,0.11487003833059001,0.06947660654781,0.11933889715095017,0.24771266967065,0.24883657455439,0.265135200619775,0.28874201267961,0.10267569838188217,0.06101267814634,0.06380997419357999,0.062762563228605,0.02231591224671
