experiment,vmd_mean,vmd_sd,vmd_median,fpf_mean,fpf_sd,fpf_median,rf_mean,rf_sd,rf_median,efpf_mean,efpf_sd,efpf_median,vmd_A_median,vmd_B_median,vmd_C_median,vmd_D_median,vmd_F_median,fpf_A_median,fpf_B_median,fpf_C_median,fpf_D_median,fpf_F_median,rf_A_median,rf_B_median,rf_C_median,rf_D_median,rf_F_median,efpf_A_median,efpf_B_median,efpf_C_median,efpf_D_median,efpf_F_median
Exp20-1059,542.8166838132857,30.737177856483612,541.17059326,0.006800465248646191,0.004709158686418621,0.005691279168242899,0.027657097427385292,0.011346141301075618,0.025441964491044952,1.5087169663666844e-5,9.230908034743689e-5,0,586.0645751950001,541.17059326,541.17059326,NA,NA,0.009211165308957,0.006230713259431,0.004880670420826999,NA,NA,0.028113120049237002,0.027197194993486003,0.023416454736145,NA,NA,0,0,0,NA,NA
