experiment,vmd_mean,vmd_sd,vmd_median,fpf_mean,fpf_sd,fpf_median,rf_mean,rf_sd,rf_median,efpf_mean,efpf_sd,efpf_median,vmd_A_median,vmd_B_median,vmd_C_median,vmd_D_median,vmd_F_median,fpf_A_median,fpf_B_median,fpf_C_median,fpf_D_median,fpf_F_median,rf_A_median,rf_B_median,rf_C_median,rf_D_median,rf_F_median,efpf_A_median,efpf_B_median,efpf_C_median,efpf_D_median,efpf_F_median
Exp39-1051,59.483807899411765,124.57199028675112,25.11891365,0.04820468205390627,0.020446840930785453,0.052467292807953,0.1288217092840504,0.07547032464935734,0.136960491910756,0.0057963090753500165,0.009799357574241642,0.0030823499709330005,NA,43.11338806,39.81079483,25.11891365,19.356252195,NA,0.04279772205743475,0.0440439513523559,0.05535077478497599,0.0549458282441395,NA,0.09022620125205474,0.0708886620600159,0.14780017403422963,0.1745702127368395,NA,0.00880483625921975,0.004090656657935901,0.001293672686442,0.002501577697695
