experiment,vmd_mean,vmd_sd,vmd_median,fpf_mean,fpf_sd,fpf_median,rf_mean,rf_sd,rf_median,efpf_mean,efpf_sd,efpf_median,vmd_A_median,vmd_B_median,vmd_C_median,vmd_D_median,vmd_F_median,fpf_A_median,fpf_B_median,fpf_C_median,fpf_D_median,fpf_F_median,rf_A_median,rf_B_median,rf_C_median,rf_D_median,rf_F_median,efpf_A_median,efpf_B_median,efpf_C_median,efpf_D_median,efpf_F_median
Exp39-1113,25.656898975,27.87164111259887,17.163748740000003,0.15013738195307522,0.16460109372874543,0.143201902657775,0.2771992002613591,0.24076965591512503,0.291094780713375,0.029481683507974112,0.033947317758360074,0.024427653700119997,NA,11.65916729,18.4785347,14.72127676,29.28650284,NA,0.27524209037413,0.1432690672576,0.14755938187252,0,NA,0.45090646520247996,0.2865348701178,0.31682856574667,0,NA,0.06706630960103,0.027236284464600004,0.024427653700119997,0
