experiment,vmd_mean,vmd_sd,vmd_median,fpf_mean,fpf_sd,fpf_median,rf_mean,rf_sd,rf_median,efpf_mean,efpf_sd,efpf_median,vmd_A_median,vmd_B_median,vmd_C_median,vmd_D_median,vmd_F_median,fpf_A_median,fpf_B_median,fpf_C_median,fpf_D_median,fpf_F_median,rf_A_median,rf_B_median,rf_C_median,rf_D_median,rf_F_median,efpf_A_median,efpf_B_median,efpf_C_median,efpf_D_median,efpf_F_median
Exp33-1113,18.855794943036436,24.263212793310146,11.65916729,0.25441303761353473,0.2364521913889998,0.21736371099945,0.39270164357446546,0.2615378113567437,0.41207706391796,0.043566429175078906,0.049681941069858133,0.03562431707978,NA,10.00002003,10.00002003,13.59359074,18.4785347,NA,0.2841867309809,0.26905024886121004,0.1301950243860745,0.02678171336652,NA,0.4849776083231,0.45395947515946,0.3214280990418281,0.16671495854862,NA,0.04465926825996,0.04582375645634,0.012680847216402499,0
