experiment,vmd_mean,vmd_sd,vmd_median,fpf_mean,fpf_sd,fpf_median,rf_mean,rf_sd,rf_median,efpf_mean,efpf_sd,efpf_median,vmd_A_median,vmd_B_median,vmd_C_median,vmd_D_median,vmd_F_median,fpf_A_median,fpf_B_median,fpf_C_median,fpf_D_median,fpf_F_median,rf_A_median,rf_B_median,rf_C_median,rf_D_median,rf_F_median,efpf_A_median,efpf_B_median,efpf_C_median,efpf_D_median,efpf_F_median
Exp20-1073,83.32399931071429,29.491318726878948,100.00019836,0.1366320682399055,0.024635357940257917,0.1335321382190045,0.16145895861958104,0.03381207247666602,0.15394732224982155,0.1329482917882991,0.02221386582239624,0.13058372186524453,100.00019836,100.00019836,100.00019836,NA,NA,0.11164379119855072,0.13541069111312487,0.128704208536314,NA,NA,0.13926917556653523,0.16145022697315842,0.14309135369078066,NA,NA,0.11164379119855072,0.13346477428104636,0.12782650379154964,NA,NA
