experiment,vmd_mean,vmd_sd,vmd_median,fpf_mean,fpf_sd,fpf_median,rf_mean,rf_sd,rf_median,efpf_mean,efpf_sd,efpf_median,vmd_A_median,vmd_B_median,vmd_C_median,vmd_D_median,vmd_F_median,fpf_A_median,fpf_B_median,fpf_C_median,fpf_D_median,fpf_F_median,rf_A_median,rf_B_median,rf_C_median,rf_D_median,rf_F_median,efpf_A_median,efpf_B_median,efpf_C_median,efpf_D_median,efpf_F_median
Exp29-1003,145.71702813063106,190.40260521046525,25.11891365,0.060702290131798786,0.013862803034007592,0.0586921382858625,0.182247448177761,0.03824248892559655,0.1838845563711644,0.04000211952495997,0.010295509130356748,0.039187082182608995,34.1455574,29.28650284,21.54438972,25.11891365,541.17059326,0.052715689854916176,0.059349979013193,0.056833072318053304,0.06319629040528908,0.08341678880153401,0.15981667371301617,0.173798925764793,0.1861453906539836,0.19464582586655702,0.177248324193001,0.036956543329388775,0.040556992366897,0.03778432443550237,0.037050818558214876,0.058558346554633
