experiment,vmd_mean,vmd_sd,vmd_median,fpf_mean,fpf_sd,fpf_median,rf_mean,rf_sd,rf_median,efpf_mean,efpf_sd,efpf_median,vmd_A_median,vmd_B_median,vmd_C_median,vmd_D_median,vmd_F_median,fpf_A_median,fpf_B_median,fpf_C_median,fpf_D_median,fpf_F_median,rf_A_median,rf_B_median,rf_C_median,rf_D_median,rf_F_median,efpf_A_median,efpf_B_median,efpf_C_median,efpf_D_median,efpf_F_median
Exp24-1056,377.78884600314126,200.34006340354404,464.15979004,0.060985791072576956,0.04606247991482563,0.05173826377081602,0.13302860570090028,0.06824500601093181,0.1276988217421425,0.020395817720698376,0.05035639048624816,0.001021306551995,541.17059326,398.10794067,464.15979004,464.15979004,34.1455574,0.039757452448842,0.051039269566490006,0.05233417600388,0.054761593118358,0.03544332331803328,0.054126006504522,0.120611574463462,0.12839073553663,0.129851772971416,0.123187570697672,0.025782494237662,5.81301674247e-4,0.00121737085283,0.002160370741037,0
