experiment,vmd_mean,vmd_sd,vmd_median,fpf_mean,fpf_sd,fpf_median,rf_mean,rf_sd,rf_median,efpf_mean,efpf_sd,efpf_median,vmd_A_median,vmd_B_median,vmd_C_median,vmd_D_median,vmd_F_median,fpf_A_median,fpf_B_median,fpf_C_median,fpf_D_median,fpf_F_median,rf_A_median,rf_B_median,rf_C_median,rf_D_median,rf_F_median,efpf_A_median,efpf_B_median,efpf_C_median,efpf_D_median,efpf_F_median
Exp33-1063,142.7116162028745,215.02036043599676,25.11891365,0.06740652625457898,0.10074596694845141,0.031760269049544,0.1607429627557396,0.1299936407725057,0.13425481885672,0.021896854317944678,0.05906253378075898,0,NA,29.28650284,29.28650284,25.11891365,25.11891365,NA,0.03412885427482,0.03906901411714,0.023592942059010004,0.007787669003010001,NA,0.14705289363871998,0.149431833736759,0.12618021246050387,0.10989182144401,NA,0,0,0,0
