experiment,vmd_mean,vmd_sd,vmd_median,fpf_mean,fpf_sd,fpf_median,rf_mean,rf_sd,rf_median,efpf_mean,efpf_sd,efpf_median,vmd_A_median,vmd_B_median,vmd_C_median,vmd_D_median,vmd_F_median,fpf_A_median,fpf_B_median,fpf_C_median,fpf_D_median,fpf_F_median,rf_A_median,rf_B_median,rf_C_median,rf_D_median,rf_F_median,efpf_A_median,efpf_B_median,efpf_C_median,efpf_D_median,efpf_F_median
Exp33-1026,26.74204986304348,37.00626530600746,18.4785347,0.09052609839214096,0.03481113305770235,0.09332995558162299,0.21284636958656222,0.07371201521456945,0.216497417013142,0.049235990321784794,0.029804485128003825,0.0531019872240795,NA,21.54438972,21.54438972,18.4785347,23.331651685,NA,0.090172400344149,0.10202792952928685,0.08061026374562323,0.041922239971407566,NA,0.193568508625118,0.2158207193157215,0.22658162306988502,0.070313378613226,NA,0.054067441299569,0.059345777183764,0.0429182043927836,0.007289252743885567
