experiment,vmd_mean,vmd_sd,vmd_median,fpf_mean,fpf_sd,fpf_median,rf_mean,rf_sd,rf_median,efpf_mean,efpf_sd,efpf_median,vmd_A_median,vmd_B_median,vmd_C_median,vmd_D_median,vmd_F_median,fpf_A_median,fpf_B_median,fpf_C_median,fpf_D_median,fpf_F_median,rf_A_median,rf_B_median,rf_C_median,rf_D_median,rf_F_median,efpf_A_median,efpf_B_median,efpf_C_median,efpf_D_median,efpf_F_median
Exp39-1052,86.01493194277778,165.83591362825743,27.202708245,0.04924060502252677,0.025760175532180005,0.0554337168345284,0.12464661501213845,0.08158385193380223,0.14051096189474038,0.0033996992520084696,0.003664123261583765,0.0025249466893740996,NA,43.11338806,39.81079483,25.11891365,25.11891365,NA,0.0448469492187755,0.05122990302741,0.061504680258237396,0.06453830152745,NA,0.0931392704834955,0.0791778808087,0.14645330474482393,0.08487967997785001,NA,0.006940083890220499,0.0043302615732,0.0012415933690505,0
