experiment,vmd_mean,vmd_sd,vmd_median,fpf_mean,fpf_sd,fpf_median,rf_mean,rf_sd,rf_median,efpf_mean,efpf_sd,efpf_median,vmd_A_median,vmd_B_median,vmd_C_median,vmd_D_median,vmd_F_median,fpf_A_median,fpf_B_median,fpf_C_median,fpf_D_median,fpf_F_median,rf_A_median,rf_B_median,rf_C_median,rf_D_median,rf_F_median,efpf_A_median,efpf_B_median,efpf_C_median,efpf_D_median,efpf_F_median
Exp24-1061,387.04014576097563,195.23704504513324,464.15979004,0.04743926435327319,0.057915221237466424,0.029498072266630003,0.12150689087103954,0.08858472275094352,0.10423249810935001,0.00734958013194924,0.025272938019245114,0,541.17059326,464.15979004,464.15979004,464.15979004,541.17059326,0.0032935671508370003,0.033806529492177,0.031113950908200003,0.02485204465687,0.014033941403054499,0.020103259235617,0.10963089227675,0.10818496406071,0.093217666521717,0.05567869542660205,0,0,0,0,0
