experiment,vmd_mean,vmd_sd,vmd_median,fpf_mean,fpf_sd,fpf_median,rf_mean,rf_sd,rf_median,efpf_mean,efpf_sd,efpf_median,vmd_A_median,vmd_B_median,vmd_C_median,vmd_D_median,vmd_F_median,fpf_A_median,fpf_B_median,fpf_C_median,fpf_D_median,fpf_F_median,rf_A_median,rf_B_median,rf_C_median,rf_D_median,rf_F_median,efpf_A_median,efpf_B_median,efpf_C_median,efpf_D_median,efpf_F_median
Exp29-1088,13.838003986268657,2.689174400963521,13.59359074,0.060395436002669445,0.018403447056145775,0.055379280559676135,0.27731655754895573,0.03612285862730682,0.2778405052423212,0.025779232966430383,0.010318836723121075,0.02372003078460018,13.59359074,13.59359074,13.59359074,13.59359074,NA,0.04365244820714004,0.0558937531709822,0.05378035808917401,0.06277377247802,NA,0.24692111685864002,0.2760768243856237,0.283637474626329,0.2543799376487601,NA,0.021373102664900036,0.02503184586762,0.02364364862440011,0.02181819081307,NA
