experiment,vmd_mean,vmd_sd,vmd_median,fpf_mean,fpf_sd,fpf_median,rf_mean,rf_sd,rf_median,efpf_mean,efpf_sd,efpf_median,vmd_A_median,vmd_B_median,vmd_C_median,vmd_D_median,vmd_F_median,fpf_A_median,fpf_B_median,fpf_C_median,fpf_D_median,fpf_F_median,rf_A_median,rf_B_median,rf_C_median,rf_D_median,rf_F_median,efpf_A_median,efpf_B_median,efpf_C_median,efpf_D_median,efpf_F_median
Exp24-1059,390.04783149042754,195.60039828884004,464.15979004,0.04081455524336055,0.03345778027154639,0.0349106499925645,0.11388386074011955,0.07612009698953855,0.1029242029041185,0.0012848659029754872,0.003833093332870991,0,541.17059326,464.15979004,464.15979004,464.15979004,40.280769344999996,0.006104737892756,0.03457930423318,0.036681651528939,0.02938564034873974,0.025914016412570996,0.022530011609205997,0.10218443065873199,0.10745645970101,0.094930528961161,0.08008813022639,0,0,0,0,0
