experiment,vmd_mean,vmd_sd,vmd_median,fpf_mean,fpf_sd,fpf_median,rf_mean,rf_sd,rf_median,efpf_mean,efpf_sd,efpf_median,vmd_A_median,vmd_B_median,vmd_C_median,vmd_D_median,vmd_F_median,fpf_A_median,fpf_B_median,fpf_C_median,fpf_D_median,fpf_F_median,rf_A_median,rf_B_median,rf_C_median,rf_D_median,rf_F_median,efpf_A_median,efpf_B_median,efpf_C_median,efpf_D_median,efpf_F_median
Exp29-1100,14.128903006206896,2.0531032721340288,13.59359074,0.07116279839658803,0.02186844113239815,0.06906851023436,0.270493389562549,0.03355365498226591,0.2711443372816,0.02527212202943473,0.012168396406083708,0.0232636356354,13.59359074,13.59359074,13.59359074,13.59359074,15.84896278,0.0626640279591,0.07147304594518,0.068273183256375,0.06833088368181,0.1033294398336765,0.2550278170407,0.27024009510873,0.27396048322315003,0.26356696665284,0.2700731188802265,0.023551769554610004,0.02356266587972,0.023368953168395004,0.01828650236130034,0.0188591443747315
