experiment,vmd_mean,vmd_sd,vmd_median,fpf_mean,fpf_sd,fpf_median,rf_mean,rf_sd,rf_median,efpf_mean,efpf_sd,efpf_median,vmd_A_median,vmd_B_median,vmd_C_median,vmd_D_median,vmd_F_median,fpf_A_median,fpf_B_median,fpf_C_median,fpf_D_median,fpf_F_median,rf_A_median,rf_B_median,rf_C_median,rf_D_median,rf_F_median,efpf_A_median,efpf_B_median,efpf_C_median,efpf_D_median,efpf_F_median
Exp24-1084,15.203108181336033,3.0608634637764722,13.59359074,0.12747688767081847,0.03828147137701559,0.12343722462643,0.2895547121628097,0.04897437884501405,0.29010408893231,0.07218903587847601,0.032282591831465784,0.06896132975811001,18.4785347,15.84896278,13.59359074,13.59359074,13.59359074,0.16474390953777,0.11850299656376001,0.12343722462643,0.13122881829743002,0.10787739336487,0.26079831331967,0.2838511168958,0.28698074385530503,0.30137158900501,0.31083768248562,0.1193937504292,0.06708350181577,0.07078828781849,0.06716410756116,0.047570986151800006
