experiment,vmd_mean,vmd_sd,vmd_median,fpf_mean,fpf_sd,fpf_median,rf_mean,rf_sd,rf_median,efpf_mean,efpf_sd,efpf_median,vmd_A_median,vmd_B_median,vmd_C_median,vmd_D_median,vmd_F_median,fpf_A_median,fpf_B_median,fpf_C_median,fpf_D_median,fpf_F_median,rf_A_median,rf_B_median,rf_C_median,rf_D_median,rf_F_median,efpf_A_median,efpf_B_median,efpf_C_median,efpf_D_median,efpf_F_median
Exp20-1001,536.5268645576596,25.678374256789294,541.17059326,0.06786872842580406,0.017319517766389788,0.065096017867318,0.08041481183881134,0.021082654040832944,0.076778590418369,0.059067528903892386,0.014504442736434756,0.057418345771726005,586.0645751950001,541.17059326,NA,NA,NA,0.045222078929658197,0.065588847286985,NA,NA,NA,0.049993340685032694,0.07793965570627699,NA,NA,NA,0.041298339976934995,0.057532174754891,NA,NA,NA
