experiment,vmd_mean,vmd_sd,vmd_median,fpf_mean,fpf_sd,fpf_median,rf_mean,rf_sd,rf_median,efpf_mean,efpf_sd,efpf_median,vmd_A_median,vmd_B_median,vmd_C_median,vmd_D_median,vmd_F_median,fpf_A_median,fpf_B_median,fpf_C_median,fpf_D_median,fpf_F_median,rf_A_median,rf_B_median,rf_C_median,rf_D_median,rf_F_median,efpf_A_median,efpf_B_median,efpf_C_median,efpf_D_median,efpf_F_median
Exp20-1095,8.911619602809523,1.475730701280859,10.00002003,0.34739861303371555,0.0745284097423235,0.3419746528379365,0.5149818420518062,0.08784011960566046,0.4920367565261847,0.307294247740786,0.08648459642403845,0.28941483736035,7.966706515,10.00002003,8.57697582,NA,NA,0.4271643159701073,0.341878285631468,0.34041805306862566,NA,NA,0.5868043262674623,0.478259847387568,0.51863204598429,NA,NA,0.38922440886485,0.2829184126852,0.30810099899788,NA,NA
