experiment,vmd_mean,vmd_sd,vmd_median,fpf_mean,fpf_sd,fpf_median,rf_mean,rf_sd,rf_median,efpf_mean,efpf_sd,efpf_median,vmd_A_median,vmd_B_median,vmd_C_median,vmd_D_median,vmd_F_median,fpf_A_median,fpf_B_median,fpf_C_median,fpf_D_median,fpf_F_median,rf_A_median,rf_B_median,rf_C_median,rf_D_median,rf_F_median,efpf_A_median,efpf_B_median,efpf_C_median,efpf_D_median,efpf_F_median
Exp33-1004,144.79787720433214,214.59894258986415,29.28650284,0.05673107195800747,0.025012733386644812,0.056674755029377,0.146014934256699,0.07125933243624309,0.143356804475234,0.029247931206083055,0.02093360725908732,0.032414417117835,NA,29.28650284,29.28650284,25.11891365,29.28650284,NA,0.063676568306982,0.065646974109117,0.0485537760040786,0.041150332810366,NA,0.140553349433486,0.14500819586215,0.149775338657191,0.13007008267805203,NA,0.036858564652507,0.037519060445011285,0.027204169854511,0.016988895086101498
