experiment,vmd_mean,vmd_sd,vmd_median,fpf_mean,fpf_sd,fpf_median,rf_mean,rf_sd,rf_median,efpf_mean,efpf_sd,efpf_median,vmd_A_median,vmd_B_median,vmd_C_median,vmd_D_median,vmd_F_median,fpf_A_median,fpf_B_median,fpf_C_median,fpf_D_median,fpf_F_median,rf_A_median,rf_B_median,rf_C_median,rf_D_median,rf_F_median,efpf_A_median,efpf_B_median,efpf_C_median,efpf_D_median,efpf_F_median
Exp33-1057,130.4205738507059,208.20516851701382,25.11891365,0.15437805696612866,0.12520815921982967,0.11533119827516,0.21498500821379796,0.11587298482854817,0.20492643274367603,0.12145057479581124,0.13436262123141038,0.076284875050204,NA,25.11891365,29.28650284,21.54438972,23.331651685,NA,0.142745921686311,0.13659181794154,0.10154325677810735,0.126188033148671,NA,0.19219691041863998,0.20055771514778,0.21046358183706862,0.23127249106061065,NA,0.12378902658820999,0.10756269730628601,0.050141030177478,0.08653959753923299
