experiment,vmd_mean,vmd_sd,vmd_median,fpf_mean,fpf_sd,fpf_median,rf_mean,rf_sd,rf_median,efpf_mean,efpf_sd,efpf_median,vmd_A_median,vmd_B_median,vmd_C_median,vmd_D_median,vmd_F_median,fpf_A_median,fpf_B_median,fpf_C_median,fpf_D_median,fpf_F_median,rf_A_median,rf_B_median,rf_C_median,rf_D_median,rf_F_median,efpf_A_median,efpf_B_median,efpf_C_median,efpf_D_median,efpf_F_median
Exp24-1011,376.9233524540447,183.75537073355855,464.15979004,0.07266547512788521,0.023580046554198156,0.074830571524787,0.13439670965628872,0.05414347833852133,0.133453617654724,0.05289470829478366,0.01718261579329004,0.054547837115834004,541.17059326,398.10794067,464.15979004,464.15979004,NA,0.039853421673175,0.075104665085682,0.074854530505894,0.07351958228276101,NA,0.054388052597634996,0.133896362334463,0.133453617654724,0.1322620173357305,NA,0.034168025627735,0.05568759124725,0.054302020166061,0.051642360538245995,NA
