experiment,vmd_mean,vmd_sd,vmd_median,fpf_mean,fpf_sd,fpf_median,rf_mean,rf_sd,rf_median,efpf_mean,efpf_sd,efpf_median,vmd_A_median,vmd_B_median,vmd_C_median,vmd_D_median,vmd_F_median,fpf_A_median,fpf_B_median,fpf_C_median,fpf_D_median,fpf_F_median,rf_A_median,rf_B_median,rf_C_median,rf_D_median,rf_F_median,efpf_A_median,efpf_B_median,efpf_C_median,efpf_D_median,efpf_F_median
Exp24-1102,31.239683994417295,30.889201704745535,18.4785347,0.1129156617507335,0.036397715080579936,0.112080267220655,0.23581762955090718,0.06668777764431096,0.24364778667689002,0.04545419269619468,0.03259048594816425,0.04251419216392,100.00019836,18.4785347,18.4785347,18.4785347,13.59359074,0.08055710792541568,0.10907403513782,0.11448854446413,0.11042347833514,0.0696559417014785,0.14923890143628568,0.24101002126921997,0.24255237698564,0.25209028780465004,0.3047630131012285,0.08055710792541568,0.042773537635799996,0.043307088911619995,0.03943484604354,0.00792257346213
