experiment,vmd_mean,vmd_sd,vmd_median,fpf_mean,fpf_sd,fpf_median,rf_mean,rf_sd,rf_median,efpf_mean,efpf_sd,efpf_median,vmd_A_median,vmd_B_median,vmd_C_median,vmd_D_median,vmd_F_median,fpf_A_median,fpf_B_median,fpf_C_median,fpf_D_median,fpf_F_median,rf_A_median,rf_B_median,rf_C_median,rf_D_median,rf_F_median,efpf_A_median,efpf_B_median,efpf_C_median,efpf_D_median,efpf_F_median
Exp39-1101,25.51971469117647,19.732572011159544,21.54438972,0.05996159696204908,0.023935238248939884,0.061632879953853,0.16960425517815556,0.08988025622621414,0.16497948221860897,0.005946853822847846,0.008683803452566382,0.00126788765192,NA,23.331651685,29.28650284,20.01146221,19.356252195,NA,0.0680669992044485,0.050109515603361424,0.067650213129817,0.041988792065553504,NA,0.1386635189130985,0.09595327418636142,0.19378691202026269,0.1668736111559335,NA,0.0166906248405535,0.00151681673131142,0.0011359206587050002,0
