experiment,vmd_mean,vmd_sd,vmd_median,fpf_mean,fpf_sd,fpf_median,rf_mean,rf_sd,rf_median,efpf_mean,efpf_sd,efpf_median,vmd_A_median,vmd_B_median,vmd_C_median,vmd_D_median,vmd_F_median,fpf_A_median,fpf_B_median,fpf_C_median,fpf_D_median,fpf_F_median,rf_A_median,rf_B_median,rf_C_median,rf_D_median,rf_F_median,efpf_A_median,efpf_B_median,efpf_C_median,efpf_D_median,efpf_F_median
Exp24-1055,392.2017350839479,195.44593194630946,464.15979004,0.04826743703547388,0.032956306639577146,0.043831814407627796,0.11776412974995577,0.06017601414423051,0.108862358555188,0.012381261549356537,0.035888775824732586,7.37756341696e-4,541.17059326,464.15979004,464.15979004,464.15979004,25.11891365,0.01973117194313524,0.0405730811879,0.044130054004541,0.04496422171589,0.041539438739416,0.03401770762343524,0.10118355289100171,0.10796489389609,0.1149633082281466,0.17869637966149798,0.00738854638475524,6.26604035497e-4,7.550604641439999e-4,0.001054096631706,0
