experiment,vmd_mean,vmd_sd,vmd_median,fpf_mean,fpf_sd,fpf_median,rf_mean,rf_sd,rf_median,efpf_mean,efpf_sd,efpf_median,vmd_A_median,vmd_B_median,vmd_C_median,vmd_D_median,vmd_F_median,fpf_A_median,fpf_B_median,fpf_C_median,fpf_D_median,fpf_F_median,rf_A_median,rf_B_median,rf_C_median,rf_D_median,rf_F_median,efpf_A_median,efpf_B_median,efpf_C_median,efpf_D_median,efpf_F_median
Exp33-1117,38.96301009422908,35.51924926333149,18.4785347,0.1579914894288443,0.12323902531560577,0.19676859468226,0.2985554265207355,0.2381947194494346,0.34862680286173003,0.034240912771709445,0.02802124133326717,0.04055071592321,NA,39.81079483,21.54438972,11.65916729,10.00002003,NA,0.11641984138632999,0.1908578976989,0.209057402014717,0.28480294883253,NA,0.20357544574873,0.32453733056780004,0.41671919234096,0.47762187182903,NA,0.01967942152173,0.04053448021409,0.041177066788135,0.06815465390683
