experiment,vmd_mean,vmd_sd,vmd_median,fpf_mean,fpf_sd,fpf_median,rf_mean,rf_sd,rf_median,efpf_mean,efpf_sd,efpf_median,vmd_A_median,vmd_B_median,vmd_C_median,vmd_D_median,vmd_F_median,fpf_A_median,fpf_B_median,fpf_C_median,fpf_D_median,fpf_F_median,rf_A_median,rf_B_median,rf_C_median,rf_D_median,rf_F_median,efpf_A_median,efpf_B_median,efpf_C_median,efpf_D_median,efpf_F_median
Exp33-1073,23.74974176456522,17.966479070615893,18.4785347,0.06186097168986541,0.020744671498005914,0.061259629875435005,0.1920912789388731,0.06614701510437707,0.191904436051715,0.019954990644444438,0.015844711159236056,0.016511097103365,NA,21.54438972,21.54438972,18.4785347,25.11891365,NA,0.0579543510079,0.0662662985921,0.056932708881789404,0.04488868189091806,NA,0.17197215691215,0.18498602271074,0.20865556180484,0.04494019123773106,NA,0.01801509842277,0.02207533821464,0.01169435292482,1.1236725786386097e-27
