experiment,vmd_mean,vmd_sd,vmd_median,fpf_mean,fpf_sd,fpf_median,rf_mean,rf_sd,rf_median,efpf_mean,efpf_sd,efpf_median,vmd_A_median,vmd_B_median,vmd_C_median,vmd_D_median,vmd_F_median,fpf_A_median,fpf_B_median,fpf_C_median,fpf_D_median,fpf_F_median,rf_A_median,rf_B_median,rf_C_median,rf_D_median,rf_F_median,efpf_A_median,efpf_B_median,efpf_C_median,efpf_D_median,efpf_F_median
Exp33-1089,20.767312099368933,4.487753700310552,21.54438972,0.06203462934365828,0.019963149451898397,0.058815740011585,0.1963843886023497,0.05548489215732049,0.196204690486185,0.019601156321119355,0.015434897423179474,0.016751330792895,NA,21.54438972,21.54438972,18.4785347,NA,NA,0.05253064513206,0.06117394049906072,0.05753621429205013,NA,NA,0.173460392914701,0.18248685579736498,0.20778584212067,NA,NA,0.01683569490909,0.020478098541499998,0.01260356470942,NA
